p,b,f,s,u,r,eq,cash,mtm,real,unreal,fees,n,sett,w,l,trips,wr,dd,roi,mkts,open,t0,t1
sim-b002-001,batch-002,favorite_band,favorite-band-b002-001,nobel_forward,1,10000.0000,10000.0000,0.0000,0.0000,0.0000,0.0000,0,0,0,0,0,,0.0000,0.0000,0,0,,
sim-b002-002,batch-002,favorite_band,favorite-band-b002-002,nobel_forward,1,10000.0000,10000.0000,0.0000,0.0000,0.0000,0.0000,0,0,0,0,0,,0.0000,0.0000,0,0,,
sim-b002-003,batch-002,favorite_band,favorite-band-b002-003,nobel_forward,1,10000.0000,10000.0000,0.0000,0.0000,0.0000,0.0000,0,0,0,0,0,,0.0000,0.0000,0,0,,
sim-b002-004,batch-002,favorite_band,favorite-band-b002-004,nobel_forward,1,10000.0000,10000.0000,0.0000,0.0000,0.0000,0.0000,0,0,0,0,0,,0.0000,0.0000,0,0,,
sim-b002-005,batch-002,favorite_band,favorite-band-b002-005,nobel_forward,1,10000.0000,10000.0000,0.0000,0.0000,0.0000,0.0000,0,0,0,0,0,,0.0000,0.0000,0,0,,
sim-b002-006,batch-002,favorite_band,favorite-band-b002-006,nobel_forward,1,10000.0000,10000.0000,0.0000,0.0000,0.0000,0.0000,0,0,0,0,0,,0.0000,0.0000,0,0,,
sim-b002-007,batch-002,favorite_band,favorite-band-b002-007,nobel_forward,1,10000.0000,10000.0000,0.0000,0.0000,0.0000,0.0000,0,0,0,0,0,,0.0000,0.0000,0,0,,
sim-b002-008,batch-002,favorite_band,favorite-band-b002-008,nobel_forward,1,10000.0000,10000.0000,0.0000,0.0000,0.0000,0.0000,0,0,0,0,0,,0.0000,0.0000,0,0,,
sim-b002-009,batch-002,favorite_band,favorite-band-b002-009,nobel_forward,1,10000.0000,10000.0000,0.0000,0.0000,0.0000,0.0000,0,0,0,0,0,,0.0000,0.0000,0,0,,
sim-b002-010,batch-002,favorite_band,favorite-band-b002-010,nobel_forward,1,10000.0000,10000.0000,0.0000,0.0000,0.0000,0.0000,0,0,0,0,0,,0.0000,0.0000,0,0,,
sim-b002-011,batch-002,favorite_band,favorite-band-b002-011,nobel_forward,1,10000.0000,10000.0000,0.0000,0.0000,0.0000,0.0000,0,0,0,0,0,,0.0000,0.0000,0,0,,
sim-b002-012,batch-002,favorite_band,favorite-band-b002-012,nobel_forward,1,10000.0000,10000.0000,0.0000,0.0000,0.0000,0.0000,0,0,0,0,0,,0.0000,0.0000,0,0,,
sim-b002-013,batch-002,favorite_band,favorite-band-b002-013,nobel_forward,1,10000.0000,10000.0000,0.0000,0.0000,0.0000,0.0000,0,0,0,0,0,,0.0000,0.0000,0,0,,
sim-b002-014,batch-002,favorite_band,favorite-band-b002-014,nobel_forward,1,10000.0000,10000.0000,0.0000,0.0000,0.0000,0.0000,0,0,0,0,0,,0.0000,0.0000,0,0,,
sim-b002-015,batch-002,favorite_band,favorite-band-b002-015,nobel_forward,1,10000.0000,10000.0000,0.0000,0.0000,0.0000,0.0000,0,0,0,0,0,,0.0000,0.0000,0,0,,
sim-b002-016,batch-002,favorite_band,favorite-band-b002-016,nobel_forward,1,10000.0000,10000.0000,0.0000,0.0000,0.0000,0.0000,0,0,0,0,0,,0.0000,0.0000,0,0,,
sim-b002-017,batch-002,favorite_band,favorite-band-b002-017,nobel_forward,1,10000.0000,10000.0000,0.0000,0.0000,0.0000,0.0000,0,0,0,0,0,,0.0000,0.0000,0,0,,
sim-b002-018,batch-002,favorite_band,favorite-band-b002-018,nobel_forward,1,10000.0000,10000.0000,0.0000,0.0000,0.0000,0.0000,0,0,0,0,0,,0.0000,0.0000,0,0,,
sim-b002-019,batch-002,favorite_band,favorite-band-b002-019,nobel_forward,1,10000.0000,10000.0000,0.0000,0.0000,0.0000,0.0000,0,0,0,0,0,,0.0000,0.0000,0,0,,
sim-b002-020,batch-002,favorite_band,favorite-band-b002-020,nobel_forward,1,10000.0000,10000.0000,0.0000,0.0000,0.0000,0.0000,0,0,0,0,0,,0.0000,0.0000,0,0,,
sim-b002-021,batch-002,favorite_band,favorite-band-b002-021,nobel_forward,1,10000.0000,10000.0000,0.0000,0.0000,0.0000,0.0000,0,0,0,0,0,,0.0000,0.0000,0,0,,
sim-b002-022,batch-002,favorite_band,favorite-band-b002-022,nobel_forward,1,10000.0000,10000.0000,0.0000,0.0000,0.0000,0.0000,0,0,0,0,0,,0.0000,0.0000,0,0,,
sim-b002-023,batch-002,favorite_band,favorite-band-b002-023,nobel_forward,1,10000.0000,10000.0000,0.0000,0.0000,0.0000,0.0000,0,0,0,0,0,,0.0000,0.0000,0,0,,
sim-b002-024,batch-002,favorite_band,favorite-band-b002-024,nobel_forward,1,10000.0000,10000.0000,0.0000,0.0000,0.0000,0.0000,0,0,0,0,0,,0.0000,0.0000,0,0,,
sim-b002-025,batch-002,favorite_band,favorite-band-b002-025,nobel_forward,1,10000.0000,10000.0000,0.0000,0.0000,0.0000,0.0000,0,0,0,0,0,,0.0000,0.0000,0,0,,
sim-b002-026,batch-002,favorite_band,favorite-band-b002-026,nobel_forward,1,10000.0000,10000.0000,0.0000,0.0000,0.0000,0.0000,0,0,0,0,0,,0.0000,0.0000,0,0,,
sim-b002-027,batch-002,favorite_band,favorite-band-b002-027,nobel_forward,1,10000.0000,10000.0000,0.0000,0.0000,0.0000,0.0000,0,0,0,0,0,,0.0000,0.0000,0,0,,
sim-b002-028,batch-002,favorite_band,favorite-band-b002-028,nobel_forward,1,10000.0000,10000.0000,0.0000,0.0000,0.0000,0.0000,0,0,0,0,0,,0.0000,0.0000,0,0,,
sim-b002-029,batch-002,favorite_band,favorite-band-b002-029,nobel_forward,1,10000.0000,10000.0000,0.0000,0.0000,0.0000,0.0000,0,0,0,0,0,,0.0000,0.0000,0,0,,
sim-b002-030,batch-002,favorite_band,favorite-band-b002-030,nobel_forward,1,10000.0000,10000.0000,0.0000,0.0000,0.0000,0.0000,0,0,0,0,0,,0.0000,0.0000,0,0,,
sim-b002-031,batch-002,favorite_band,favorite-band-b002-031,nobel_forward,1,10000.0000,10000.0000,0.0000,0.0000,0.0000,0.0000,0,0,0,0,0,,0.0000,0.0000,0,0,,
sim-b002-032,batch-002,favorite_band,favorite-band-b002-032,nobel_forward,1,10000.0000,10000.0000,0.0000,0.0000,0.0000,0.0000,0,0,0,0,0,,0.0000,0.0000,0,0,,
sim-b002-033,batch-002,favorite_band,favorite-band-b002-033,nobel_forward,1,10000.0000,10000.0000,0.0000,0.0000,0.0000,0.0000,0,0,0,0,0,,0.0000,0.0000,0,0,,
sim-b002-034,batch-002,favorite_band,favorite-band-b002-034,nobel_forward,1,10000.0000,10000.0000,0.0000,0.0000,0.0000,0.0000,0,0,0,0,0,,0.0000,0.0000,0,0,,
sim-b002-035,batch-002,favorite_band,favorite-band-b002-035,nobel_forward,1,10000.0000,10000.0000,0.0000,0.0000,0.0000,0.0000,0,0,0,0,0,,0.0000,0.0000,0,0,,
sim-b002-036,batch-002,favorite_band,favorite-band-b002-036,nobel_forward,1,10000.0000,10000.0000,0.0000,0.0000,0.0000,0.0000,0,0,0,0,0,,0.0000,0.0000,0,0,,
sim-b002-037,batch-002,favorite_band,favorite-band-b002-037,nobel_forward,1,10000.0000,10000.0000,0.0000,0.0000,0.0000,0.0000,0,0,0,0,0,,0.0000,0.0000,0,0,,
sim-b002-038,batch-002,favorite_band,favorite-band-b002-038,nobel_forward,1,10000.0000,10000.0000,0.0000,0.0000,0.0000,0.0000,0,0,0,0,0,,0.0000,0.0000,0,0,,
sim-b002-039,batch-002,favorite_band,favorite-band-b002-039,nobel_forward,1,10000.0000,10000.0000,0.0000,0.0000,0.0000,0.0000,0,0,0,0,0,,0.0000,0.0000,0,0,,
sim-b002-040,batch-002,favorite_band,favorite-band-b002-040,nobel_forward,1,10000.0000,10000.0000,0.0000,0.0000,0.0000,0.0000,0,0,0,0,0,,0.0000,0.0000,0,0,,
sim-b002-041,batch-002,favorite_band,favorite-band-b002-041,nobel_forward,1,10000.0000,10000.0000,0.0000,0.0000,0.0000,0.0000,0,0,0,0,0,,0.0000,0.0000,0,0,,
sim-b002-042,batch-002,favorite_band,favorite-band-b002-042,nobel_forward,1,10000.0000,10000.0000,0.0000,0.0000,0.0000,0.0000,0,0,0,0,0,,0.0000,0.0000,0,0,,
sim-b002-043,batch-002,favorite_band,favorite-band-b002-043,nobel_forward,1,10000.0000,10000.0000,0.0000,0.0000,0.0000,0.0000,0,0,0,0,0,,0.0000,0.0000,0,0,,
sim-b002-044,batch-002,favorite_band,favorite-band-b002-044,nobel_forward,1,10000.0000,10000.0000,0.0000,0.0000,0.0000,0.0000,0,0,0,0,0,,0.0000,0.0000,0,0,,
sim-b002-045,batch-002,favorite_band,favorite-band-b002-045,nobel_forward,1,10000.0000,10000.0000,0.0000,0.0000,0.0000,0.0000,0,0,0,0,0,,0.0000,0.0000,0,0,,
sim-b002-046,batch-002,favorite_band,favorite-band-b002-046,nobel_forward,1,10000.0000,10000.0000,0.0000,0.0000,0.0000,0.0000,0,0,0,0,0,,0.0000,0.0000,0,0,,
sim-b002-047,batch-002,favorite_band,favorite-band-b002-047,nobel_forward,1,10000.0000,10000.0000,0.0000,0.0000,0.0000,0.0000,0,0,0,0,0,,0.0000,0.0000,0,0,,
sim-b002-048,batch-002,favorite_band,favorite-band-b002-048,nobel_forward,1,10000.0000,10000.0000,0.0000,0.0000,0.0000,0.0000,0,0,0,0,0,,0.0000,0.0000,0,0,,
sim-b002-049,batch-002,favorite_band,favorite-band-b002-049,nobel_forward,1,10000.0000,10000.0000,0.0000,0.0000,0.0000,0.0000,0,0,0,0,0,,0.0000,0.0000,0,0,,
sim-b002-050,batch-002,favorite_band,favorite-band-b002-050,nobel_forward,1,10000.0000,10000.0000,0.0000,0.0000,0.0000,0.0000,0,0,0,0,0,,0.0000,0.0000,0,0,,
sim-b002-051,batch-002,favorite_band,favorite-band-b002-051,nobel_forward,1,10000.0000,10000.0000,0.0000,0.0000,0.0000,0.0000,0,0,0,0,0,,0.0000,0.0000,0,0,,
sim-b002-052,batch-002,favorite_band,favorite-band-b002-052,nobel_forward,1,10000.0000,10000.0000,0.0000,0.0000,0.0000,0.0000,0,0,0,0,0,,0.0000,0.0000,0,0,,
sim-b002-053,batch-002,favorite_band,favorite-band-b002-053,nobel_forward,1,10000.0000,10000.0000,0.0000,0.0000,0.0000,0.0000,0,0,0,0,0,,0.0000,0.0000,0,0,,
sim-b002-054,batch-002,favorite_band,favorite-band-b002-054,nobel_forward,1,10000.0000,10000.0000,0.0000,0.0000,0.0000,0.0000,0,0,0,0,0,,0.0000,0.0000,0,0,,
sim-b002-055,batch-002,favorite_band,favorite-band-b002-055,nobel_forward,1,10000.0000,10000.0000,0.0000,0.0000,0.0000,0.0000,0,0,0,0,0,,0.0000,0.0000,0,0,,
sim-b002-056,batch-002,favorite_band,favorite-band-b002-056,nobel_forward,1,10000.0000,10000.0000,0.0000,0.0000,0.0000,0.0000,0,0,0,0,0,,0.0000,0.0000,0,0,,
sim-b002-057,batch-002,favorite_band,favorite-band-b002-057,nobel_forward,1,10000.0000,10000.0000,0.0000,0.0000,0.0000,0.0000,0,0,0,0,0,,0.0000,0.0000,0,0,,
sim-b002-058,batch-002,favorite_band,favorite-band-b002-058,nobel_forward,1,10000.0000,10000.0000,0.0000,0.0000,0.0000,0.0000,0,0,0,0,0,,0.0000,0.0000,0,0,,
sim-b002-059,batch-002,favorite_band,favorite-band-b002-059,nobel_forward,1,10000.0000,10000.0000,0.0000,0.0000,0.0000,0.0000,0,0,0,0,0,,0.0000,0.0000,0,0,,
sim-b002-060,batch-002,favorite_band,favorite-band-b002-060,nobel_forward,1,10000.0000,10000.0000,0.0000,0.0000,0.0000,0.0000,0,0,0,0,0,,0.0000,0.0000,0,0,,
sim-b002-061,batch-002,favorite_band,favorite-band-b002-061,nobel_forward,1,10000.0000,10000.0000,0.0000,0.0000,0.0000,0.0000,0,0,0,0,0,,0.0000,0.0000,0,0,,
sim-b002-062,batch-002,favorite_band,favorite-band-b002-062,nobel_forward,1,10000.0000,10000.0000,0.0000,0.0000,0.0000,0.0000,0,0,0,0,0,,0.0000,0.0000,0,0,,
sim-b002-063,batch-002,favorite_band,favorite-band-b002-063,nobel_forward,1,10000.0000,10000.0000,0.0000,0.0000,0.0000,0.0000,0,0,0,0,0,,0.0000,0.0000,0,0,,
sim-b002-064,batch-002,favorite_band,favorite-band-b002-064,nobel_forward,1,10000.0000,10000.0000,0.0000,0.0000,0.0000,0.0000,0,0,0,0,0,,0.0000,0.0000,0,0,,
sim-b002-065,batch-002,favorite_band,favorite-band-b002-065,nobel_forward,1,10000.0000,10000.0000,0.0000,0.0000,0.0000,0.0000,0,0,0,0,0,,0.0000,0.0000,0,0,,
sim-b002-066,batch-002,favorite_band,favorite-band-b002-066,nobel_forward,1,10000.0000,10000.0000,0.0000,0.0000,0.0000,0.0000,0,0,0,0,0,,0.0000,0.0000,0,0,,
sim-b002-067,batch-002,favorite_band,favorite-band-b002-067,nobel_forward,1,10000.0000,10000.0000,0.0000,0.0000,0.0000,0.0000,0,0,0,0,0,,0.0000,0.0000,0,0,,
sim-b002-068,batch-002,favorite_band,favorite-band-b002-068,nobel_forward,1,10000.0000,10000.0000,0.0000,0.0000,0.0000,0.0000,0,0,0,0,0,,0.0000,0.0000,0,0,,
sim-b002-069,batch-002,favorite_band,favorite-band-b002-069,nobel_forward,1,10000.0000,10000.0000,0.0000,0.0000,0.0000,0.0000,0,0,0,0,0,,0.0000,0.0000,0,0,,
sim-b002-070,batch-002,favorite_band,favorite-band-b002-070,nobel_forward,1,10000.0000,10000.0000,0.0000,0.0000,0.0000,0.0000,0,0,0,0,0,,0.0000,0.0000,0,0,,
sim-b002-071,batch-002,favorite_band,favorite-band-b002-071,nobel_forward,1,10000.0000,10000.0000,0.0000,0.0000,0.0000,0.0000,0,0,0,0,0,,0.0000,0.0000,0,0,,
sim-b002-072,batch-002,favorite_band,favorite-band-b002-072,nobel_forward,1,10000.0000,10000.0000,0.0000,0.0000,0.0000,0.0000,0,0,0,0,0,,0.0000,0.0000,0,0,,
sim-b002-073,batch-002,favorite_band,favorite-band-b002-073,nobel_forward,1,10000.0000,10000.0000,0.0000,0.0000,0.0000,0.0000,0,0,0,0,0,,0.0000,0.0000,0,0,,
sim-b002-074,batch-002,favorite_band,favorite-band-b002-074,nobel_forward,1,10000.0000,10000.0000,0.0000,0.0000,0.0000,0.0000,0,0,0,0,0,,0.0000,0.0000,0,0,,
sim-b002-075,batch-002,favorite_band,favorite-band-b002-075,nobel_forward,1,10000.0000,10000.0000,0.0000,0.0000,0.0000,0.0000,0,0,0,0,0,,0.0000,0.0000,0,0,,
sim-b002-076,batch-002,favorite_band,favorite-band-b002-076,nobel_forward,1,10000.0000,10000.0000,0.0000,0.0000,0.0000,0.0000,0,0,0,0,0,,0.0000,0.0000,0,0,,
sim-b002-077,batch-002,favorite_band,favorite-band-b002-077,nobel_forward,1,10000.0000,10000.0000,0.0000,0.0000,0.0000,0.0000,0,0,0,0,0,,0.0000,0.0000,0,0,,
sim-b002-078,batch-002,favorite_band,favorite-band-b002-078,nobel_forward,1,10000.0000,10000.0000,0.0000,0.0000,0.0000,0.0000,0,0,0,0,0,,0.0000,0.0000,0,0,,
sim-b002-079,batch-002,favorite_band,favorite-band-b002-079,nobel_forward,1,10000.0000,10000.0000,0.0000,0.0000,0.0000,0.0000,0,0,0,0,0,,0.0000,0.0000,0,0,,
sim-b002-080,batch-002,favorite_band,favorite-band-b002-080,nobel_forward,1,10000.0000,10000.0000,0.0000,0.0000,0.0000,0.0000,0,0,0,0,0,,0.0000,0.0000,0,0,,
sim-b002-081,batch-002,favorite_band,favorite-band-b002-081,nobel_forward,1,10000.0000,10000.0000,0.0000,0.0000,0.0000,0.0000,0,0,0,0,0,,0.0000,0.0000,0,0,,
sim-b002-082,batch-002,favorite_band,favorite-band-b002-082,nobel_forward,1,10000.0000,10000.0000,0.0000,0.0000,0.0000,0.0000,0,0,0,0,0,,0.0000,0.0000,0,0,,
sim-b002-083,batch-002,favorite_band,favorite-band-b002-083,nobel_forward,1,10000.0000,10000.0000,0.0000,0.0000,0.0000,0.0000,0,0,0,0,0,,0.0000,0.0000,0,0,,
sim-b002-084,batch-002,favorite_band,favorite-band-b002-084,nobel_forward,1,10000.0000,10000.0000,0.0000,0.0000,0.0000,0.0000,0,0,0,0,0,,0.0000,0.0000,0,0,,
sim-b002-085,batch-002,favorite_band,favorite-band-b002-085,nobel_forward,1,10000.0000,10000.0000,0.0000,0.0000,0.0000,0.0000,0,0,0,0,0,,0.0000,0.0000,0,0,,
sim-b002-086,batch-002,favorite_band,favorite-band-b002-086,nobel_forward,1,10000.0000,10000.0000,0.0000,0.0000,0.0000,0.0000,0,0,0,0,0,,0.0000,0.0000,0,0,,
sim-b002-087,batch-002,favorite_band,favorite-band-b002-087,nobel_forward,1,10000.0000,10000.0000,0.0000,0.0000,0.0000,0.0000,0,0,0,0,0,,0.0000,0.0000,0,0,,
sim-b002-088,batch-002,favorite_band,favorite-band-b002-088,nobel_forward,1,10000.0000,10000.0000,0.0000,0.0000,0.0000,0.0000,0,0,0,0,0,,0.0000,0.0000,0,0,,
sim-b002-089,batch-002,favorite_band,favorite-band-b002-089,nobel_forward,1,10000.0000,10000.0000,0.0000,0.0000,0.0000,0.0000,0,0,0,0,0,,0.0000,0.0000,0,0,,
sim-b002-090,batch-002,favorite_band,favorite-band-b002-090,nobel_forward,1,10000.0000,10000.0000,0.0000,0.0000,0.0000,0.0000,0,0,0,0,0,,0.0000,0.0000,0,0,,
sim-b002-091,batch-002,favorite_band,favorite-band-b002-091,nobel_forward,1,10000.0000,10000.0000,0.0000,0.0000,0.0000,0.0000,0,0,0,0,0,,0.0000,0.0000,0,0,,
sim-b002-092,batch-002,favorite_band,favorite-band-b002-092,nobel_forward,1,10000.0000,10000.0000,0.0000,0.0000,0.0000,0.0000,0,0,0,0,0,,0.0000,0.0000,0,0,,
sim-b002-093,batch-002,favorite_band,favorite-band-b002-093,nobel_forward,1,10000.0000,10000.0000,0.0000,0.0000,0.0000,0.0000,0,0,0,0,0,,0.0000,0.0000,0,0,,
sim-b002-094,batch-002,favorite_band,favorite-band-b002-094,nobel_forward,1,10000.0000,10000.0000,0.0000,0.0000,0.0000,0.0000,0,0,0,0,0,,0.0000,0.0000,0,0,,
sim-b002-095,batch-002,favorite_band,favorite-band-b002-095,nobel_forward,1,10000.0000,10000.0000,0.0000,0.0000,0.0000,0.0000,0,0,0,0,0,,0.0000,0.0000,0,0,,
sim-b002-096,batch-002,favorite_band,favorite-band-b002-096,nobel_forward,1,10000.0000,10000.0000,0.0000,0.0000,0.0000,0.0000,0,0,0,0,0,,0.0000,0.0000,0,0,,
sim-b002-097,batch-002,favorite_band,favorite-band-b002-097,nobel_forward,1,10000.0000,10000.0000,0.0000,0.0000,0.0000,0.0000,0,0,0,0,0,,0.0000,0.0000,0,0,,
sim-b002-098,batch-002,favorite_band,favorite-band-b002-098,nobel_forward,1,10000.0000,10000.0000,0.0000,0.0000,0.0000,0.0000,0,0,0,0,0,,0.0000,0.0000,0,0,,
sim-b002-099,batch-002,favorite_band,favorite-band-b002-099,nobel_forward,1,10000.0000,10000.0000,0.0000,0.0000,0.0000,0.0000,0,0,0,0,0,,0.0000,0.0000,0,0,,
sim-b002-100,batch-002,favorite_band,favorite-band-b002-100,nobel_forward,1,10000.0000,10000.0000,0.0000,0.0000,0.0000,0.0000,0,0,0,0,0,,0.0000,0.0000,0,0,,
sim-b007-001,batch-007,favorite_exit,favorite-exit-b007-001,nobel_forward,1,10000.0000,10000.0000,0.0000,0.0000,0.0000,0.0000,0,0,0,0,0,,0.0000,0.0000,0,0,,
sim-b007-002,batch-007,favorite_exit,favorite-exit-b007-002,nobel_forward,1,10000.0000,10000.0000,0.0000,0.0000,0.0000,0.0000,0,0,0,0,0,,0.0000,0.0000,0,0,,
sim-b007-003,batch-007,favorite_exit,favorite-exit-b007-003,nobel_forward,1,10000.0000,10000.0000,0.0000,0.0000,0.0000,0.0000,0,0,0,0,0,,0.0000,0.0000,0,0,,
sim-b007-004,batch-007,favorite_exit,favorite-exit-b007-004,nobel_forward,1,10000.0000,10000.0000,0.0000,0.0000,0.0000,0.0000,0,0,0,0,0,,0.0000,0.0000,0,0,,
sim-b007-005,batch-007,favorite_exit,favorite-exit-b007-005,nobel_forward,1,10000.0000,10000.0000,0.0000,0.0000,0.0000,0.0000,0,0,0,0,0,,0.0000,0.0000,0,0,,
sim-b007-006,batch-007,favorite_exit,favorite-exit-b007-006,nobel_forward,1,10000.0000,10000.0000,0.0000,0.0000,0.0000,0.0000,0,0,0,0,0,,0.0000,0.0000,0,0,,
sim-b007-007,batch-007,favorite_exit,favorite-exit-b007-007,nobel_forward,1,10000.0000,10000.0000,0.0000,0.0000,0.0000,0.0000,0,0,0,0,0,,0.0000,0.0000,0,0,,
sim-b007-008,batch-007,favorite_exit,favorite-exit-b007-008,nobel_forward,1,10000.0000,10000.0000,0.0000,0.0000,0.0000,0.0000,0,0,0,0,0,,0.0000,0.0000,0,0,,
sim-b007-009,batch-007,favorite_exit,favorite-exit-b007-009,nobel_forward,1,10000.0000,10000.0000,0.0000,0.0000,0.0000,0.0000,0,0,0,0,0,,0.0000,0.0000,0,0,,
sim-b007-010,batch-007,favorite_exit,favorite-exit-b007-010,nobel_forward,1,10000.0000,10000.0000,0.0000,0.0000,0.0000,0.0000,0,0,0,0,0,,0.0000,0.0000,0,0,,
sim-b007-011,batch-007,favorite_exit,favorite-exit-b007-011,nobel_forward,1,10000.0000,10000.0000,0.0000,0.0000,0.0000,0.0000,0,0,0,0,0,,0.0000,0.0000,0,0,,
sim-b007-012,batch-007,favorite_exit,favorite-exit-b007-012,nobel_forward,1,10000.0000,10000.0000,0.0000,0.0000,0.0000,0.0000,0,0,0,0,0,,0.0000,0.0000,0,0,,
sim-b007-013,batch-007,favorite_exit,favorite-exit-b007-013,nobel_forward,1,10000.0000,10000.0000,0.0000,0.0000,0.0000,0.0000,0,0,0,0,0,,0.0000,0.0000,0,0,,
sim-b007-014,batch-007,favorite_exit,favorite-exit-b007-014,nobel_forward,1,10000.0000,10000.0000,0.0000,0.0000,0.0000,0.0000,0,0,0,0,0,,0.0000,0.0000,0,0,,
sim-b007-015,batch-007,favorite_exit,favorite-exit-b007-015,nobel_forward,1,10000.0000,10000.0000,0.0000,0.0000,0.0000,0.0000,0,0,0,0,0,,0.0000,0.0000,0,0,,
sim-b007-016,batch-007,favorite_exit,favorite-exit-b007-016,nobel_forward,1,10000.0000,10000.0000,0.0000,0.0000,0.0000,0.0000,0,0,0,0,0,,0.0000,0.0000,0,0,,
sim-b007-017,batch-007,favorite_exit,favorite-exit-b007-017,nobel_forward,1,10000.0000,10000.0000,0.0000,0.0000,0.0000,0.0000,0,0,0,0,0,,0.0000,0.0000,0,0,,
sim-b007-018,batch-007,favorite_exit,favorite-exit-b007-018,nobel_forward,1,10000.0000,10000.0000,0.0000,0.0000,0.0000,0.0000,0,0,0,0,0,,0.0000,0.0000,0,0,,
sim-b007-019,batch-007,favorite_exit,favorite-exit-b007-019,nobel_forward,1,10000.0000,10000.0000,0.0000,0.0000,0.0000,0.0000,0,0,0,0,0,,0.0000,0.0000,0,0,,
sim-b007-020,batch-007,favorite_exit,favorite-exit-b007-020,nobel_forward,1,10000.0000,10000.0000,0.0000,0.0000,0.0000,0.0000,0,0,0,0,0,,0.0000,0.0000,0,0,,
sim-b007-021,batch-007,stop_loss_favorite,stop-loss-favorite-b007-021,nobel_forward,1,10000.0000,10000.0000,0.0000,0.0000,0.0000,0.0000,0,0,0,0,0,,0.0000,0.0000,0,0,,
sim-b007-022,batch-007,stop_loss_favorite,stop-loss-favorite-b007-022,nobel_forward,1,10000.0000,10000.0000,0.0000,0.0000,0.0000,0.0000,0,0,0,0,0,,0.0000,0.0000,0,0,,
sim-b007-023,batch-007,stop_loss_favorite,stop-loss-favorite-b007-023,nobel_forward,1,10000.0000,10000.0000,0.0000,0.0000,0.0000,0.0000,0,0,0,0,0,,0.0000,0.0000,0,0,,
sim-b007-024,batch-007,stop_loss_favorite,stop-loss-favorite-b007-024,nobel_forward,1,10000.0000,10000.0000,0.0000,0.0000,0.0000,0.0000,0,0,0,0,0,,0.0000,0.0000,0,0,,
sim-b007-025,batch-007,stop_loss_favorite,stop-loss-favorite-b007-025,nobel_forward,1,10000.0000,10000.0000,0.0000,0.0000,0.0000,0.0000,0,0,0,0,0,,0.0000,0.0000,0,0,,
sim-b007-026,batch-007,stop_loss_favorite,stop-loss-favorite-b007-026,nobel_forward,1,10000.0000,10000.0000,0.0000,0.0000,0.0000,0.0000,0,0,0,0,0,,0.0000,0.0000,0,0,,
sim-b007-027,batch-007,stop_loss_favorite,stop-loss-favorite-b007-027,nobel_forward,1,10000.0000,10000.0000,0.0000,0.0000,0.0000,0.0000,0,0,0,0,0,,0.0000,0.0000,0,0,,
sim-b007-028,batch-007,stop_loss_favorite,stop-loss-favorite-b007-028,nobel_forward,1,10000.0000,10000.0000,0.0000,0.0000,0.0000,0.0000,0,0,0,0,0,,0.0000,0.0000,0,0,,
sim-b007-029,batch-007,stop_loss_favorite,stop-loss-favorite-b007-029,nobel_forward,1,10000.0000,10000.0000,0.0000,0.0000,0.0000,0.0000,0,0,0,0,0,,0.0000,0.0000,0,0,,
sim-b007-030,batch-007,stop_loss_favorite,stop-loss-favorite-b007-030,nobel_forward,1,10000.0000,10000.0000,0.0000,0.0000,0.0000,0.0000,0,0,0,0,0,,0.0000,0.0000,0,0,,
sim-b007-031,batch-007,stop_loss_favorite,stop-loss-favorite-b007-031,nobel_forward,1,10000.0000,10000.0000,0.0000,0.0000,0.0000,0.0000,0,0,0,0,0,,0.0000,0.0000,0,0,,
sim-b007-032,batch-007,stop_loss_favorite,stop-loss-favorite-b007-032,nobel_forward,1,10000.0000,10000.0000,0.0000,0.0000,0.0000,0.0000,0,0,0,0,0,,0.0000,0.0000,0,0,,
sim-b007-033,batch-007,stop_loss_favorite,stop-loss-favorite-b007-033,nobel_forward,1,10000.0000,10000.0000,0.0000,0.0000,0.0000,0.0000,0,0,0,0,0,,0.0000,0.0000,0,0,,
sim-b007-034,batch-007,stop_loss_favorite,stop-loss-favorite-b007-034,nobel_forward,1,10000.0000,10000.0000,0.0000,0.0000,0.0000,0.0000,0,0,0,0,0,,0.0000,0.0000,0,0,,
sim-b007-035,batch-007,stop_loss_favorite,stop-loss-favorite-b007-035,nobel_forward,1,10000.0000,10000.0000,0.0000,0.0000,0.0000,0.0000,0,0,0,0,0,,0.0000,0.0000,0,0,,
sim-b007-036,batch-007,stop_loss_favorite,stop-loss-favorite-b007-036,nobel_forward,1,10000.0000,10000.0000,0.0000,0.0000,0.0000,0.0000,0,0,0,0,0,,0.0000,0.0000,0,0,,
sim-b007-037,batch-007,stop_loss_favorite,stop-loss-favorite-b007-037,nobel_forward,1,10000.0000,10000.0000,0.0000,0.0000,0.0000,0.0000,0,0,0,0,0,,0.0000,0.0000,0,0,,
sim-b007-038,batch-007,stop_loss_favorite,stop-loss-favorite-b007-038,nobel_forward,1,10000.0000,10000.0000,0.0000,0.0000,0.0000,0.0000,0,0,0,0,0,,0.0000,0.0000,0,0,,
sim-b007-039,batch-007,stop_loss_favorite,stop-loss-favorite-b007-039,nobel_forward,1,10000.0000,10000.0000,0.0000,0.0000,0.0000,0.0000,0,0,0,0,0,,0.0000,0.0000,0,0,,
sim-b007-040,batch-007,stop_loss_favorite,stop-loss-favorite-b007-040,nobel_forward,1,10000.0000,10000.0000,0.0000,0.0000,0.0000,0.0000,0,0,0,0,0,,0.0000,0.0000,0,0,,
sim-b007-041,batch-007,stop_loss_favorite,stop-loss-favorite-b007-041,nobel_forward,1,10000.0000,10000.0000,0.0000,0.0000,0.0000,0.0000,0,0,0,0,0,,0.0000,0.0000,0,0,,
sim-b007-042,batch-007,stop_loss_favorite,stop-loss-favorite-b007-042,nobel_forward,1,10000.0000,10000.0000,0.0000,0.0000,0.0000,0.0000,0,0,0,0,0,,0.0000,0.0000,0,0,,
sim-b007-043,batch-007,stop_loss_favorite,stop-loss-favorite-b007-043,nobel_forward,1,10000.0000,10000.0000,0.0000,0.0000,0.0000,0.0000,0,0,0,0,0,,0.0000,0.0000,0,0,,
sim-b007-044,batch-007,stop_loss_favorite,stop-loss-favorite-b007-044,nobel_forward,1,10000.0000,10000.0000,0.0000,0.0000,0.0000,0.0000,0,0,0,0,0,,0.0000,0.0000,0,0,,
sim-b007-045,batch-007,stop_loss_favorite,stop-loss-favorite-b007-045,nobel_forward,1,10000.0000,10000.0000,0.0000,0.0000,0.0000,0.0000,0,0,0,0,0,,0.0000,0.0000,0,0,,
sim-b007-046,batch-007,take_profit_favorite,take-profit-favorite-b007-046,nobel_forward,1,10000.0000,10000.0000,0.0000,0.0000,0.0000,0.0000,0,0,0,0,0,,0.0000,0.0000,0,0,,
sim-b007-047,batch-007,take_profit_favorite,take-profit-favorite-b007-047,nobel_forward,1,10000.0000,10000.0000,0.0000,0.0000,0.0000,0.0000,0,0,0,0,0,,0.0000,0.0000,0,0,,
sim-b007-048,batch-007,take_profit_favorite,take-profit-favorite-b007-048,nobel_forward,1,10000.0000,10000.0000,0.0000,0.0000,0.0000,0.0000,0,0,0,0,0,,0.0000,0.0000,0,0,,
sim-b007-049,batch-007,take_profit_favorite,take-profit-favorite-b007-049,nobel_forward,1,10000.0000,10000.0000,0.0000,0.0000,0.0000,0.0000,0,0,0,0,0,,0.0000,0.0000,0,0,,
sim-b007-050,batch-007,take_profit_favorite,take-profit-favorite-b007-050,nobel_forward,1,10000.0000,10000.0000,0.0000,0.0000,0.0000,0.0000,0,0,0,0,0,,0.0000,0.0000,0,0,,
sim-b007-051,batch-007,take_profit_favorite,take-profit-favorite-b007-051,nobel_forward,1,10000.0000,10000.0000,0.0000,0.0000,0.0000,0.0000,0,0,0,0,0,,0.0000,0.0000,0,0,,
sim-b007-052,batch-007,take_profit_favorite,take-profit-favorite-b007-052,nobel_forward,1,10000.0000,10000.0000,0.0000,0.0000,0.0000,0.0000,0,0,0,0,0,,0.0000,0.0000,0,0,,
sim-b007-053,batch-007,take_profit_favorite,take-profit-favorite-b007-053,nobel_forward,1,10000.0000,10000.0000,0.0000,0.0000,0.0000,0.0000,0,0,0,0,0,,0.0000,0.0000,0,0,,
sim-b007-054,batch-007,take_profit_favorite,take-profit-favorite-b007-054,nobel_forward,1,10000.0000,10000.0000,0.0000,0.0000,0.0000,0.0000,0,0,0,0,0,,0.0000,0.0000,0,0,,
sim-b007-055,batch-007,take_profit_favorite,take-profit-favorite-b007-055,nobel_forward,1,10000.0000,10000.0000,0.0000,0.0000,0.0000,0.0000,0,0,0,0,0,,0.0000,0.0000,0,0,,
sim-b007-056,batch-007,take_profit_favorite,take-profit-favorite-b007-056,nobel_forward,1,10000.0000,10000.0000,0.0000,0.0000,0.0000,0.0000,0,0,0,0,0,,0.0000,0.0000,0,0,,
sim-b007-057,batch-007,take_profit_favorite,take-profit-favorite-b007-057,nobel_forward,1,10000.0000,10000.0000,0.0000,0.0000,0.0000,0.0000,0,0,0,0,0,,0.0000,0.0000,0,0,,
sim-b007-058,batch-007,take_profit_favorite,take-profit-favorite-b007-058,nobel_forward,1,10000.0000,10000.0000,0.0000,0.0000,0.0000,0.0000,0,0,0,0,0,,0.0000,0.0000,0,0,,
sim-b007-059,batch-007,take_profit_favorite,take-profit-favorite-b007-059,nobel_forward,1,10000.0000,10000.0000,0.0000,0.0000,0.0000,0.0000,0,0,0,0,0,,0.0000,0.0000,0,0,,
sim-b007-060,batch-007,take_profit_favorite,take-profit-favorite-b007-060,nobel_forward,1,10000.0000,10000.0000,0.0000,0.0000,0.0000,0.0000,0,0,0,0,0,,0.0000,0.0000,0,0,,
sim-b007-061,batch-007,take_profit_favorite,take-profit-favorite-b007-061,nobel_forward,1,10000.0000,10000.0000,0.0000,0.0000,0.0000,0.0000,0,0,0,0,0,,0.0000,0.0000,0,0,,
sim-b007-062,batch-007,take_profit_favorite,take-profit-favorite-b007-062,nobel_forward,1,10000.0000,10000.0000,0.0000,0.0000,0.0000,0.0000,0,0,0,0,0,,0.0000,0.0000,0,0,,
sim-b007-063,batch-007,take_profit_favorite,take-profit-favorite-b007-063,nobel_forward,1,10000.0000,10000.0000,0.0000,0.0000,0.0000,0.0000,0,0,0,0,0,,0.0000,0.0000,0,0,,
sim-b007-064,batch-007,take_profit_favorite,take-profit-favorite-b007-064,nobel_forward,1,10000.0000,10000.0000,0.0000,0.0000,0.0000,0.0000,0,0,0,0,0,,0.0000,0.0000,0,0,,
sim-b007-065,batch-007,take_profit_favorite,take-profit-favorite-b007-065,nobel_forward,1,10000.0000,10000.0000,0.0000,0.0000,0.0000,0.0000,0,0,0,0,0,,0.0000,0.0000,0,0,,
sim-b007-066,batch-007,take_profit_favorite,take-profit-favorite-b007-066,nobel_forward,1,10000.0000,10000.0000,0.0000,0.0000,0.0000,0.0000,0,0,0,0,0,,0.0000,0.0000,0,0,,
sim-b007-067,batch-007,take_profit_favorite,take-profit-favorite-b007-067,nobel_forward,1,10000.0000,10000.0000,0.0000,0.0000,0.0000,0.0000,0,0,0,0,0,,0.0000,0.0000,0,0,,
sim-b007-068,batch-007,take_profit_favorite,take-profit-favorite-b007-068,nobel_forward,1,10000.0000,10000.0000,0.0000,0.0000,0.0000,0.0000,0,0,0,0,0,,0.0000,0.0000,0,0,,
sim-b007-069,batch-007,take_profit_favorite,take-profit-favorite-b007-069,nobel_forward,1,10000.0000,10000.0000,0.0000,0.0000,0.0000,0.0000,0,0,0,0,0,,0.0000,0.0000,0,0,,
sim-b007-070,batch-007,take_profit_favorite,take-profit-favorite-b007-070,nobel_forward,1,10000.0000,10000.0000,0.0000,0.0000,0.0000,0.0000,0,0,0,0,0,,0.0000,0.0000,0,0,,
sim-b007-071,batch-007,favorite_exit_reentry,favorite-exit-reentry-b007-071,nobel_forward,1,10000.0000,10000.0000,0.0000,0.0000,0.0000,0.0000,0,0,0,0,0,,0.0000,0.0000,0,0,,
sim-b007-072,batch-007,favorite_exit_reentry,favorite-exit-reentry-b007-072,nobel_forward,1,10000.0000,10000.0000,0.0000,0.0000,0.0000,0.0000,0,0,0,0,0,,0.0000,0.0000,0,0,,
sim-b007-073,batch-007,favorite_exit_reentry,favorite-exit-reentry-b007-073,nobel_forward,1,10000.0000,10000.0000,0.0000,0.0000,0.0000,0.0000,0,0,0,0,0,,0.0000,0.0000,0,0,,
sim-b007-074,batch-007,favorite_exit_reentry,favorite-exit-reentry-b007-074,nobel_forward,1,10000.0000,10000.0000,0.0000,0.0000,0.0000,0.0000,0,0,0,0,0,,0.0000,0.0000,0,0,,
sim-b007-075,batch-007,favorite_exit_reentry,favorite-exit-reentry-b007-075,nobel_forward,1,10000.0000,10000.0000,0.0000,0.0000,0.0000,0.0000,0,0,0,0,0,,0.0000,0.0000,0,0,,
sim-b007-076,batch-007,favorite_exit_reentry,favorite-exit-reentry-b007-076,nobel_forward,1,10000.0000,10000.0000,0.0000,0.0000,0.0000,0.0000,0,0,0,0,0,,0.0000,0.0000,0,0,,
sim-b007-077,batch-007,favorite_exit_reentry,favorite-exit-reentry-b007-077,nobel_forward,1,10000.0000,10000.0000,0.0000,0.0000,0.0000,0.0000,0,0,0,0,0,,0.0000,0.0000,0,0,,
sim-b007-078,batch-007,favorite_exit_reentry,favorite-exit-reentry-b007-078,nobel_forward,1,10000.0000,10000.0000,0.0000,0.0000,0.0000,0.0000,0,0,0,0,0,,0.0000,0.0000,0,0,,
sim-b007-079,batch-007,favorite_exit_reentry,favorite-exit-reentry-b007-079,nobel_forward,1,10000.0000,10000.0000,0.0000,0.0000,0.0000,0.0000,0,0,0,0,0,,0.0000,0.0000,0,0,,
sim-b007-080,batch-007,favorite_exit_reentry,favorite-exit-reentry-b007-080,nobel_forward,1,10000.0000,10000.0000,0.0000,0.0000,0.0000,0.0000,0,0,0,0,0,,0.0000,0.0000,0,0,,
sim-b007-081,batch-007,favorite_exit_reentry,favorite-exit-reentry-b007-081,nobel_forward,1,10000.0000,10000.0000,0.0000,0.0000,0.0000,0.0000,0,0,0,0,0,,0.0000,0.0000,0,0,,
sim-b007-082,batch-007,favorite_exit_reentry,favorite-exit-reentry-b007-082,nobel_forward,1,10000.0000,10000.0000,0.0000,0.0000,0.0000,0.0000,0,0,0,0,0,,0.0000,0.0000,0,0,,
sim-b007-083,batch-007,favorite_exit_reentry,favorite-exit-reentry-b007-083,nobel_forward,1,10000.0000,10000.0000,0.0000,0.0000,0.0000,0.0000,0,0,0,0,0,,0.0000,0.0000,0,0,,
sim-b007-084,batch-007,favorite_exit_reentry,favorite-exit-reentry-b007-084,nobel_forward,1,10000.0000,10000.0000,0.0000,0.0000,0.0000,0.0000,0,0,0,0,0,,0.0000,0.0000,0,0,,
sim-b007-085,batch-007,favorite_exit_reentry,favorite-exit-reentry-b007-085,nobel_forward,1,10000.0000,10000.0000,0.0000,0.0000,0.0000,0.0000,0,0,0,0,0,,0.0000,0.0000,0,0,,
sim-b007-086,batch-007,favorite_exit_reentry,favorite-exit-reentry-b007-086,nobel_forward,1,10000.0000,10000.0000,0.0000,0.0000,0.0000,0.0000,0,0,0,0,0,,0.0000,0.0000,0,0,,
sim-b007-087,batch-007,favorite_exit_reentry,favorite-exit-reentry-b007-087,nobel_forward,1,10000.0000,10000.0000,0.0000,0.0000,0.0000,0.0000,0,0,0,0,0,,0.0000,0.0000,0,0,,
sim-b007-088,batch-007,favorite_exit_reentry,favorite-exit-reentry-b007-088,nobel_forward,1,10000.0000,10000.0000,0.0000,0.0000,0.0000,0.0000,0,0,0,0,0,,0.0000,0.0000,0,0,,
sim-b007-089,batch-007,favorite_exit_reentry,favorite-exit-reentry-b007-089,nobel_forward,1,10000.0000,10000.0000,0.0000,0.0000,0.0000,0.0000,0,0,0,0,0,,0.0000,0.0000,0,0,,
sim-b007-090,batch-007,favorite_exit_reentry,favorite-exit-reentry-b007-090,nobel_forward,1,10000.0000,10000.0000,0.0000,0.0000,0.0000,0.0000,0,0,0,0,0,,0.0000,0.0000,0,0,,
sim-b007-091,batch-007,favorite_exit_reentry,favorite-exit-reentry-b007-091,nobel_forward,1,10000.0000,10000.0000,0.0000,0.0000,0.0000,0.0000,0,0,0,0,0,,0.0000,0.0000,0,0,,
sim-b007-092,batch-007,favorite_exit_reentry,favorite-exit-reentry-b007-092,nobel_forward,1,10000.0000,10000.0000,0.0000,0.0000,0.0000,0.0000,0,0,0,0,0,,0.0000,0.0000,0,0,,
sim-b007-093,batch-007,favorite_exit_reentry,favorite-exit-reentry-b007-093,nobel_forward,1,10000.0000,10000.0000,0.0000,0.0000,0.0000,0.0000,0,0,0,0,0,,0.0000,0.0000,0,0,,
sim-b007-094,batch-007,favorite_exit_reentry,favorite-exit-reentry-b007-094,nobel_forward,1,10000.0000,10000.0000,0.0000,0.0000,0.0000,0.0000,0,0,0,0,0,,0.0000,0.0000,0,0,,
sim-b007-095,batch-007,favorite_exit_reentry,favorite-exit-reentry-b007-095,nobel_forward,1,10000.0000,10000.0000,0.0000,0.0000,0.0000,0.0000,0,0,0,0,0,,0.0000,0.0000,0,0,,
sim-b007-096,batch-007,favorite_exit_reentry,favorite-exit-reentry-b007-096,nobel_forward,1,10000.0000,10000.0000,0.0000,0.0000,0.0000,0.0000,0,0,0,0,0,,0.0000,0.0000,0,0,,
sim-b007-097,batch-007,favorite_exit_reentry,favorite-exit-reentry-b007-097,nobel_forward,1,10000.0000,10000.0000,0.0000,0.0000,0.0000,0.0000,0,0,0,0,0,,0.0000,0.0000,0,0,,
sim-b007-098,batch-007,favorite_exit_reentry,favorite-exit-reentry-b007-098,nobel_forward,1,10000.0000,10000.0000,0.0000,0.0000,0.0000,0.0000,0,0,0,0,0,,0.0000,0.0000,0,0,,
sim-b007-099,batch-007,favorite_exit_reentry,favorite-exit-reentry-b007-099,nobel_forward,1,10000.0000,10000.0000,0.0000,0.0000,0.0000,0.0000,0,0,0,0,0,,0.0000,0.0000,0,0,,
sim-b007-100,batch-007,favorite_exit_reentry,favorite-exit-reentry-b007-100,nobel_forward,1,10000.0000,10000.0000,0.0000,0.0000,0.0000,0.0000,0,0,0,0,0,,0.0000,0.0000,0,0,,
sim-b008-049,batch-008,volatility_gate,volatility-gate-b008-049,nobel_forward,1,10000.0000,10000.0000,0.0000,0.0000,0.0000,0.0000,0,0,0,0,0,,0.0000,0.0000,0,0,,
sim-b008-050,batch-008,volatility_gate,volatility-gate-b008-050,nobel_forward,1,10000.0000,10000.0000,0.0000,0.0000,0.0000,0.0000,0,0,0,0,0,,0.0000,0.0000,0,0,,
sim-b008-052,batch-008,volatility_gate,volatility-gate-b008-052,nobel_forward,1,10000.0000,10000.0000,0.0000,0.0000,0.0000,0.0000,0,0,0,0,0,,0.0000,0.0000,0,0,,
sim-b008-053,batch-008,volatility_gate,volatility-gate-b008-053,nobel_forward,1,10000.0000,10000.0000,0.0000,0.0000,0.0000,0.0000,0,0,0,0,0,,0.0000,0.0000,0,0,,
sim-b008-055,batch-008,volatility_gate,volatility-gate-b008-055,nobel_forward,1,10000.0000,10000.0000,0.0000,0.0000,0.0000,0.0000,0,0,0,0,0,,0.0000,0.0000,0,0,,
sim-b008-056,batch-008,volatility_gate,volatility-gate-b008-056,nobel_forward,1,10000.0000,10000.0000,0.0000,0.0000,0.0000,0.0000,0,0,0,0,0,,0.0000,0.0000,0,0,,
sim-b008-058,batch-008,volatility_gate,volatility-gate-b008-058,nobel_forward,1,10000.0000,10000.0000,0.0000,0.0000,0.0000,0.0000,0,0,0,0,0,,0.0000,0.0000,0,0,,
sim-b008-059,batch-008,volatility_gate,volatility-gate-b008-059,nobel_forward,1,10000.0000,10000.0000,0.0000,0.0000,0.0000,0.0000,0,0,0,0,0,,0.0000,0.0000,0,0,,
sim-b008-061,batch-008,volatility_gate,volatility-gate-b008-061,nobel_forward,1,10000.0000,10000.0000,0.0000,0.0000,0.0000,0.0000,0,0,0,0,0,,0.0000,0.0000,0,0,,
sim-b008-062,batch-008,volatility_gate,volatility-gate-b008-062,nobel_forward,1,10000.0000,10000.0000,0.0000,0.0000,0.0000,0.0000,0,0,0,0,0,,0.0000,0.0000,0,0,,
sim-b008-064,batch-008,volatility_gate,volatility-gate-b008-064,nobel_forward,1,10000.0000,10000.0000,0.0000,0.0000,0.0000,0.0000,0,0,0,0,0,,0.0000,0.0000,0,0,,
sim-b008-065,batch-008,volatility_gate,volatility-gate-b008-065,nobel_forward,1,10000.0000,10000.0000,0.0000,0.0000,0.0000,0.0000,0,0,0,0,0,,0.0000,0.0000,0,0,,
sim-b008-067,batch-008,volatility_gate,volatility-gate-b008-067,nobel_forward,1,10000.0000,10000.0000,0.0000,0.0000,0.0000,0.0000,0,0,0,0,0,,0.0000,0.0000,0,0,,
sim-b008-068,batch-008,volatility_gate,volatility-gate-b008-068,nobel_forward,1,10000.0000,10000.0000,0.0000,0.0000,0.0000,0.0000,0,0,0,0,0,,0.0000,0.0000,0,0,,
sim-b008-070,batch-008,volatility_gate,volatility-gate-b008-070,nobel_forward,1,10000.0000,10000.0000,0.0000,0.0000,0.0000,0.0000,0,0,0,0,0,,0.0000,0.0000,0,0,,
sim-b008-071,batch-008,volatility_gate,volatility-gate-b008-071,nobel_forward,1,10000.0000,10000.0000,0.0000,0.0000,0.0000,0.0000,0,0,0,0,0,,0.0000,0.0000,0,0,,
sim-b008-073,batch-008,volatility_gate,volatility-gate-b008-073,nobel_forward,1,10000.0000,10000.0000,0.0000,0.0000,0.0000,0.0000,0,0,0,0,0,,0.0000,0.0000,0,0,,
sim-b008-074,batch-008,volatility_gate,volatility-gate-b008-074,nobel_forward,1,10000.0000,10000.0000,0.0000,0.0000,0.0000,0.0000,0,0,0,0,0,,0.0000,0.0000,0,0,,
sim-b009-037,batch-009,entry_timing_band,entry-timing-band-b009-037,nobel_forward,1,10000.0000,10000.0000,0.0000,0.0000,0.0000,0.0000,0,0,0,0,0,,0.0000,0.0000,0,0,,
sim-b009-038,batch-009,entry_timing_band,entry-timing-band-b009-038,nobel_forward,1,10000.0000,10000.0000,0.0000,0.0000,0.0000,0.0000,0,0,0,0,0,,0.0000,0.0000,0,0,,
sim-b009-039,batch-009,entry_timing_band,entry-timing-band-b009-039,nobel_forward,1,10000.0000,10000.0000,0.0000,0.0000,0.0000,0.0000,0,0,0,0,0,,0.0000,0.0000,0,0,,
sim-b009-040,batch-009,entry_timing_band,entry-timing-band-b009-040,nobel_forward,1,10000.0000,10000.0000,0.0000,0.0000,0.0000,0.0000,0,0,0,0,0,,0.0000,0.0000,0,0,,
sim-b009-041,batch-009,entry_timing_band,entry-timing-band-b009-041,nobel_forward,1,10000.0000,10000.0000,0.0000,0.0000,0.0000,0.0000,0,0,0,0,0,,0.0000,0.0000,0,0,,
sim-b009-042,batch-009,entry_timing_band,entry-timing-band-b009-042,nobel_forward,1,10000.0000,10000.0000,0.0000,0.0000,0.0000,0.0000,0,0,0,0,0,,0.0000,0.0000,0,0,,
sim-b009-043,batch-009,entry_timing_band,entry-timing-band-b009-043,nobel_forward,1,10000.0000,10000.0000,0.0000,0.0000,0.0000,0.0000,0,0,0,0,0,,0.0000,0.0000,0,0,,
sim-b009-044,batch-009,entry_timing_band,entry-timing-band-b009-044,nobel_forward,1,10000.0000,10000.0000,0.0000,0.0000,0.0000,0.0000,0,0,0,0,0,,0.0000,0.0000,0,0,,
sim-b009-045,batch-009,entry_timing_band,entry-timing-band-b009-045,nobel_forward,1,10000.0000,10000.0000,0.0000,0.0000,0.0000,0.0000,0,0,0,0,0,,0.0000,0.0000,0,0,,
sim-b009-046,batch-009,entry_timing_band,entry-timing-band-b009-046,nobel_forward,1,10000.0000,10000.0000,0.0000,0.0000,0.0000,0.0000,0,0,0,0,0,,0.0000,0.0000,0,0,,
sim-b009-047,batch-009,entry_timing_band,entry-timing-band-b009-047,nobel_forward,1,10000.0000,10000.0000,0.0000,0.0000,0.0000,0.0000,0,0,0,0,0,,0.0000,0.0000,0,0,,
sim-b009-048,batch-009,entry_timing_band,entry-timing-band-b009-048,nobel_forward,1,10000.0000,10000.0000,0.0000,0.0000,0.0000,0.0000,0,0,0,0,0,,0.0000,0.0000,0,0,,
sim-b009-049,batch-009,entry_timing_band,entry-timing-band-b009-049,nobel_forward,1,10000.0000,10000.0000,0.0000,0.0000,0.0000,0.0000,0,0,0,0,0,,0.0000,0.0000,0,0,,
sim-b009-050,batch-009,entry_timing_band,entry-timing-band-b009-050,nobel_forward,1,10000.0000,10000.0000,0.0000,0.0000,0.0000,0.0000,0,0,0,0,0,,0.0000,0.0000,0,0,,
sim-b009-051,batch-009,entry_timing_band,entry-timing-band-b009-051,nobel_forward,1,10000.0000,10000.0000,0.0000,0.0000,0.0000,0.0000,0,0,0,0,0,,0.0000,0.0000,0,0,,
sim-b009-052,batch-009,entry_timing_band,entry-timing-band-b009-052,nobel_forward,1,10000.0000,10000.0000,0.0000,0.0000,0.0000,0.0000,0,0,0,0,0,,0.0000,0.0000,0,0,,
sim-b009-053,batch-009,entry_timing_band,entry-timing-band-b009-053,nobel_forward,1,10000.0000,10000.0000,0.0000,0.0000,0.0000,0.0000,0,0,0,0,0,,0.0000,0.0000,0,0,,
sim-b009-054,batch-009,entry_timing_band,entry-timing-band-b009-054,nobel_forward,1,10000.0000,10000.0000,0.0000,0.0000,0.0000,0.0000,0,0,0,0,0,,0.0000,0.0000,0,0,,
sim-b009-055,batch-009,entry_timing_band,entry-timing-band-b009-055,nobel_forward,1,10000.0000,10000.0000,0.0000,0.0000,0.0000,0.0000,0,0,0,0,0,,0.0000,0.0000,0,0,,
sim-b009-056,batch-009,entry_timing_band,entry-timing-band-b009-056,nobel_forward,1,10000.0000,10000.0000,0.0000,0.0000,0.0000,0.0000,0,0,0,0,0,,0.0000,0.0000,0,0,,
sim-b009-057,batch-009,entry_timing_band,entry-timing-band-b009-057,nobel_forward,1,10000.0000,10000.0000,0.0000,0.0000,0.0000,0.0000,0,0,0,0,0,,0.0000,0.0000,0,0,,
sim-b009-058,batch-009,entry_timing_band,entry-timing-band-b009-058,nobel_forward,1,10000.0000,10000.0000,0.0000,0.0000,0.0000,0.0000,0,0,0,0,0,,0.0000,0.0000,0,0,,
sim-b009-059,batch-009,entry_timing_band,entry-timing-band-b009-059,nobel_forward,1,10000.0000,10000.0000,0.0000,0.0000,0.0000,0.0000,0,0,0,0,0,,0.0000,0.0000,0,0,,
sim-b009-060,batch-009,entry_timing_band,entry-timing-band-b009-060,nobel_forward,1,10000.0000,10000.0000,0.0000,0.0000,0.0000,0.0000,0,0,0,0,0,,0.0000,0.0000,0,0,,
sim-b009-061,batch-009,entry_timing_band,entry-timing-band-b009-061,nobel_forward,1,10000.0000,10000.0000,0.0000,0.0000,0.0000,0.0000,0,0,0,0,0,,0.0000,0.0000,0,0,,
sim-b009-062,batch-009,entry_timing_band,entry-timing-band-b009-062,nobel_forward,1,10000.0000,10000.0000,0.0000,0.0000,0.0000,0.0000,0,0,0,0,0,,0.0000,0.0000,0,0,,
sim-b009-063,batch-009,entry_timing_band,entry-timing-band-b009-063,nobel_forward,1,10000.0000,10000.0000,0.0000,0.0000,0.0000,0.0000,0,0,0,0,0,,0.0000,0.0000,0,0,,
sim-b009-064,batch-009,entry_timing_band,entry-timing-band-b009-064,nobel_forward,1,10000.0000,10000.0000,0.0000,0.0000,0.0000,0.0000,0,0,0,0,0,,0.0000,0.0000,0,0,,
sim-b009-065,batch-009,entry_timing_band,entry-timing-band-b009-065,nobel_forward,1,10000.0000,10000.0000,0.0000,0.0000,0.0000,0.0000,0,0,0,0,0,,0.0000,0.0000,0,0,,
sim-b009-066,batch-009,entry_timing_band,entry-timing-band-b009-066,nobel_forward,1,10000.0000,10000.0000,0.0000,0.0000,0.0000,0.0000,0,0,0,0,0,,0.0000,0.0000,0,0,,
sim-b009-067,batch-009,entry_timing_band,entry-timing-band-b009-067,nobel_forward,1,10000.0000,10000.0000,0.0000,0.0000,0.0000,0.0000,0,0,0,0,0,,0.0000,0.0000,0,0,,
sim-b009-068,batch-009,entry_timing_band,entry-timing-band-b009-068,nobel_forward,1,10000.0000,10000.0000,0.0000,0.0000,0.0000,0.0000,0,0,0,0,0,,0.0000,0.0000,0,0,,
sim-b009-069,batch-009,entry_timing_band,entry-timing-band-b009-069,nobel_forward,1,10000.0000,10000.0000,0.0000,0.0000,0.0000,0.0000,0,0,0,0,0,,0.0000,0.0000,0,0,,
sim-b009-070,batch-009,entry_timing_band,entry-timing-band-b009-070,nobel_forward,1,10000.0000,10000.0000,0.0000,0.0000,0.0000,0.0000,0,0,0,0,0,,0.0000,0.0000,0,0,,
sim-b009-071,batch-009,entry_timing_band,entry-timing-band-b009-071,nobel_forward,1,10000.0000,10000.0000,0.0000,0.0000,0.0000,0.0000,0,0,0,0,0,,0.0000,0.0000,0,0,,
sim-b009-072,batch-009,entry_timing_band,entry-timing-band-b009-072,nobel_forward,1,10000.0000,10000.0000,0.0000,0.0000,0.0000,0.0000,0,0,0,0,0,,0.0000,0.0000,0,0,,
sim-b009-073,batch-009,entry_timing_band,entry-timing-band-b009-073,nobel_forward,1,10000.0000,10000.0000,0.0000,0.0000,0.0000,0.0000,0,0,0,0,0,,0.0000,0.0000,0,0,,
sim-b009-074,batch-009,entry_timing_band,entry-timing-band-b009-074,nobel_forward,1,10000.0000,10000.0000,0.0000,0.0000,0.0000,0.0000,0,0,0,0,0,,0.0000,0.0000,0,0,,
sim-b009-075,batch-009,entry_timing_band,entry-timing-band-b009-075,nobel_forward,1,10000.0000,10000.0000,0.0000,0.0000,0.0000,0.0000,0,0,0,0,0,,0.0000,0.0000,0,0,,
sim-b009-076,batch-009,entry_timing_band,entry-timing-band-b009-076,nobel_forward,1,10000.0000,10000.0000,0.0000,0.0000,0.0000,0.0000,0,0,0,0,0,,0.0000,0.0000,0,0,,
sim-b009-077,batch-009,entry_timing_band,entry-timing-band-b009-077,nobel_forward,1,10000.0000,10000.0000,0.0000,0.0000,0.0000,0.0000,0,0,0,0,0,,0.0000,0.0000,0,0,,
sim-b009-078,batch-009,entry_timing_band,entry-timing-band-b009-078,nobel_forward,1,10000.0000,10000.0000,0.0000,0.0000,0.0000,0.0000,0,0,0,0,0,,0.0000,0.0000,0,0,,
sim-b009-079,batch-009,entry_timing_band,entry-timing-band-b009-079,nobel_forward,1,10000.0000,10000.0000,0.0000,0.0000,0.0000,0.0000,0,0,0,0,0,,0.0000,0.0000,0,0,,
sim-b009-080,batch-009,entry_timing_band,entry-timing-band-b009-080,nobel_forward,1,10000.0000,10000.0000,0.0000,0.0000,0.0000,0.0000,0,0,0,0,0,,0.0000,0.0000,0,0,,
sim-b009-081,batch-009,entry_timing_band,entry-timing-band-b009-081,nobel_forward,1,10000.0000,10000.0000,0.0000,0.0000,0.0000,0.0000,0,0,0,0,0,,0.0000,0.0000,0,0,,
sim-b009-082,batch-009,entry_timing_band,entry-timing-band-b009-082,nobel_forward,1,10000.0000,10000.0000,0.0000,0.0000,0.0000,0.0000,0,0,0,0,0,,0.0000,0.0000,0,0,,
sim-b009-083,batch-009,entry_timing_band,entry-timing-band-b009-083,nobel_forward,1,10000.0000,10000.0000,0.0000,0.0000,0.0000,0.0000,0,0,0,0,0,,0.0000,0.0000,0,0,,
sim-b009-084,batch-009,entry_timing_band,entry-timing-band-b009-084,nobel_forward,1,10000.0000,10000.0000,0.0000,0.0000,0.0000,0.0000,0,0,0,0,0,,0.0000,0.0000,0,0,,
sim-b009-085,batch-009,entry_timing_band,entry-timing-band-b009-085,nobel_forward,1,10000.0000,10000.0000,0.0000,0.0000,0.0000,0.0000,0,0,0,0,0,,0.0000,0.0000,0,0,,
sim-b009-086,batch-009,entry_timing_band,entry-timing-band-b009-086,nobel_forward,1,10000.0000,10000.0000,0.0000,0.0000,0.0000,0.0000,0,0,0,0,0,,0.0000,0.0000,0,0,,
sim-b010-049,batch-010,favorite_band_wide,favorite-band-wide-b010-049,nobel_forward,1,10000.0000,10000.0000,0.0000,0.0000,0.0000,0.0000,0,0,0,0,0,,0.0000,0.0000,0,0,,
sim-b010-050,batch-010,favorite_band_wide,favorite-band-wide-b010-050,nobel_forward,1,10000.0000,10000.0000,0.0000,0.0000,0.0000,0.0000,0,0,0,0,0,,0.0000,0.0000,0,0,,
sim-b010-051,batch-010,favorite_band_wide,favorite-band-wide-b010-051,nobel_forward,1,10000.0000,10000.0000,0.0000,0.0000,0.0000,0.0000,0,0,0,0,0,,0.0000,0.0000,0,0,,
sim-b010-052,batch-010,favorite_band_wide,favorite-band-wide-b010-052,nobel_forward,1,10000.0000,10000.0000,0.0000,0.0000,0.0000,0.0000,0,0,0,0,0,,0.0000,0.0000,0,0,,
sim-b010-053,batch-010,favorite_band_wide,favorite-band-wide-b010-053,nobel_forward,1,10000.0000,10000.0000,0.0000,0.0000,0.0000,0.0000,0,0,0,0,0,,0.0000,0.0000,0,0,,
sim-b010-054,batch-010,favorite_band_wide,favorite-band-wide-b010-054,nobel_forward,1,10000.0000,10000.0000,0.0000,0.0000,0.0000,0.0000,0,0,0,0,0,,0.0000,0.0000,0,0,,
sim-b010-055,batch-010,favorite_band_wide,favorite-band-wide-b010-055,nobel_forward,1,10000.0000,10000.0000,0.0000,0.0000,0.0000,0.0000,0,0,0,0,0,,0.0000,0.0000,0,0,,
sim-b010-056,batch-010,favorite_band_wide,favorite-band-wide-b010-056,nobel_forward,1,10000.0000,10000.0000,0.0000,0.0000,0.0000,0.0000,0,0,0,0,0,,0.0000,0.0000,0,0,,
sim-b010-057,batch-010,favorite_band_wide,favorite-band-wide-b010-057,nobel_forward,1,10000.0000,10000.0000,0.0000,0.0000,0.0000,0.0000,0,0,0,0,0,,0.0000,0.0000,0,0,,
sim-b010-058,batch-010,favorite_band_wide,favorite-band-wide-b010-058,nobel_forward,1,10000.0000,10000.0000,0.0000,0.0000,0.0000,0.0000,0,0,0,0,0,,0.0000,0.0000,0,0,,
sim-b010-059,batch-010,favorite_band_wide,favorite-band-wide-b010-059,nobel_forward,1,10000.0000,10000.0000,0.0000,0.0000,0.0000,0.0000,0,0,0,0,0,,0.0000,0.0000,0,0,,
sim-b010-060,batch-010,favorite_band_wide,favorite-band-wide-b010-060,nobel_forward,1,10000.0000,10000.0000,0.0000,0.0000,0.0000,0.0000,0,0,0,0,0,,0.0000,0.0000,0,0,,
sim-b010-061,batch-010,favorite_band_wide,favorite-band-wide-b010-061,nobel_forward,1,10000.0000,10000.0000,0.0000,0.0000,0.0000,0.0000,0,0,0,0,0,,0.0000,0.0000,0,0,,
sim-b010-062,batch-010,favorite_band_wide,favorite-band-wide-b010-062,nobel_forward,1,10000.0000,10000.0000,0.0000,0.0000,0.0000,0.0000,0,0,0,0,0,,0.0000,0.0000,0,0,,
sim-b010-063,batch-010,favorite_band_wide,favorite-band-wide-b010-063,nobel_forward,1,10000.0000,10000.0000,0.0000,0.0000,0.0000,0.0000,0,0,0,0,0,,0.0000,0.0000,0,0,,
sim-b010-064,batch-010,favorite_band_wide,favorite-band-wide-b010-064,nobel_forward,1,10000.0000,10000.0000,0.0000,0.0000,0.0000,0.0000,0,0,0,0,0,,0.0000,0.0000,0,0,,
sim-b010-065,batch-010,favorite_band_wide,favorite-band-wide-b010-065,nobel_forward,1,10000.0000,10000.0000,0.0000,0.0000,0.0000,0.0000,0,0,0,0,0,,0.0000,0.0000,0,0,,
sim-b010-066,batch-010,favorite_band_wide,favorite-band-wide-b010-066,nobel_forward,1,10000.0000,10000.0000,0.0000,0.0000,0.0000,0.0000,0,0,0,0,0,,0.0000,0.0000,0,0,,
sim-b010-067,batch-010,favorite_band_wide,favorite-band-wide-b010-067,nobel_forward,1,10000.0000,10000.0000,0.0000,0.0000,0.0000,0.0000,0,0,0,0,0,,0.0000,0.0000,0,0,,
sim-b010-068,batch-010,favorite_band_wide,favorite-band-wide-b010-068,nobel_forward,1,10000.0000,10000.0000,0.0000,0.0000,0.0000,0.0000,0,0,0,0,0,,0.0000,0.0000,0,0,,
sim-b010-069,batch-010,favorite_band_wide,favorite-band-wide-b010-069,nobel_forward,1,10000.0000,10000.0000,0.0000,0.0000,0.0000,0.0000,0,0,0,0,0,,0.0000,0.0000,0,0,,
sim-b010-070,batch-010,favorite_band_wide,favorite-band-wide-b010-070,nobel_forward,1,10000.0000,10000.0000,0.0000,0.0000,0.0000,0.0000,0,0,0,0,0,,0.0000,0.0000,0,0,,
sim-b010-071,batch-010,favorite_band_wide,favorite-band-wide-b010-071,nobel_forward,1,10000.0000,10000.0000,0.0000,0.0000,0.0000,0.0000,0,0,0,0,0,,0.0000,0.0000,0,0,,
sim-b010-072,batch-010,favorite_band_wide,favorite-band-wide-b010-072,nobel_forward,1,10000.0000,10000.0000,0.0000,0.0000,0.0000,0.0000,0,0,0,0,0,,0.0000,0.0000,0,0,,
sim-b010-097,batch-010,slice_band,slice-band-b010-097,nobel_forward,1,10000.0000,10000.0000,0.0000,0.0000,0.0000,0.0000,0,0,0,0,0,,0.0000,0.0000,0,0,,
sim-b010-098,batch-010,slice_band,slice-band-b010-098,nobel_forward,294,9973.3000,9895.8000,77.5000,0.0000,-26.7000,4.2000,1,0,0,0,0,,26.7000,-0.0027,1,1,1790262000,1790262000
sim-b010-099,batch-010,slice_band,slice-band-b010-099,nobel_forward,294,9973.3000,9895.8000,77.5000,0.0000,-26.7000,4.2000,1,0,0,0,0,,26.7000,-0.0027,1,1,1790262000,1790262000
sim-b010-100,batch-010,slice_band,slice-band-b010-100,nobel_forward,294,9973.3000,9895.8000,77.5000,0.0000,-26.7000,4.2000,1,0,0,0,0,,26.7000,-0.0027,1,1,1790262000,1790262000
sim-b009-034,batch-009,breakout_hold,breakout-hold-b009-034,nobel_forward,297,9842.0700,9689.5900,152.4800,0.0000,-157.9300,15.6100,3,0,0,0,0,,157.9300,-0.0158,3,3,1783051200,1789617600
sim-b009-035,batch-009,breakout_hold,breakout-hold-b009-035,nobel_forward,297,9842.0700,9689.5900,152.4800,0.0000,-157.9300,15.6100,3,0,0,0,0,,157.9300,-0.0158,3,3,1783051200,1789617600
sim-b009-036,batch-009,breakout_hold,breakout-hold-b009-036,nobel_forward,297,9842.0700,9689.5900,152.4800,0.0000,-157.9300,15.6100,3,0,0,0,0,,157.9300,-0.0158,3,3,1783051200,1789617600
sim-b006-097,batch-006,mean_reversion,mean-reversion-b006-097,nobel_forward,300,9774.9300,9714.9300,60.0000,-184.6800,-40.3900,48.7900,13,0,0,6,6,0.0000,225.0700,-0.0225,7,1,1779336000,1788580800
sim-b006-098,batch-006,mean_reversion,mean-reversion-b006-098,nobel_forward,301,9757.7800,9697.7800,60.0000,-201.8300,-40.3900,47.9200,13,0,0,6,6,0.0000,242.2200,-0.0242,7,1,1779336000,1788580800
sim-b006-099,batch-006,mean_reversion,mean-reversion-b006-099,nobel_forward,301,9757.7800,9697.7800,60.0000,-201.8300,-40.3900,47.9200,13,0,0,6,6,0.0000,242.2200,-0.0242,7,1,1779336000,1788580800
sim-b006-100,batch-006,mean_reversion,mean-reversion-b006-100,nobel_forward,301,9757.7800,9697.7800,60.0000,-201.8300,-40.3900,47.9200,13,0,0,6,6,0.0000,242.2200,-0.0242,7,1,1779336000,1788580800
sim-b009-022,batch-009,breakout_hold,breakout-hold-b009-022,nobel_forward,304,9748.9400,9494.8500,254.0900,0.0000,-251.0600,25.4500,5,0,0,0,0,,251.0600,-0.0251,5,5,1779940800,1789617600
sim-b009-023,batch-009,breakout_hold,breakout-hold-b009-023,nobel_forward,304,9748.9400,9494.8500,254.0900,0.0000,-251.0600,25.4500,5,0,0,0,0,,251.0600,-0.0251,5,5,1779940800,1789617600
sim-b009-024,batch-009,breakout_hold,breakout-hold-b009-024,nobel_forward,304,9748.9400,9494.8500,254.0900,0.0000,-251.0600,25.4500,5,0,0,0,0,,251.0600,-0.0251,5,5,1779940800,1789617600
sim-b009-010,batch-009,breakout_hold,breakout-hold-b009-010,nobel_forward,307,9710.0900,9389.3600,320.7300,0.0000,-289.9100,30.9800,6,0,0,0,0,,289.9100,-0.0290,6,6,1779940800,1789617600
sim-b009-011,batch-009,breakout_hold,breakout-hold-b009-011,nobel_forward,307,9710.0900,9389.3600,320.7300,0.0000,-289.9100,30.9800,6,0,0,0,0,,289.9100,-0.0290,6,6,1779940800,1789617600
sim-b009-012,batch-009,breakout_hold,breakout-hold-b009-012,nobel_forward,307,9710.0900,9389.3600,320.7300,0.0000,-289.9100,30.9800,6,0,0,0,0,,289.9100,-0.0290,6,6,1779940800,1789617600
sim-b006-077,batch-006,mean_reversion,mean-reversion-b006-077,nobel_forward,310,9649.9800,9596.9800,53.0000,-275.6200,-74.4000,79.2400,26,0,1,11,12,0.0833,350.0200,-0.0350,14,2,1779163200,1789722000
sim-b006-093,batch-006,mean_reversion,mean-reversion-b006-093,nobel_forward,311,9605.4100,9492.4100,113.0000,-285.0200,-109.5700,89.3100,29,0,0,13,13,0.0000,394.5900,-0.0395,16,3,1778904000,1789740000
sim-b006-057,batch-006,mean_reversion,mean-reversion-b006-057,nobel_forward,312,9559.1700,9531.1700,28.0000,-405.1300,-35.7000,93.7100,33,0,1,15,16,0.0625,440.8300,-0.0441,16,1,1779076800,1789700400
sim-b006-073,batch-006,mean_reversion,mean-reversion-b006-073,nobel_forward,313,9555.0100,9502.0100,53.0000,-370.5900,-74.4000,102.3300,32,0,0,15,15,0.0000,444.9900,-0.0445,17,2,1761019200,1789722000
sim-b006-078,batch-006,mean_reversion,mean-reversion-b006-078,nobel_forward,314,9526.2100,9491.2100,35.0000,-429.3200,-44.4700,112.4900,35,0,2,15,17,0.1176,479.8200,-0.0474,15,1,1779163200,1789963200
sim-b006-079,batch-006,mean_reversion,mean-reversion-b006-079,nobel_forward,314,9526.2100,9491.2100,35.0000,-429.3200,-44.4700,112.4900,35,0,2,15,17,0.1176,479.8200,-0.0474,15,1,1779163200,1789963200
sim-b006-080,batch-006,mean_reversion,mean-reversion-b006-080,nobel_forward,314,9526.2100,9491.2100,35.0000,-429.3200,-44.4700,112.4900,35,0,2,15,17,0.1176,479.8200,-0.0474,15,1,1779163200,1789963200
sim-b006-089,batch-006,mean_reversion,mean-reversion-b006-089,nobel_forward,317,9502.6400,9389.6400,113.0000,-387.7900,-109.5700,131.5200,41,0,1,18,19,0.0526,497.3600,-0.0497,19,3,1761105600,1789740000
sim-b009-031,batch-009,breakout_hold,breakout-hold-b009-031,nobel_forward,318,9500.9000,8975.0200,525.8800,0.0000,-499.1000,55.3600,12,0,0,0,0,,499.1000,-0.0499,12,12,1761796800,1789617600
sim-b009-032,batch-009,breakout_hold,breakout-hold-b009-032,nobel_forward,318,9500.9000,8975.0200,525.8800,0.0000,-499.1000,55.3600,12,0,0,0,0,,499.1000,-0.0499,12,12,1761796800,1789617600
sim-b009-033,batch-009,breakout_hold,breakout-hold-b009-033,nobel_forward,318,9500.9000,8975.0200,525.8800,0.0000,-499.1000,55.3600,12,0,0,0,0,,499.1000,-0.0499,12,12,1761796800,1789617600
sim-b008-076,batch-008,relative_spread_value,relative-spread-value-b008-076,nobel_forward,321,9489.7140,8973.9200,515.7940,0.0000,-510.2860,57.5300,18,0,0,0,0,,510.2860,-0.0510,18,18,1760587200,1790136000
sim-b008-077,batch-008,relative_spread_value,relative-spread-value-b008-077,nobel_forward,322,9489.5440,8973.9000,515.6440,0.0000,-510.4560,57.4000,18,0,0,0,0,,510.4560,-0.0510,18,18,1760500800,1790136000
sim-b008-078,batch-008,relative_spread_value,relative-spread-value-b008-078,nobel_forward,322,9489.5440,8973.9000,515.6440,0.0000,-510.4560,57.4000,18,0,0,0,0,,510.4560,-0.0510,18,18,1760500800,1790136000
sim-b008-079,batch-008,relative_spread_value,relative-spread-value-b008-079,nobel_forward,322,9489.5440,8973.9000,515.6440,0.0000,-510.4560,57.4000,18,0,0,0,0,,510.4560,-0.0510,18,18,1760500800,1790136000
sim-b008-080,batch-008,relative_spread_value,relative-spread-value-b008-080,nobel_forward,322,9489.5440,8973.9000,515.6440,0.0000,-510.4560,57.4000,18,0,0,0,0,,510.4560,-0.0510,18,18,1760500800,1790136000
sim-b006-094,batch-006,mean_reversion,mean-reversion-b006-094,nobel_forward,326,9452.3200,9357.3200,95.0000,-462.8200,-84.8600,111.8800,36,0,0,17,17,0.0000,547.6800,-0.0548,17,2,1778904000,1789963200
sim-b006-095,batch-006,mean_reversion,mean-reversion-b006-095,nobel_forward,326,9452.3200,9357.3200,95.0000,-462.8200,-84.8600,111.8800,36,0,0,17,17,0.0000,547.6800,-0.0548,17,2,1778904000,1789963200
sim-b006-096,batch-006,mean_reversion,mean-reversion-b006-096,nobel_forward,326,9452.3200,9357.3200,95.0000,-462.8200,-84.8600,111.8800,36,0,0,17,17,0.0000,547.6800,-0.0548,17,2,1778904000,1789963200
sim-b010-093,batch-010,slice_band,slice-band-b010-093,nobel_forward,329,9440.2740,8842.9700,597.3040,0.0000,-559.7260,57.7500,11,0,0,0,0,,559.7260,-0.0560,11,11,1760500800,1788148800
sim-b006-058,batch-006,mean_reversion,mean-reversion-b006-058,nobel_forward,330,9434.1300,9399.1300,35.0000,-521.4000,-44.4700,128.2300,43,0,2,19,21,0.0952,565.8700,-0.0566,18,1,1778990400,1789790400
sim-b006-059,batch-006,mean_reversion,mean-reversion-b006-059,nobel_forward,330,9434.1300,9399.1300,35.0000,-521.4000,-44.4700,128.2300,43,0,2,19,21,0.0952,565.8700,-0.0566,18,1,1778990400,1789790400
sim-b006-060,batch-006,mean_reversion,mean-reversion-b006-060,nobel_forward,330,9434.1300,9399.1300,35.0000,-521.4000,-44.4700,128.2300,43,0,2,19,21,0.0952,565.8700,-0.0566,18,1,1778990400,1789790400
sim-b006-074,batch-006,mean_reversion,mean-reversion-b006-074,nobel_forward,333,9414.1700,9379.1700,35.0000,-541.3600,-44.4700,134.6500,41,0,1,19,20,0.0500,585.8300,-0.0586,18,1,1761019200,1789790400
sim-b006-075,batch-006,mean_reversion,mean-reversion-b006-075,nobel_forward,333,9414.1700,9379.1700,35.0000,-541.3600,-44.4700,134.6500,41,0,1,19,20,0.0500,585.8300,-0.0586,18,1,1761019200,1789790400
sim-b006-076,batch-006,mean_reversion,mean-reversion-b006-076,nobel_forward,333,9414.1700,9379.1700,35.0000,-541.3600,-44.4700,134.6500,41,0,1,19,20,0.0500,585.8300,-0.0586,18,1,1761019200,1789790400
sim-b009-019,batch-009,breakout_hold,breakout-hold-b009-019,nobel_forward,336,9403.3900,8749.5000,653.8900,0.0000,-596.6100,66.0200,14,0,0,0,0,,596.6100,-0.0597,14,14,1761796800,1789617600
sim-b009-020,batch-009,breakout_hold,breakout-hold-b009-020,nobel_forward,336,9403.3900,8749.5000,653.8900,0.0000,-596.6100,66.0200,14,0,0,0,0,,596.6100,-0.0597,14,14,1761796800,1789617600
sim-b009-021,batch-009,breakout_hold,breakout-hold-b009-021,nobel_forward,336,9403.3900,8749.5000,653.8900,0.0000,-596.6100,66.0200,14,0,0,0,0,,596.6100,-0.0597,14,14,1761796800,1789617600
sim-b001-068,batch-001,null_model,null-model-b001-068,nobel_forward,339,9302.8810,6801.9820,2500.8990,0.0000,-697.1190,73.8500,43,0,0,0,0,,697.1190,-0.0697,43,43,1760760000,1790269200
sim-b009-007,batch-009,breakout_hold,breakout-hold-b009-007,nobel_forward,340,9296.0900,8532.6200,763.4700,0.0000,-703.9100,78.0800,17,0,0,0,0,,703.9100,-0.0704,17,17,1761796800,1789704000
sim-b009-008,batch-009,breakout_hold,breakout-hold-b009-008,nobel_forward,340,9296.0900,8532.6200,763.4700,0.0000,-703.9100,78.0800,17,0,0,0,0,,703.9100,-0.0704,17,17,1761796800,1789704000
sim-b009-009,batch-009,breakout_hold,breakout-hold-b009-009,nobel_forward,340,9296.0900,8532.6200,763.4700,0.0000,-703.9100,78.0800,17,0,0,0,0,,703.9100,-0.0704,17,17,1761796800,1789704000
sim-b006-017,batch-006,mean_reversion,mean-reversion-b006-017,nobel_forward,343,9288.0400,9050.0400,238.0000,-510.2000,-201.7600,130.3800,40,0,0,17,17,0.0000,711.9600,-0.0712,19,6,1778731200,1790136000
sim-b001-069,batch-001,null_model,null-model-b001-069,nobel_forward,344,9280.2920,6643.0310,2637.2610,0.0000,-719.7080,75.3600,40,0,0,0,0,,719.7080,-0.0720,40,40,1763010000,1790136000
sim-b006-013,batch-006,mean_reversion,mean-reversion-b006-013,nobel_forward,345,9273.2200,9020.2200,253.0000,-492.1500,-234.6300,145.2000,45,0,1,18,19,0.0526,726.7800,-0.0727,22,7,1778731200,1790136000
sim-b001-065,batch-001,null_model,null-model-b001-065,nobel_forward,346,9271.9290,7045.7190,2226.2100,0.0000,-728.0710,84.4500,40,0,0,0,0,,728.0710,-0.0728,40,40,1760673600,1789610400
sim-b006-037,batch-006,mean_reversion,mean-reversion-b006-037,nobel_forward,347,9271.4300,9038.4300,233.0000,-543.4900,-185.0800,125.3700,45,0,0,20,20,0.0000,728.5700,-0.0729,22,5,1778904000,1790222400
sim-b001-072,batch-001,null_model,null-model-b001-072,nobel_forward,348,9261.6860,7339.3500,1922.3360,0.0000,-738.3140,72.6500,36,0,0,0,0,,738.3140,-0.0738,36,36,1762405200,1789790400
sim-b006-053,batch-006,mean_reversion,mean-reversion-b006-053,nobel_forward,349,9255.9800,8977.9800,278.0000,-524.0200,-220.0000,136.8200,47,0,0,20,20,0.0000,744.0200,-0.0744,24,7,1778904000,1790049600
sim-b001-060,batch-001,null_model,null-model-b001-060,nobel_forward,350,9246.4030,6992.5600,2253.8430,0.0000,-753.5970,66.7100,39,0,0,0,0,,753.5970,-0.0754,39,39,1762142400,1790269200
sim-b003-001,batch-003,longshot_band,longshot-band-b003-001,nobel_forward,351,9246.0300,7900.0300,1346.0000,0.0000,-753.9700,126.9700,54,0,0,0,0,,753.9700,-0.0754,54,54,1764478800,1789902000
sim-b003-021,batch-003,longshot_band,longshot-band-b003-021,nobel_forward,352,9224.7100,7878.7100,1346.0000,0.0000,-775.2900,128.2900,54,0,0,0,0,,775.2900,-0.0775,54,54,1764478800,1789902000
sim-b001-075,batch-001,null_model,null-model-b001-075,nobel_forward,353,9223.5680,6434.0980,2789.4700,0.0000,-776.4320,72.5500,44,0,0,0,0,,776.4320,-0.0776,44,44,1760500800,1790222400
sim-b001-061,batch-001,null_model,null-model-b001-061,nobel_forward,354,9187.2600,6547.8640,2639.3960,0.0000,-812.7400,84.8600,41,0,0,0,0,,812.7400,-0.0813,41,41,1762056000,1790262000
sim-b010-094,batch-010,slice_band,slice-band-b010-094,nobel_forward,355,9185.5740,8317.2300,868.3440,0.0000,-814.4260,83.5100,16,0,0,0,0,,814.4260,-0.0814,16,16,1760414400,1790262000
sim-b001-051,batch-001,null_model,null-model-b001-051,nobel_forward,356,9177.8280,6704.4020,2473.4260,0.0000,-822.1720,76.1300,41,0,0,0,0,,822.1720,-0.0822,41,41,1760587200,1790262000
sim-b001-067,batch-001,null_model,null-model-b001-067,nobel_forward,357,9177.6600,6758.2470,2419.4130,0.0000,-822.3400,77.4100,41,0,0,0,0,,822.3400,-0.0822,41,41,1762491600,1790262000
sim-b001-066,batch-001,null_model,null-model-b001-066,nobel_forward,358,9176.3900,7037.8700,2138.5200,0.0000,-823.6100,80.6600,39,0,0,0,0,,823.6100,-0.0824,39,39,1761364800,1790172000
sim-b001-062,batch-001,null_model,null-model-b001-062,nobel_forward,359,9172.4360,7121.0660,2051.3700,0.0000,-827.5640,79.0400,38,0,0,0,0,,827.5640,-0.0828,38,38,1763787600,1790269200
sim-b001-054,batch-001,null_model,null-model-b001-054,nobel_forward,360,9160.7850,6543.4320,2617.3530,0.0000,-839.2150,96.8600,44,0,0,0,0,,839.2150,-0.0839,44,44,1761796800,1790265600
sim-b001-073,batch-001,null_model,null-model-b001-073,nobel_forward,361,9159.8920,7518.1820,1641.7100,0.0000,-840.1080,82.6700,34,0,0,0,0,,840.1080,-0.0840,34,34,1762837200,1790222400
sim-b006-069,batch-006,mean_reversion,mean-reversion-b006-069,nobel_forward,362,9158.3800,8855.3800,303.0000,-582.9200,-258.7000,186.5600,58,0,1,24,25,0.0400,841.6200,-0.0842,25,8,1761019200,1790049600
sim-b001-063,batch-001,null_model,null-model-b001-063,nobel_forward,363,9154.3240,6975.1540,2179.1700,0.0000,-845.6760,92.6500,42,0,0,0,0,,845.6760,-0.0846,42,42,1761537600,1790269200
sim-b001-071,batch-001,null_model,null-model-b001-071,nobel_forward,364,9139.5900,7018.6500,2120.9400,0.0000,-860.4100,79.1300,39,0,0,0,0,,860.4100,-0.0860,39,39,1762142400,1790222400
sim-b003-061,batch-003,longshot_band,longshot-band-b003-061,nobel_forward,365,9138.7400,7802.7400,1336.0000,0.0000,-861.2600,132.2600,49,0,0,0,0,,861.2600,-0.0861,49,49,1768107600,1789686000
sim-b003-081,batch-003,longshot_band,longshot-band-b003-081,nobel_forward,366,9129.1700,7818.1700,1311.0000,0.0000,-870.8300,130.8300,46,0,0,0,0,,870.8300,-0.0871,46,46,1768194000,1789743600
sim-b003-041,batch-003,longshot_band,longshot-band-b003-041,nobel_forward,367,9127.1500,7791.1500,1336.0000,0.0000,-872.8500,133.3500,52,0,0,0,0,,872.8500,-0.0873,52,52,1764478800,1789610400
sim-b006-090,batch-006,mean_reversion,mean-reversion-b006-090,nobel_forward,368,9125.1500,9042.1500,83.0000,-773.1300,-101.7200,186.4900,58,0,0,28,28,0.0000,874.8500,-0.0875,20,2,1761105600,1789790400
sim-b006-091,batch-006,mean_reversion,mean-reversion-b006-091,nobel_forward,368,9125.1500,9042.1500,83.0000,-773.1300,-101.7200,186.4900,58,0,0,28,28,0.0000,874.8500,-0.0875,20,2,1761105600,1789790400
sim-b006-033,batch-006,mean_reversion,mean-reversion-b006-033,nobel_forward,370,9123.9400,8795.9400,328.0000,-562.8300,-313.2300,157.8600,55,0,1,22,23,0.0435,876.0600,-0.0876,29,9,1778904000,1790222400
sim-b001-053,batch-001,null_model,null-model-b001-053,nobel_forward,371,9105.4420,6284.9120,2820.5300,0.0000,-894.5580,96.7600,48,0,0,0,0,,894.5580,-0.0895,48,48,1762056000,1790222400
sim-b010-095,batch-010,slice_band,slice-band-b010-095,nobel_forward,372,9097.0540,8212.0700,884.9840,0.0000,-902.9460,88.8300,17,0,0,0,0,,902.9460,-0.0903,17,17,1760414400,1790262000
sim-b010-096,batch-010,slice_band,slice-band-b010-096,nobel_forward,372,9097.0540,8212.0700,884.9840,0.0000,-902.9460,88.8300,17,0,0,0,0,,902.9460,-0.0903,17,17,1760414400,1790262000
sim-b006-092,batch-006,mean_reversion,mean-reversion-b006-092,nobel_forward,374,9086.8100,9003.8100,83.0000,-811.4700,-101.7200,196.2700,60,0,0,29,29,0.0000,913.1900,-0.0913,20,2,1761105600,1789790400
sim-b001-074,batch-001,null_model,null-model-b001-074,nobel_forward,375,9070.5620,7496.2620,1574.3000,0.0000,-929.4380,82.6300,36,0,0,0,0,,929.4380,-0.0929,36,36,1760587200,1790272800
sim-b001-056,batch-001,null_model,null-model-b001-056,nobel_forward,376,9067.3450,6543.2860,2524.0590,0.0000,-932.6550,85.5500,43,0,0,0,0,,932.6550,-0.0933,43,43,1762232400,1790164800
sim-b001-058,batch-001,null_model,null-model-b001-058,nobel_forward,377,9065.5880,6982.3050,2083.2830,0.0000,-934.4120,87.6000,40,0,0,0,0,,934.4120,-0.0934,40,40,1760760000,1790222400
sim-b001-042,batch-001,null_model,null-model-b001-042,nobel_forward,378,9033.4060,4969.6770,4063.7290,0.0000,-966.5940,107.2000,63,0,0,0,0,,966.5940,-0.0967,63,63,1760846400,1790269200
sim-b001-070,batch-001,null_model,null-model-b001-070,nobel_forward,379,9026.6640,7279.5680,1747.0960,0.0000,-973.3360,92.4000,37,0,0,0,0,,973.3360,-0.0973,37,37,1760500800,1790222400
sim-b003-082,batch-003,longshot_band,longshot-band-b003-082,nobel_forward,380,9021.5300,7605.5300,1416.0000,0.0000,-978.4700,143.4700,50,0,0,0,0,,978.4700,-0.0978,50,50,1761969600,1789743600
sim-b001-064,batch-001,null_model,null-model-b001-064,nobel_forward,381,9008.6500,7060.4400,1948.2100,0.0000,-991.3500,99.2000,40,0,0,0,0,,991.3500,-0.0991,40,40,1762232400,1790269200
sim-b001-036,batch-001,null_model,null-model-b001-036,nobel_forward,382,9007.7450,5020.1560,3987.5890,0.0000,-992.2550,92.3600,58,0,0,0,0,,992.2550,-0.0992,58,58,1761278400,1790262000
sim-b001-040,batch-001,null_model,null-model-b001-040,nobel_forward,383,9006.9290,5223.6700,3783.2590,0.0000,-993.0710,101.9500,62,0,0,0,0,,993.0710,-0.0993,62,62,1760500800,1790262000
sim-b001-057,batch-001,null_model,null-model-b001-057,nobel_forward,384,8999.7000,7059.8540,1939.8460,0.0000,-1000.3000,90.3100,39,0,0,0,0,,1000.3000,-0.1000,39,39,1761278400,1790222400
sim-b003-083,batch-003,longshot_band,longshot-band-b003-083,nobel_forward,385,8995.1100,7579.1100,1416.0000,0.0000,-1004.8900,144.8900,50,0,0,0,0,,1004.8900,-0.1005,50,50,1760500800,1789743600
sim-b003-084,batch-003,longshot_band,longshot-band-b003-084,nobel_forward,385,8995.1100,7579.1100,1416.0000,0.0000,-1004.8900,144.8900,50,0,0,0,0,,1004.8900,-0.1005,50,50,1760500800,1789743600
sim-b001-024,batch-001,null_model,null-model-b001-024,nobel_forward,387,8981.7450,4838.6360,4143.1090,0.0000,-1018.2550,112.0200,64,0,0,0,0,,1018.2550,-0.1018,64,64,1760587200,1790269200
sim-b001-052,batch-001,null_model,null-model-b001-052,nobel_forward,388,8979.4600,6619.6200,2359.8400,0.0000,-1020.5400,98.7000,46,0,0,0,0,,1020.5400,-0.1021,46,46,1762405200,1790269200
sim-b006-049,batch-006,mean_reversion,mean-reversion-b006-049,nobel_forward,389,8976.2000,8573.2000,403.0000,-668.7700,-355.0300,203.0200,65,0,1,26,27,0.0370,1023.8000,-0.1024,30,11,1760932800,1790049600
sim-b003-002,batch-003,longshot_band,longshot-band-b003-002,nobel_forward,390,8951.0700,7525.0700,1426.0000,0.0000,-1048.9300,148.9300,56,0,0,0,0,,1048.9300,-0.1049,56,56,1760500800,1789578000
sim-b003-022,batch-003,longshot_band,longshot-band-b003-022,nobel_forward,390,8951.0700,7525.0700,1426.0000,0.0000,-1048.9300,148.9300,56,0,0,0,0,,1048.9300,-0.1049,56,56,1760500800,1789578000
sim-b001-019,batch-001,null_model,null-model-b001-019,nobel_forward,392,8945.3340,5891.9280,3053.4060,0.0000,-1054.6660,113.6500,56,0,0,0,0,,1054.6660,-0.1055,56,56,1760673600,1790222400
sim-b003-062,batch-003,longshot_band,longshot-band-b003-062,nobel_forward,393,8940.6900,7514.6900,1426.0000,0.0000,-1059.3100,149.3100,54,0,0,0,0,,1059.3100,-0.1059,54,54,1760500800,1789578000
sim-b001-008,batch-001,null_model,null-model-b001-008,nobel_forward,394,8940.0400,5281.8700,3658.1700,0.0000,-1059.9600,106.6900,60,0,0,0,0,,1059.9600,-0.1060,60,60,1760500800,1790269200
sim-b003-003,batch-003,longshot_band,longshot-band-b003-003,nobel_forward,395,8924.6500,7498.6500,1426.0000,0.0000,-1075.3500,150.3500,56,0,0,0,0,,1075.3500,-0.1075,56,56,1760500800,1789578000
sim-b003-004,batch-003,longshot_band,longshot-band-b003-004,nobel_forward,395,8924.6500,7498.6500,1426.0000,0.0000,-1075.3500,150.3500,56,0,0,0,0,,1075.3500,-0.1075,56,56,1760500800,1789578000
sim-b003-023,batch-003,longshot_band,longshot-band-b003-023,nobel_forward,395,8924.6500,7498.6500,1426.0000,0.0000,-1075.3500,150.3500,56,0,0,0,0,,1075.3500,-0.1075,56,56,1760500800,1789578000
sim-b003-024,batch-003,longshot_band,longshot-band-b003-024,nobel_forward,395,8924.6500,7498.6500,1426.0000,0.0000,-1075.3500,150.3500,56,0,0,0,0,,1075.3500,-0.1075,56,56,1760500800,1789578000
sim-b001-021,batch-001,null_model,null-model-b001-021,nobel_forward,399,8920.5510,5164.4440,3756.1070,0.0000,-1079.4490,116.4400,62,0,0,0,0,,1079.4490,-0.1079,62,62,1760673600,1790269200
sim-b001-003,batch-001,null_model,null-model-b001-003,nobel_forward,400,8916.2060,5241.7670,3674.4390,0.0000,-1083.7940,106.6900,58,0,0,0,0,,1083.7940,-0.1084,58,58,1760932800,1790262000
sim-b001-055,batch-001,null_model,null-model-b001-055,nobel_forward,401,8915.5200,7107.8100,1807.7100,0.0000,-1084.4800,102.3600,40,0,0,0,0,,1084.4800,-0.1084,40,40,1760500800,1790262000
sim-b003-063,batch-003,longshot_band,longshot-band-b003-063,nobel_forward,402,8914.2700,7488.2700,1426.0000,0.0000,-1085.7300,150.7300,54,0,0,0,0,,1085.7300,-0.1086,54,54,1760500800,1789578000
sim-b003-064,batch-003,longshot_band,longshot-band-b003-064,nobel_forward,402,8914.2700,7488.2700,1426.0000,0.0000,-1085.7300,150.7300,54,0,0,0,0,,1085.7300,-0.1086,54,54,1760500800,1789578000
sim-b001-010,batch-001,null_model,null-model-b001-010,nobel_forward,404,8904.8130,5608.3630,3296.4500,0.0000,-1095.1870,113.5600,57,0,0,0,0,,1095.1870,-0.1095,57,57,1761105600,1790269200
sim-b003-042,batch-003,longshot_band,longshot-band-b003-042,nobel_forward,405,8892.6600,7466.6600,1426.0000,0.0000,-1107.3400,152.3400,56,0,0,0,0,,1107.3400,-0.1107,56,56,1760500800,1789578000
sim-b006-029,batch-006,mean_reversion,mean-reversion-b006-029,nobel_forward,406,8886.3700,8471.5700,414.8000,-781.9900,-331.6400,218.1400,70,0,1,29,30,0.0333,1113.6300,-0.1114,31,10,1760760000,1790222400
sim-b001-020,batch-001,null_model,null-model-b001-020,nobel_forward,407,8880.4730,4905.6410,3974.8320,0.0000,-1119.5270,114.6100,63,0,0,0,0,,1119.5270,-0.1120,63,63,1760932800,1790269200
sim-b001-018,batch-001,null_model,null-model-b001-018,nobel_forward,408,8871.8330,5049.6200,3822.2130,0.0000,-1128.1670,127.1500,62,0,0,0,0,,1128.1670,-0.1128,62,62,1761364800,1790262000
sim-b006-009,batch-006,mean_reversion,mean-reversion-b006-009,nobel_forward,409,8869.9300,8505.1300,364.8000,-843.6000,-286.4700,238.0300,69,0,1,29,30,0.0333,1130.0700,-0.1130,28,9,1761019200,1790136000
sim-b001-014,batch-001,null_model,null-model-b001-014,nobel_forward,410,8867.3570,4822.2460,4045.1110,0.0000,-1132.6430,101.5900,63,0,0,0,0,,1132.6430,-0.1133,63,63,1761278400,1790269200
sim-b003-043,batch-003,longshot_band,longshot-band-b003-043,nobel_forward,411,8866.2400,7440.2400,1426.0000,0.0000,-1133.7600,153.7600,56,0,0,0,0,,1133.7600,-0.1134,56,56,1760500800,1789578000
sim-b003-044,batch-003,longshot_band,longshot-band-b003-044,nobel_forward,411,8866.2400,7440.2400,1426.0000,0.0000,-1133.7600,153.7600,56,0,0,0,0,,1133.7600,-0.1134,56,56,1760500800,1789578000
sim-b001-026,batch-001,null_model,null-model-b001-026,nobel_forward,413,8865.4640,5059.8300,3805.6340,0.0000,-1134.5360,118.6300,63,0,0,0,0,,1134.5360,-0.1135,63,63,1760587200,1790269200
sim-b001-046,batch-001,null_model,null-model-b001-046,nobel_forward,414,8854.4470,4291.2910,4563.1560,0.0000,-1145.5530,101.4200,67,0,0,0,0,,1145.5530,-0.1146,67,67,1761105600,1790269200
sim-b001-043,batch-001,null_model,null-model-b001-043,nobel_forward,415,8836.3260,5181.9250,3654.4010,0.0000,-1163.6740,110.4200,60,0,0,0,0,,1163.6740,-0.1164,60,60,1760587200,1789808400
sim-b001-025,batch-001,null_model,null-model-b001-025,nobel_forward,416,8832.6470,4582.3400,4250.3070,0.0000,-1167.3530,119.1200,67,0,0,0,0,,1167.3530,-0.1167,67,67,1760500800,1790269200
sim-b001-059,batch-001,null_model,null-model-b001-059,nobel_forward,417,8830.2190,5814.1680,3016.0510,0.0000,-1169.7810,109.2800,54,0,0,0,0,,1169.7810,-0.1170,54,54,1761105600,1790049600
sim-b001-032,batch-001,null_model,null-model-b001-032,nobel_forward,418,8819.4470,5275.3570,3544.0900,0.0000,-1180.5530,101.3200,59,0,0,0,0,,1180.5530,-0.1181,59,59,1760846400,1790262000
sim-b001-039,batch-001,null_model,null-model-b001-039,nobel_forward,419,8816.2470,4959.8510,3856.3960,0.0000,-1183.7530,120.1800,64,0,0,0,0,,1183.7530,-0.1184,64,64,1760587200,1790269200
sim-b001-001,batch-001,null_model,null-model-b001-001,nobel_forward,420,8807.4320,5354.1590,3453.2730,0.0000,-1192.5680,115.3100,62,0,0,0,0,,1192.5680,-0.1193,62,62,1761105600,1790269200
sim-b001-035,batch-001,null_model,null-model-b001-035,nobel_forward,421,8800.6660,5408.0260,3392.6400,0.0000,-1199.3340,109.9500,60,0,0,0,0,,1199.3340,-0.1199,60,60,1760760000,1790269200
sim-b001-016,batch-001,null_model,null-model-b001-016,nobel_forward,422,8799.7650,4984.4150,3815.3500,0.0000,-1200.2350,121.4000,63,0,0,0,0,,1200.2350,-0.1200,63,63,1761192000,1790269200
sim-b001-007,batch-001,null_model,null-model-b001-007,nobel_forward,423,8792.2310,4785.5310,4006.7000,0.0000,-1207.7690,117.9100,62,0,0,0,0,,1207.7690,-0.1208,62,62,1760760000,1790262000
sim-b001-004,batch-001,null_model,null-model-b001-004,nobel_forward,424,8777.1660,5148.1160,3629.0500,0.0000,-1222.8340,130.3300,61,0,0,0,0,,1222.8340,-0.1223,61,61,1760673600,1790136000
sim-b001-099,batch-001,null_model,null-model-b001-099,nobel_forward,425,8751.3980,4359.0680,4392.3300,0.0000,-1248.6020,127.7900,71,0,0,0,0,,1248.6020,-0.1249,71,71,1760587200,1790269200
sim-b001-085,batch-001,null_model,null-model-b001-085,nobel_forward,426,8731.3670,4542.3570,4189.0100,0.0000,-1268.6330,135.7900,70,0,0,0,0,,1268.6330,-0.1269,70,70,1760500800,1790269200
sim-b001-082,batch-001,null_model,null-model-b001-082,nobel_forward,427,8720.6040,5268.9040,3451.7000,0.0000,-1279.3960,146.8100,67,0,0,0,0,,1279.3960,-0.1279,67,67,1760500800,1790269200
sim-b005-085,batch-005,contrarian,contrarian-b005-085,nobel_forward,428,8716.0200,7078.9300,1637.0900,-852.4400,-431.5400,359.5300,132,0,4,49,53,0.0755,1283.9800,-0.1284,26,26,1761278400,1789963200
sim-b001-041,batch-001,null_model,null-model-b001-041,nobel_forward,429,8714.0550,5468.4080,3245.6470,0.0000,-1285.9450,122.5700,59,0,0,0,0,,1285.9450,-0.1286,59,59,1761969600,1790262000
sim-b001-013,batch-001,null_model,null-model-b001-013,nobel_forward,430,8699.3900,5149.8320,3549.5580,0.0000,-1300.6100,133.7100,63,0,0,0,0,,1300.6100,-0.1301,63,63,1761105600,1790262000
sim-b001-044,batch-001,null_model,null-model-b001-044,nobel_forward,431,8692.6910,4913.1750,3779.5160,0.0000,-1307.3090,127.0700,66,0,0,0,0,,1307.3090,-0.1307,66,66,1760673600,1790269200
sim-b001-031,batch-001,null_model,null-model-b001-031,nobel_forward,432,8687.4140,4936.7350,3750.6790,0.0000,-1312.5860,126.7600,62,0,0,0,0,,1312.5860,-0.1313,62,62,1760846400,1790262000
sim-b001-047,batch-001,null_model,null-model-b001-047,nobel_forward,433,8684.7620,5181.0320,3503.7300,0.0000,-1315.2380,123.7500,63,0,0,0,0,,1315.2380,-0.1315,63,63,1760846400,1790269200
sim-b001-095,batch-001,null_model,null-model-b001-095,nobel_forward,434,8677.6370,4666.4880,4011.1490,0.0000,-1322.3630,135.8500,69,0,0,0,0,,1322.3630,-0.1322,69,69,1760587200,1790269200
sim-b001-033,batch-001,null_model,null-model-b001-033,nobel_forward,435,8675.9680,5049.2850,3626.6830,0.0000,-1324.0320,128.7800,66,0,0,0,0,,1324.0320,-0.1324,66,66,1760673600,1790262000
sim-b001-078,batch-001,null_model,null-model-b001-078,nobel_forward,436,8675.3930,4648.8570,4026.5360,0.0000,-1324.6070,132.0400,70,0,0,0,0,,1324.6070,-0.1325,70,70,1760500800,1790269200
sim-b005-084,batch-005,contrarian,contrarian-b005-084,nobel_forward,437,8658.5900,7021.5000,1637.0900,-909.8700,-431.5400,373.6300,138,0,4,52,56,0.0714,1341.4100,-0.1341,26,26,1761278400,1789963200
sim-b001-011,batch-001,null_model,null-model-b001-011,nobel_forward,438,8655.6200,5018.6450,3636.9750,0.0000,-1344.3800,138.2300,68,0,0,0,0,,1344.3800,-0.1344,68,68,1760500800,1790269200
sim-b005-083,batch-005,contrarian,contrarian-b005-083,nobel_forward,439,8645.7400,7008.6500,1637.0900,-922.7200,-431.5400,372.4800,138,0,4,52,56,0.0714,1354.2600,-0.1354,26,26,1760760000,1789963200
sim-b001-038,batch-001,null_model,null-model-b001-038,nobel_forward,440,8643.9960,5622.8860,3021.1100,0.0000,-1356.0040,127.2400,58,0,0,0,0,,1356.0040,-0.1356,58,58,1760673600,1790262000
sim-b001-045,batch-001,null_model,null-model-b001-045,nobel_forward,441,8641.6800,4884.6940,3756.9860,0.0000,-1358.3200,142.3200,69,0,0,0,0,,1358.3200,-0.1358,69,69,1760846400,1790269200
sim-b009-028,batch-009,breakout_hold,breakout-hold-b009-028,nobel_forward,442,8634.8000,7469.6200,1165.1800,0.0000,-1365.2000,140.8400,35,0,0,0,0,,1365.2000,-0.1365,35,35,1761796800,1789617600
sim-b009-029,batch-009,breakout_hold,breakout-hold-b009-029,nobel_forward,442,8634.8000,7469.6200,1165.1800,0.0000,-1365.2000,140.8400,35,0,0,0,0,,1365.2000,-0.1365,35,35,1761796800,1789617600
sim-b009-030,batch-009,breakout_hold,breakout-hold-b009-030,nobel_forward,442,8634.8000,7469.6200,1165.1800,0.0000,-1365.2000,140.8400,35,0,0,0,0,,1365.2000,-0.1365,35,35,1761796800,1789617600
sim-b001-049,batch-001,null_model,null-model-b001-049,nobel_forward,445,8632.4070,4306.6610,4325.7460,0.0000,-1367.5930,131.1200,69,0,0,0,0,,1367.5930,-0.1368,69,69,1760414400,1790269200
sim-b001-028,batch-001,null_model,null-model-b001-028,nobel_forward,446,8621.0180,4936.4030,3684.6150,0.0000,-1378.9820,134.4400,63,0,0,0,0,,1378.9820,-0.1379,63,63,1760500800,1790269200
sim-b001-006,batch-001,null_model,null-model-b001-006,nobel_forward,447,8620.9620,5366.2220,3254.7400,0.0000,-1379.0380,134.6300,62,0,0,0,0,,1379.0380,-0.1379,62,62,1760932800,1790269200
sim-b001-002,batch-001,null_model,null-model-b001-002,nobel_forward,448,8616.3460,4737.1100,3879.2360,0.0000,-1383.6540,132.5400,68,0,0,0,0,,1383.6540,-0.1384,68,68,1760760000,1790269200
sim-b001-015,batch-001,null_model,null-model-b001-015,nobel_forward,449,8614.6400,5384.3540,3230.2860,0.0000,-1385.3600,136.1900,62,0,0,0,0,,1385.3600,-0.1385,62,62,1761278400,1790269200
sim-b001-005,batch-001,null_model,null-model-b001-005,nobel_forward,450,8606.8620,5397.9940,3208.8680,0.0000,-1393.1380,125.4900,60,0,0,0,0,,1393.1380,-0.1393,60,60,1760760000,1790262000
sim-b001-090,batch-001,null_model,null-model-b001-090,nobel_forward,451,8604.3820,4769.3560,3835.0260,0.0000,-1395.6180,147.2500,69,0,0,0,0,,1395.6180,-0.1396,69,69,1760500800,1790269200
sim-b001-079,batch-001,null_model,null-model-b001-079,nobel_forward,452,8595.5870,4697.5410,3898.0460,0.0000,-1404.4130,139.5700,69,0,0,0,0,,1404.4130,-0.1404,69,69,1760673600,1790269200
sim-b001-091,batch-001,null_model,null-model-b001-091,nobel_forward,453,8590.7470,4678.9370,3911.8100,0.0000,-1409.2530,152.9700,71,0,0,0,0,,1409.2530,-0.1409,71,71,1760587200,1790269200
sim-b001-050,batch-001,null_model,null-model-b001-050,nobel_forward,454,8589.3950,4906.7760,3682.6190,0.0000,-1410.6050,124.4800,62,0,0,0,0,,1410.6050,-0.1411,62,62,1760673600,1790269200
sim-b001-012,batch-001,null_model,null-model-b001-012,nobel_forward,455,8585.6150,4815.2490,3770.3660,0.0000,-1414.3850,139.7200,66,0,0,0,0,,1414.3850,-0.1414,66,66,1760760000,1790269200
sim-b001-098,batch-001,null_model,null-model-b001-098,nobel_forward,456,8572.3380,5079.5720,3492.7660,0.0000,-1427.6620,140.0200,68,0,0,0,0,,1427.6620,-0.1428,68,68,1760500800,1790269200
sim-b001-029,batch-001,null_model,null-model-b001-029,nobel_forward,457,8571.7620,5108.1560,3463.6060,0.0000,-1428.2380,136.1400,63,0,0,0,0,,1428.2380,-0.1428,63,63,1761019200,1790269200
sim-b001-022,batch-001,null_model,null-model-b001-022,nobel_forward,458,8571.4720,5032.4420,3539.0300,0.0000,-1428.5280,125.4100,64,0,0,0,0,,1428.5280,-0.1429,64,64,1760760000,1790269200
sim-b001-037,batch-001,null_model,null-model-b001-037,nobel_forward,459,8568.6800,5232.4340,3336.2460,0.0000,-1431.3200,137.6600,62,0,0,0,0,,1431.3200,-0.1431,62,62,1760932800,1790269200
sim-b001-092,batch-001,null_model,null-model-b001-092,nobel_forward,460,8568.6050,4568.3890,4000.2160,0.0000,-1431.3950,141.1800,70,0,0,0,0,,1431.3950,-0.1431,70,70,1760500800,1790262000
sim-b010-033,batch-010,tight_value_ranged,tight-value-ranged-b010-033,nobel_forward,461,8561.9600,6987.8900,1574.0700,0.0000,-1438.0400,172.1500,44,0,0,0,0,,1438.0400,-0.1438,44,44,1760760000,1787803200
sim-b001-027,batch-001,null_model,null-model-b001-027,nobel_forward,462,8560.7080,5160.8590,3399.8490,0.0000,-1439.2920,133.9300,63,0,0,0,0,,1439.2920,-0.1439,63,63,1760673600,1790269200
sim-b005-081,batch-005,contrarian,contrarian-b005-081,nobel_forward,463,8555.0400,6770.4900,1784.5500,-863.9200,-581.0400,406.8200,154,0,9,52,61,0.1475,1452.7100,-0.1445,32,32,1760500800,1789704000
sim-b001-048,batch-001,null_model,null-model-b001-048,nobel_forward,464,8552.7680,4844.7280,3708.0400,0.0000,-1447.2320,135.7500,66,0,0,0,0,,1447.2320,-0.1447,66,66,1760500800,1790269200
sim-b001-030,batch-001,null_model,null-model-b001-030,nobel_forward,465,8548.1500,5243.8300,3304.3200,0.0000,-1451.8500,155.4300,65,0,0,0,0,,1451.8500,-0.1452,65,65,1760414400,1790269200
sim-b001-017,batch-001,null_model,null-model-b001-017,nobel_forward,466,8548.0540,4979.4580,3568.5960,0.0000,-1451.9460,137.9300,64,0,0,0,0,,1451.9460,-0.1452,64,64,1760846400,1790269200
sim-b001-084,batch-001,null_model,null-model-b001-084,nobel_forward,467,8547.0890,4555.4400,3991.6490,0.0000,-1452.9110,147.7700,72,0,0,0,0,,1452.9110,-0.1453,72,72,1760587200,1790269200
sim-b008-081,batch-008,relative_spread_value,relative-spread-value-b008-081,nobel_forward,468,8545.1840,6958.9900,1586.1940,0.0000,-1454.8160,172.4200,45,0,0,0,0,,1454.8160,-0.1455,45,45,1760587200,1790136000
sim-b008-082,batch-008,relative_spread_value,relative-spread-value-b008-082,nobel_forward,469,8545.0140,6958.9700,1586.0440,0.0000,-1454.9860,172.2900,45,0,0,0,0,,1454.9860,-0.1455,45,45,1760500800,1790136000
sim-b008-083,batch-008,relative_spread_value,relative-spread-value-b008-083,nobel_forward,469,8545.0140,6958.9700,1586.0440,0.0000,-1454.9860,172.2900,45,0,0,0,0,,1454.9860,-0.1455,45,45,1760500800,1790136000
sim-b008-084,batch-008,relative_spread_value,relative-spread-value-b008-084,nobel_forward,469,8545.0140,6958.9700,1586.0440,0.0000,-1454.9860,172.2900,45,0,0,0,0,,1454.9860,-0.1455,45,45,1760500800,1790136000
sim-b008-085,batch-008,relative_spread_value,relative-spread-value-b008-085,nobel_forward,469,8545.0140,6958.9700,1586.0440,0.0000,-1454.9860,172.2900,45,0,0,0,0,,1454.9860,-0.1455,45,45,1760500800,1790136000
sim-b001-087,batch-001,null_model,null-model-b001-087,nobel_forward,473,8543.7280,4252.2920,4291.4360,0.0000,-1456.2720,137.7400,69,0,0,0,0,,1456.2720,-0.1456,69,69,1760500800,1790269200
sim-b001-076,batch-001,null_model,null-model-b001-076,nobel_forward,474,8541.4190,4118.6460,4422.7730,0.0000,-1458.5810,132.5800,72,0,0,0,0,,1458.5810,-0.1459,72,72,1760500800,1790269200
sim-b001-080,batch-001,null_model,null-model-b001-080,nobel_forward,475,8524.2100,4106.0540,4418.1560,0.0000,-1475.7900,137.2100,75,0,0,0,0,,1475.7900,-0.1476,75,75,1760587200,1790269200
sim-b001-023,batch-001,null_model,null-model-b001-023,nobel_forward,476,8523.5180,4876.9420,3646.5760,0.0000,-1476.4820,137.1700,67,0,0,0,0,,1476.4820,-0.1476,67,67,1761710400,1790269200
sim-b005-082,batch-005,contrarian,contrarian-b005-082,nobel_forward,477,8519.5500,6848.9600,1670.5900,-922.7200,-557.7300,382.1700,142,0,4,52,56,0.0714,1480.4500,-0.1480,30,30,1760760000,1789963200
sim-b009-016,batch-009,breakout_hold,breakout-hold-b009-016,nobel_forward,478,8517.0200,7161.1700,1355.8500,0.0000,-1482.9800,159.2900,40,0,0,0,0,,1482.9800,-0.1483,40,40,1761796800,1789617600
sim-b009-017,batch-009,breakout_hold,breakout-hold-b009-017,nobel_forward,478,8517.0200,7161.1700,1355.8500,0.0000,-1482.9800,159.2900,40,0,0,0,0,,1482.9800,-0.1483,40,40,1761796800,1789617600
sim-b009-018,batch-009,breakout_hold,breakout-hold-b009-018,nobel_forward,478,8517.0200,7161.1700,1355.8500,0.0000,-1482.9800,159.2900,40,0,0,0,0,,1482.9800,-0.1483,40,40,1761796800,1789617600
sim-b001-097,batch-001,null_model,null-model-b001-097,nobel_forward,481,8514.8600,5141.9340,3372.9260,0.0000,-1485.1400,157.9800,68,0,0,0,0,,1485.1400,-0.1485,68,68,1760414400,1790262000
sim-b010-001,batch-010,tight_value_ranged,tight-value-ranged-b010-001,nobel_forward,482,8486.9600,6599.3900,1887.5700,0.0000,-1513.0400,197.6500,66,0,0,0,0,,1513.0400,-0.1513,66,66,1760760000,1789927200
sim-b010-037,batch-010,tight_value_ranged,tight-value-ranged-b010-037,nobel_forward,483,8476.5240,6883.9800,1592.5440,0.0000,-1523.4760,176.2800,45,0,0,0,0,,1523.4760,-0.1523,45,45,1760500800,1787803200
sim-b010-041,batch-010,tight_value_ranged,tight-value-ranged-b010-041,nobel_forward,483,8476.5240,6883.9800,1592.5440,0.0000,-1523.4760,176.2800,45,0,0,0,0,,1523.4760,-0.1523,45,45,1760500800,1787803200
sim-b010-045,batch-010,tight_value_ranged,tight-value-ranged-b010-045,nobel_forward,483,8476.5240,6883.9800,1592.5440,0.0000,-1523.4760,176.2800,45,0,0,0,0,,1523.4760,-0.1523,45,45,1760500800,1787803200
sim-b001-083,batch-001,null_model,null-model-b001-083,nobel_forward,486,8475.9390,4473.4100,4002.5290,0.0000,-1524.0610,134.5200,72,0,0,0,0,,1524.0610,-0.1524,72,72,1760587200,1790269200
sim-b001-009,batch-001,null_model,null-model-b001-009,nobel_forward,487,8468.5820,4619.2320,3849.3500,0.0000,-1531.4180,140.1800,66,0,0,0,0,,1531.4180,-0.1531,66,66,1760587200,1790262000
sim-b009-004,batch-009,breakout_hold,breakout-hold-b009-004,nobel_forward,488,8459.9300,6975.8400,1484.0900,0.0000,-1540.0700,169.4800,43,0,0,0,0,,1540.0700,-0.1540,43,43,1761192000,1789617600
sim-b009-005,batch-009,breakout_hold,breakout-hold-b009-005,nobel_forward,488,8459.9300,6975.8400,1484.0900,0.0000,-1540.0700,169.4800,43,0,0,0,0,,1540.0700,-0.1540,43,43,1761192000,1789617600
sim-b009-006,batch-009,breakout_hold,breakout-hold-b009-006,nobel_forward,488,8459.9300,6975.8400,1484.0900,0.0000,-1540.0700,169.4800,43,0,0,0,0,,1540.0700,-0.1540,43,43,1761192000,1789617600
sim-b006-085,batch-006,mean_reversion,mean-reversion-b006-085,nobel_forward,491,8459.5200,7976.5200,483.0000,-1132.7500,-407.7300,397.1200,113,0,1,49,50,0.0200,1540.4800,-0.1540,34,13,1761105600,1790049600
sim-b003-005,batch-003,longshot_band,longshot-band-b003-005,nobel_forward,492,8456.4600,6567.4600,1889.0000,0.0000,-1543.5400,200.5400,66,0,0,0,0,,1543.5400,-0.1544,66,66,1763096400,1789902000
sim-b001-077,batch-001,null_model,null-model-b001-077,nobel_forward,493,8450.2260,4863.1660,3587.0600,0.0000,-1549.7740,167.4400,69,0,0,0,0,,1549.7740,-0.1550,69,69,1760587200,1790269200
sim-b010-034,batch-010,tight_value_ranged,tight-value-ranged-b010-034,nobel_forward,494,8444.1000,6770.0300,1674.0700,0.0000,-1555.9000,185.0100,48,0,0,0,0,,1555.9000,-0.1556,48,48,1760760000,1790222400
sim-b006-054,batch-006,mean_reversion,mean-reversion-b006-054,nobel_forward,495,8440.1500,8098.1500,342.0000,-1181.1800,-378.6700,257.7100,82,0,1,35,36,0.0278,1559.8500,-0.1560,28,10,1778904000,1790049600
sim-b006-055,batch-006,mean_reversion,mean-reversion-b006-055,nobel_forward,495,8440.1500,8098.1500,342.0000,-1181.1800,-378.6700,257.7100,82,0,1,35,36,0.0278,1559.8500,-0.1560,28,10,1778904000,1790049600
sim-b006-056,batch-006,mean_reversion,mean-reversion-b006-056,nobel_forward,495,8440.1500,8098.1500,342.0000,-1181.1800,-378.6700,257.7100,82,0,1,35,36,0.0278,1559.8500,-0.1560,28,10,1778904000,1790049600
sim-b003-025,batch-003,longshot_band,longshot-band-b003-025,nobel_forward,498,8435.1400,6546.1400,1889.0000,0.0000,-1564.8600,201.8600,66,0,0,0,0,,1564.8600,-0.1565,66,66,1763096400,1789902000
sim-b001-093,batch-001,null_model,null-model-b001-093,nobel_forward,499,8432.3660,4390.8260,4041.5400,0.0000,-1567.6340,157.2300,76,0,0,0,0,,1567.6340,-0.1568,76,76,1760673600,1790269200
sim-b009-025,batch-009,breakout_hold,breakout-hold-b009-025,nobel_forward,500,8425.3700,7033.9100,1391.4600,0.0000,-1574.6300,167.1700,48,0,0,0,0,,1574.6300,-0.1575,48,48,1761796800,1790154000
sim-b009-026,batch-009,breakout_hold,breakout-hold-b009-026,nobel_forward,500,8425.3700,7033.9100,1391.4600,0.0000,-1574.6300,167.1700,48,0,0,0,0,,1574.6300,-0.1575,48,48,1761796800,1790154000
sim-b009-027,batch-009,breakout_hold,breakout-hold-b009-027,nobel_forward,500,8425.3700,7033.9100,1391.4600,0.0000,-1574.6300,167.1700,48,0,0,0,0,,1574.6300,-0.1575,48,48,1761796800,1790154000
sim-b003-009,batch-003,longshot_band,longshot-band-b003-009,nobel_forward,503,8419.8400,6530.8400,1889.0000,0.0000,-1580.1600,202.1600,66,0,0,0,0,,1580.1600,-0.1580,66,66,1761451200,1789902000
sim-b003-013,batch-003,longshot_band,longshot-band-b003-013,nobel_forward,504,8419.4400,6531.2800,1888.1600,0.0000,-1580.5600,201.8800,66,0,0,0,0,,1580.5600,-0.1581,66,66,1760932800,1789902000
sim-b003-017,batch-003,longshot_band,longshot-band-b003-017,nobel_forward,505,8419.0100,6531.4400,1887.5700,0.0000,-1580.9900,201.6000,66,0,0,0,0,,1580.9900,-0.1581,66,66,1760760000,1789902000
sim-b001-034,batch-001,null_model,null-model-b001-034,nobel_forward,506,8417.7820,5023.0030,3394.7790,0.0000,-1582.2180,142.3100,64,0,0,0,0,,1582.2180,-0.1582,64,64,1760500800,1790269200
sim-b004-085,batch-004,momentum,momentum-b004-085,nobel_forward,507,8411.0520,6612.8520,1798.2000,-1008.4700,-580.4780,348.9000,133,0,2,51,53,0.0377,1588.9480,-0.1589,27,27,1761278400,1789963200
sim-b006-038,batch-006,mean_reversion,mean-reversion-b006-038,nobel_forward,508,8409.2600,8384.2600,25.0000,-1546.7800,-43.9600,259.5300,87,0,0,43,43,0.0000,1590.7400,-0.1591,26,1,1778904000,1790222400
sim-b006-039,batch-006,mean_reversion,mean-reversion-b006-039,nobel_forward,508,8409.2600,8384.2600,25.0000,-1546.7800,-43.9600,259.5300,87,0,0,43,43,0.0000,1590.7400,-0.1591,26,1,1778904000,1790222400
sim-b006-040,batch-006,mean_reversion,mean-reversion-b006-040,nobel_forward,508,8409.2600,8384.2600,25.0000,-1546.7800,-43.9600,259.5300,87,0,0,43,43,0.0000,1590.7400,-0.1591,26,1,1778904000,1790222400
sim-b010-005,batch-010,tight_value_ranged,tight-value-ranged-b010-005,nobel_forward,511,8401.5240,6495.4800,1906.0440,0.0000,-1598.4760,201.7800,67,0,0,0,0,,1598.4760,-0.1598,67,67,1760500800,1789927200
sim-b010-009,batch-010,tight_value_ranged,tight-value-ranged-b010-009,nobel_forward,511,8401.5240,6495.4800,1906.0440,0.0000,-1598.4760,201.7800,67,0,0,0,0,,1598.4760,-0.1598,67,67,1760500800,1789927200
sim-b010-013,batch-010,tight_value_ranged,tight-value-ranged-b010-013,nobel_forward,511,8401.5240,6495.4800,1906.0440,0.0000,-1598.4760,201.7800,67,0,0,0,0,,1598.4760,-0.1598,67,67,1760500800,1789927200
sim-b003-029,batch-003,longshot_band,longshot-band-b003-029,nobel_forward,514,8398.5200,6509.5200,1889.0000,0.0000,-1601.4800,203.4800,66,0,0,0,0,,1601.4800,-0.1601,66,66,1761451200,1789902000
sim-b003-033,batch-003,longshot_band,longshot-band-b003-033,nobel_forward,515,8398.1200,6509.9600,1888.1600,0.0000,-1601.8800,203.2000,66,0,0,0,0,,1601.8800,-0.1602,66,66,1760932800,1789902000
sim-b003-037,batch-003,longshot_band,longshot-band-b003-037,nobel_forward,516,8397.6900,6510.1200,1887.5700,0.0000,-1602.3100,202.9200,66,0,0,0,0,,1602.3100,-0.1602,66,66,1760760000,1789902000
sim-b010-002,batch-010,tight_value_ranged,tight-value-ranged-b010-002,nobel_forward,516,8397.6900,6510.1200,1887.5700,0.0000,-1602.3100,202.9200,66,0,0,0,0,,1602.3100,-0.1602,66,66,1760760000,1789902000
sim-b001-088,batch-001,null_model,null-model-b001-088,nobel_forward,518,8392.6970,4478.9210,3913.7760,0.0000,-1607.3030,149.5200,72,0,0,0,0,,1607.3030,-0.1607,72,72,1761192000,1790269200
sim-b001-100,batch-001,null_model,null-model-b001-100,nobel_forward,519,8387.3170,4385.3670,4001.9500,0.0000,-1612.6830,148.8400,72,0,0,0,0,,1612.6830,-0.1613,72,72,1760414400,1790269200
sim-b001-094,batch-001,null_model,null-model-b001-094,nobel_forward,520,8366.6120,4088.4360,4278.1760,0.0000,-1633.3880,144.0800,73,0,0,0,0,,1633.3880,-0.1633,73,73,1760587200,1790269200
sim-b004-083,batch-004,momentum,momentum-b004-083,nobel_forward,521,8365.8120,6571.2920,1794.5200,-1049.9900,-584.1980,359.6400,139,0,3,53,56,0.0536,1636.0580,-0.1634,27,27,1760760000,1789963200
sim-b004-082,batch-004,momentum,momentum-b004-082,nobel_forward,522,8362.9500,6171.1930,2191.7570,-1049.9900,-587.0600,360.4700,143,0,3,53,56,0.0536,1638.9200,-0.1637,31,31,1760760000,1789963200
sim-b010-038,batch-010,tight_value_ranged,tight-value-ranged-b010-038,nobel_forward,523,8358.6640,6666.1200,1692.5440,0.0000,-1641.3360,189.1400,49,0,0,0,0,,1641.3360,-0.1641,49,49,1760500800,1790222400
sim-b010-042,batch-010,tight_value_ranged,tight-value-ranged-b010-042,nobel_forward,523,8358.6640,6666.1200,1692.5440,0.0000,-1641.3360,189.1400,49,0,0,0,0,,1641.3360,-0.1641,49,49,1760500800,1790222400
sim-b010-046,batch-010,tight_value_ranged,tight-value-ranged-b010-046,nobel_forward,523,8358.6640,6666.1200,1692.5440,0.0000,-1641.3360,189.1400,49,0,0,0,0,,1641.3360,-0.1641,49,49,1760500800,1790222400
sim-b004-084,batch-004,momentum,momentum-b004-084,nobel_forward,526,8356.1620,6561.6420,1794.5200,-1059.6400,-584.1980,358.9300,139,0,2,54,56,0.0357,1643.8380,-0.1644,27,27,1761278400,1789963200
sim-b010-017,batch-010,tight_value_ranged,tight-value-ranged-b010-017,nobel_forward,527,8355.4100,6477.8400,1877.5700,0.0000,-1644.5900,204.2000,61,0,0,0,0,,1644.5900,-0.1645,61,61,1760760000,1789675200
sim-b001-081,batch-001,null_model,null-model-b001-081,nobel_forward,528,8354.8010,4220.9580,4133.8430,0.0000,-1645.1990,164.3200,74,0,0,0,0,,1645.1990,-0.1645,74,74,1760673600,1790269200
sim-b008-086,batch-008,relative_spread_value,relative-spread-value-b008-086,nobel_forward,529,8337.9940,6511.8000,1826.1940,0.0000,-1662.0060,199.6100,56,0,0,0,0,,1662.0060,-0.1662,56,56,1760587200,1789686000
sim-b008-087,batch-008,relative_spread_value,relative-spread-value-b008-087,nobel_forward,530,8337.8240,6511.7800,1826.0440,0.0000,-1662.1760,199.4800,56,0,0,0,0,,1662.1760,-0.1662,56,56,1760500800,1789686000
sim-b008-088,batch-008,relative_spread_value,relative-spread-value-b008-088,nobel_forward,530,8337.8240,6511.7800,1826.0440,0.0000,-1662.1760,199.4800,56,0,0,0,0,,1662.1760,-0.1662,56,56,1760500800,1789686000
sim-b008-089,batch-008,relative_spread_value,relative-spread-value-b008-089,nobel_forward,530,8337.8240,6511.7800,1826.0440,0.0000,-1662.1760,199.4800,56,0,0,0,0,,1662.1760,-0.1662,56,56,1760500800,1789686000
sim-b008-090,batch-008,relative_spread_value,relative-spread-value-b008-090,nobel_forward,530,8337.8240,6511.7800,1826.0440,0.0000,-1662.1760,199.4800,56,0,0,0,0,,1662.1760,-0.1662,56,56,1760500800,1789686000
sim-b003-085,batch-003,longshot_band,longshot-band-b003-085,nobel_forward,534,8329.1800,6475.1800,1854.0000,0.0000,-1670.8200,204.8200,58,0,0,0,0,,1670.8200,-0.1671,58,58,1763096400,1789743600
sim-b003-065,batch-003,longshot_band,longshot-band-b003-065,nobel_forward,535,8317.5600,6438.5600,1879.0000,0.0000,-1682.4400,207.4400,61,0,0,0,0,,1682.4400,-0.1682,61,61,1763096400,1789686000
sim-b010-006,batch-010,tight_value_ranged,tight-value-ranged-b010-006,nobel_forward,536,8312.2540,6406.2100,1906.0440,0.0000,-1687.7460,207.0500,67,0,0,0,0,,1687.7460,-0.1688,67,67,1760500800,1789902000
sim-b010-010,batch-010,tight_value_ranged,tight-value-ranged-b010-010,nobel_forward,536,8312.2540,6406.2100,1906.0440,0.0000,-1687.7460,207.0500,67,0,0,0,0,,1687.7460,-0.1688,67,67,1760500800,1789902000
sim-b010-014,batch-010,tight_value_ranged,tight-value-ranged-b010-014,nobel_forward,536,8312.2540,6406.2100,1906.0440,0.0000,-1687.7460,207.0500,67,0,0,0,0,,1687.7460,-0.1688,67,67,1760500800,1789902000
sim-b003-045,batch-003,longshot_band,longshot-band-b003-045,nobel_forward,539,8305.9400,6426.9400,1879.0000,0.0000,-1694.0600,208.5600,64,0,0,0,0,,1694.0600,-0.1694,64,64,1763096400,1789610400
sim-b008-096,batch-008,relative_spread_value,relative-spread-value-b008-096,nobel_forward,540,8298.6540,6412.4600,1886.1940,0.0000,-1701.3460,205.9500,60,0,0,0,0,,1701.3460,-0.1701,60,60,1760587200,1789682400
sim-b003-089,batch-003,longshot_band,longshot-band-b003-089,nobel_forward,541,8292.5600,6438.5600,1854.0000,0.0000,-1707.4400,206.4400,58,0,0,0,0,,1707.4400,-0.1707,58,58,1761451200,1789743600
sim-b003-093,batch-003,longshot_band,longshot-band-b003-093,nobel_forward,542,8292.1600,6439.0000,1853.1600,0.0000,-1707.8400,206.1600,58,0,0,0,0,,1707.8400,-0.1708,58,58,1760932800,1789743600
sim-b003-097,batch-003,longshot_band,longshot-band-b003-097,nobel_forward,543,8291.7300,6439.1600,1852.5700,0.0000,-1708.2700,205.8800,58,0,0,0,0,,1708.2700,-0.1708,58,58,1760760000,1789743600
sim-b010-018,batch-010,tight_value_ranged,tight-value-ranged-b010-018,nobel_forward,544,8289.3100,6411.7400,1877.5700,0.0000,-1710.6900,208.3000,63,0,0,0,0,,1710.6900,-0.1711,63,63,1760760000,1789632000
sim-b008-091,batch-008,relative_spread_value,relative-spread-value-b008-091,nobel_forward,545,8286.0040,6399.8100,1886.1940,0.0000,-1713.9960,206.6000,60,0,0,0,0,,1713.9960,-0.1714,60,60,1760587200,1789686000
sim-b008-092,batch-008,relative_spread_value,relative-spread-value-b008-092,nobel_forward,546,8285.8340,6399.7900,1886.0440,0.0000,-1714.1660,206.4700,60,0,0,0,0,,1714.1660,-0.1714,60,60,1760500800,1789686000
sim-b008-093,batch-008,relative_spread_value,relative-spread-value-b008-093,nobel_forward,546,8285.8340,6399.7900,1886.0440,0.0000,-1714.1660,206.4700,60,0,0,0,0,,1714.1660,-0.1714,60,60,1760500800,1789686000
sim-b008-094,batch-008,relative_spread_value,relative-spread-value-b008-094,nobel_forward,546,8285.8340,6399.7900,1886.0440,0.0000,-1714.1660,206.4700,60,0,0,0,0,,1714.1660,-0.1714,60,60,1760500800,1789686000
sim-b008-095,batch-008,relative_spread_value,relative-spread-value-b008-095,nobel_forward,546,8285.8340,6399.7900,1886.0440,0.0000,-1714.1660,206.4700,60,0,0,0,0,,1714.1660,-0.1714,60,60,1760500800,1789686000
sim-b003-069,batch-003,longshot_band,longshot-band-b003-069,nobel_forward,550,8280.9400,6401.9400,1879.0000,0.0000,-1719.0600,209.0600,61,0,0,0,0,,1719.0600,-0.1719,61,61,1761451200,1789686000
sim-b003-073,batch-003,longshot_band,longshot-band-b003-073,nobel_forward,551,8280.5400,6402.3800,1878.1600,0.0000,-1719.4600,208.7800,61,0,0,0,0,,1719.4600,-0.1719,61,61,1760932800,1789686000
sim-b003-077,batch-003,longshot_band,longshot-band-b003-077,nobel_forward,552,8280.1100,6402.5400,1877.5700,0.0000,-1719.8900,208.5000,61,0,0,0,0,,1719.8900,-0.1720,61,61,1760760000,1789686000
sim-b008-097,batch-008,relative_spread_value,relative-spread-value-b008-097,nobel_forward,553,8271.7840,6308.2400,1963.5440,0.0000,-1728.2160,210.0200,61,0,0,0,0,,1728.2160,-0.1728,61,61,1760500800,1790262000
sim-b008-098,batch-008,relative_spread_value,relative-spread-value-b008-098,nobel_forward,553,8271.7840,6308.2400,1963.5440,0.0000,-1728.2160,210.0200,61,0,0,0,0,,1728.2160,-0.1728,61,61,1760500800,1790262000
sim-b008-099,batch-008,relative_spread_value,relative-spread-value-b008-099,nobel_forward,553,8271.7840,6308.2400,1963.5440,0.0000,-1728.2160,210.0200,61,0,0,0,0,,1728.2160,-0.1728,61,61,1760500800,1790262000
sim-b008-100,batch-008,relative_spread_value,relative-spread-value-b008-100,nobel_forward,553,8271.7840,6308.2400,1963.5440,0.0000,-1728.2160,210.0200,61,0,0,0,0,,1728.2160,-0.1728,61,61,1760500800,1790262000
sim-b010-021,batch-010,tight_value_ranged,tight-value-ranged-b010-021,nobel_forward,557,8269.9740,6373.9300,1896.0440,0.0000,-1730.0260,208.3300,62,0,0,0,0,,1730.0260,-0.1730,62,62,1760500800,1789675200
sim-b010-025,batch-010,tight_value_ranged,tight-value-ranged-b010-025,nobel_forward,557,8269.9740,6373.9300,1896.0440,0.0000,-1730.0260,208.3300,62,0,0,0,0,,1730.0260,-0.1730,62,62,1760500800,1789675200
sim-b010-029,batch-010,tight_value_ranged,tight-value-ranged-b010-029,nobel_forward,557,8269.9740,6373.9300,1896.0440,0.0000,-1730.0260,208.3300,62,0,0,0,0,,1730.0260,-0.1730,62,62,1760500800,1789675200
sim-b003-049,batch-003,longshot_band,longshot-band-b003-049,nobel_forward,560,8269.3200,6390.3200,1879.0000,0.0000,-1730.6800,210.1800,64,0,0,0,0,,1730.6800,-0.1731,64,64,1761451200,1789610400
sim-b003-053,batch-003,longshot_band,longshot-band-b003-053,nobel_forward,561,8268.9200,6390.7600,1878.1600,0.0000,-1731.0800,209.9000,64,0,0,0,0,,1731.0800,-0.1731,64,64,1760932800,1789610400
sim-b003-057,batch-003,longshot_band,longshot-band-b003-057,nobel_forward,562,8268.4900,6390.9200,1877.5700,0.0000,-1731.5100,209.6200,64,0,0,0,0,,1731.5100,-0.1732,64,64,1760760000,1789610400
sim-b006-070,batch-006,mean_reversion,mean-reversion-b006-070,nobel_forward,563,8252.7500,7910.7500,342.0000,-1368.5800,-378.6700,315.1700,96,0,1,42,43,0.0233,1747.2500,-0.1747,30,10,1761019200,1790049600
sim-b006-071,batch-006,mean_reversion,mean-reversion-b006-071,nobel_forward,563,8252.7500,7910.7500,342.0000,-1368.5800,-378.6700,315.1700,96,0,1,42,43,0.0233,1747.2500,-0.1747,30,10,1761019200,1790049600
sim-b006-072,batch-006,mean_reversion,mean-reversion-b006-072,nobel_forward,563,8252.7500,7910.7500,342.0000,-1368.5800,-378.6700,315.1700,96,0,1,42,43,0.0233,1747.2500,-0.1747,30,10,1761019200,1790049600
sim-b001-089,batch-001,null_model,null-model-b001-089,nobel_forward,566,8251.2150,4746.0540,3505.1610,0.0000,-1748.7850,172.4800,73,0,0,0,0,,1748.7850,-0.1749,73,73,1760673600,1790269200
sim-b009-013,batch-009,breakout_hold,breakout-hold-b009-013,nobel_forward,567,8210.2000,6593.6900,1616.5100,0.0000,-1789.8000,192.8100,54,0,0,0,0,,1789.8000,-0.1790,54,54,1760932800,1790154000
sim-b009-014,batch-009,breakout_hold,breakout-hold-b009-014,nobel_forward,567,8210.2000,6593.6900,1616.5100,0.0000,-1789.8000,192.8100,54,0,0,0,0,,1789.8000,-0.1790,54,54,1760932800,1790154000
sim-b009-015,batch-009,breakout_hold,breakout-hold-b009-015,nobel_forward,567,8210.2000,6593.6900,1616.5100,0.0000,-1789.8000,192.8100,54,0,0,0,0,,1789.8000,-0.1790,54,54,1760932800,1790154000
sim-b010-035,batch-010,tight_value_ranged,tight-value-ranged-b010-035,nobel_forward,570,8207.7700,6382.7000,1825.0700,0.0000,-1792.2300,207.3400,54,0,0,0,0,,1792.2300,-0.1792,54,54,1760760000,1790136000
sim-b003-086,batch-003,longshot_band,longshot-band-b003-086,nobel_forward,571,8204.6600,6294.6600,1910.0000,0.0000,-1795.3400,215.3400,61,0,0,0,0,,1795.3400,-0.1795,61,61,1761969600,1789743600
sim-b001-096,batch-001,null_model,null-model-b001-096,nobel_forward,572,8204.4750,4672.7140,3531.7610,0.0000,-1795.5250,164.4600,71,0,0,0,0,,1795.5250,-0.1796,71,71,1760760000,1790269200
sim-b010-022,batch-010,tight_value_ranged,tight-value-ranged-b010-022,nobel_forward,573,8203.8740,6307.8300,1896.0440,0.0000,-1796.1260,212.4300,64,0,0,0,0,,1796.1260,-0.1796,64,64,1760500800,1789632000
sim-b010-026,batch-010,tight_value_ranged,tight-value-ranged-b010-026,nobel_forward,573,8203.8740,6307.8300,1896.0440,0.0000,-1796.1260,212.4300,64,0,0,0,0,,1796.1260,-0.1796,64,64,1760500800,1789632000
sim-b010-030,batch-010,tight_value_ranged,tight-value-ranged-b010-030,nobel_forward,573,8203.8740,6307.8300,1896.0440,0.0000,-1796.1260,212.4300,64,0,0,0,0,,1796.1260,-0.1796,64,64,1760500800,1789632000
sim-b001-086,batch-001,null_model,null-model-b001-086,nobel_forward,576,8202.8420,4366.6660,3836.1760,0.0000,-1797.1580,154.6300,74,0,0,0,0,,1797.1580,-0.1797,74,74,1760500800,1790269200
sim-b010-003,batch-010,tight_value_ranged,tight-value-ranged-b010-003,nobel_forward,577,8202.4500,6283.8800,1918.5700,0.0000,-1797.5500,216.1600,67,0,0,0,0,,1797.5500,-0.1798,67,67,1760500800,1789578000
sim-b003-090,batch-003,longshot_band,longshot-band-b003-090,nobel_forward,578,8168.0400,6258.0400,1910.0000,0.0000,-1831.9600,216.9600,61,0,0,0,0,,1831.9600,-0.1832,61,61,1761451200,1789743600
sim-b010-039,batch-010,tight_value_ranged,tight-value-ranged-b010-039,nobel_forward,579,8155.0340,6342.4900,1812.5440,0.0000,-1844.9660,207.7700,54,0,0,0,0,,1844.9660,-0.1845,54,54,1760500800,1790136000
sim-b010-043,batch-010,tight_value_ranged,tight-value-ranged-b010-043,nobel_forward,579,8155.0340,6342.4900,1812.5440,0.0000,-1844.9660,207.7700,54,0,0,0,0,,1844.9660,-0.1845,54,54,1760500800,1790136000
sim-b010-047,batch-010,tight_value_ranged,tight-value-ranged-b010-047,nobel_forward,579,8155.0340,6342.4900,1812.5440,0.0000,-1844.9660,207.7700,54,0,0,0,0,,1844.9660,-0.1845,54,54,1760500800,1790136000
sim-b010-089,batch-010,slice_band,slice-band-b010-089,nobel_forward,579,8155.0340,6342.4900,1812.5440,0.0000,-1844.9660,207.7700,54,0,0,0,0,,1844.9660,-0.1845,54,54,1760500800,1790136000
sim-b003-006,batch-003,longshot_band,longshot-band-b003-006,nobel_forward,583,8149.9300,6229.9300,1920.0000,0.0000,-1850.0700,220.0700,67,0,0,0,0,,1850.0700,-0.1850,67,67,1760500800,1789578000
sim-b003-026,batch-003,longshot_band,longshot-band-b003-026,nobel_forward,583,8149.9300,6229.9300,1920.0000,0.0000,-1850.0700,220.0700,67,0,0,0,0,,1850.0700,-0.1850,67,67,1760500800,1789578000
sim-b010-007,batch-010,tight_value_ranged,tight-value-ranged-b010-007,nobel_forward,585,8149.7140,6243.6700,1906.0440,0.0000,-1850.2860,216.5900,67,0,0,0,0,,1850.2860,-0.1850,67,67,1760500800,1789578000
sim-b010-011,batch-010,tight_value_ranged,tight-value-ranged-b010-011,nobel_forward,585,8149.7140,6243.6700,1906.0440,0.0000,-1850.2860,216.5900,67,0,0,0,0,,1850.2860,-0.1850,67,67,1760500800,1789578000
sim-b010-015,batch-010,tight_value_ranged,tight-value-ranged-b010-015,nobel_forward,585,8149.7140,6243.6700,1906.0440,0.0000,-1850.2860,216.5900,67,0,0,0,0,,1850.2860,-0.1850,67,67,1760500800,1789578000
sim-b003-094,batch-003,longshot_band,longshot-band-b003-094,nobel_forward,588,8137.1000,6237.9400,1899.1600,0.0000,-1862.9000,217.2200,61,0,0,0,0,,1862.9000,-0.1863,61,61,1760500800,1789743600
sim-b003-098,batch-003,longshot_band,longshot-band-b003-098,nobel_forward,589,8136.6700,6238.1000,1898.5700,0.0000,-1863.3300,216.9400,61,0,0,0,0,,1863.3300,-0.1863,61,61,1760500800,1789743600
sim-b004-081,batch-004,momentum,momentum-b004-081,nobel_forward,590,8131.0400,5811.6630,2319.3770,-1261.1000,-607.8600,385.7400,155,0,3,58,61,0.0492,1868.9600,-0.1869,33,33,1760500800,1789704000
sim-b009-001,batch-009,breakout_hold,breakout-hold-b009-001,nobel_forward,591,8126.2500,6450.2600,1675.9900,0.0000,-1873.7500,201.2200,56,0,0,0,0,,1873.7500,-0.1874,56,56,1760760000,1790154000
sim-b009-002,batch-009,breakout_hold,breakout-hold-b009-002,nobel_forward,591,8126.2500,6450.2600,1675.9900,0.0000,-1873.7500,201.2200,56,0,0,0,0,,1873.7500,-0.1874,56,56,1760760000,1790154000
sim-b009-003,batch-009,breakout_hold,breakout-hold-b009-003,nobel_forward,591,8126.2500,6450.2600,1675.9900,0.0000,-1873.7500,201.2200,56,0,0,0,0,,1873.7500,-0.1874,56,56,1760760000,1790154000
sim-b003-010,batch-003,longshot_band,longshot-band-b003-010,nobel_forward,594,8113.3100,6193.3100,1920.0000,0.0000,-1886.6900,221.6900,67,0,0,0,0,,1886.6900,-0.1887,67,67,1760500800,1789578000
sim-b003-030,batch-003,longshot_band,longshot-band-b003-030,nobel_forward,594,8113.3100,6193.3100,1920.0000,0.0000,-1886.6900,221.6900,67,0,0,0,0,,1886.6900,-0.1887,67,67,1760500800,1789578000
sim-b003-066,batch-003,longshot_band,longshot-band-b003-066,nobel_forward,596,8113.2200,6193.2200,1920.0000,0.0000,-1886.7800,221.7800,65,0,0,0,0,,1886.7800,-0.1887,65,65,1760500800,1789578000
sim-b010-019,batch-010,tight_value_ranged,tight-value-ranged-b010-019,nobel_forward,597,8112.4000,6193.8300,1918.5700,0.0000,-1887.6000,221.2100,67,0,0,0,0,,1887.6000,-0.1888,67,67,1760500800,1789578000
sim-b008-054,batch-008,volatility_gate,volatility-gate-b008-054,nobel_forward,598,8105.0500,6185.0500,1920.0000,0.0000,-1894.9500,221.9500,66,0,0,0,0,,1894.9500,-0.1895,66,66,1760760000,1789632000
sim-b008-057,batch-008,volatility_gate,volatility-gate-b008-057,nobel_forward,599,8094.3900,6174.3900,1920.0000,0.0000,-1905.6100,222.6100,66,0,0,0,0,,1905.6100,-0.1906,66,66,1760760000,1789632000
sim-b010-085,batch-010,slice_band,slice-band-b010-085,nobel_forward,600,8091.6440,6185.6000,1906.0440,0.0000,-1908.3560,219.6600,66,0,0,0,0,,1908.3560,-0.1908,66,66,1760500800,1789578000
sim-b003-014,batch-003,longshot_band,longshot-band-b003-014,nobel_forward,601,8082.3700,6173.2100,1909.1600,0.0000,-1917.6300,221.9500,67,0,0,0,0,,1917.6300,-0.1918,67,67,1760500800,1789578000
sim-b003-034,batch-003,longshot_band,longshot-band-b003-034,nobel_forward,601,8082.3700,6173.2100,1909.1600,0.0000,-1917.6300,221.9500,67,0,0,0,0,,1917.6300,-0.1918,67,67,1760500800,1789578000
sim-b003-018,batch-003,longshot_band,longshot-band-b003-018,nobel_forward,603,8081.9400,6173.3700,1908.5700,0.0000,-1918.0600,221.6700,67,0,0,0,0,,1918.0600,-0.1918,67,67,1760500800,1789578000
sim-b003-038,batch-003,longshot_band,longshot-band-b003-038,nobel_forward,603,8081.9400,6173.3700,1908.5700,0.0000,-1918.0600,221.6700,67,0,0,0,0,,1918.0600,-0.1918,67,67,1760500800,1789578000
sim-b003-070,batch-003,longshot_band,longshot-band-b003-070,nobel_forward,605,8076.6000,6156.6000,1920.0000,0.0000,-1923.4000,223.4000,65,0,0,0,0,,1923.4000,-0.1923,65,65,1760500800,1789578000
sim-b008-051,batch-008,volatility_gate,volatility-gate-b008-051,nobel_forward,606,8076.5500,6341.5500,1735.0000,0.0000,-1923.4500,212.9500,64,0,0,0,0,,1923.4500,-0.1923,64,64,1760760000,1789632000
sim-b003-046,batch-003,longshot_band,longshot-band-b003-046,nobel_forward,607,8059.8800,6139.8800,1920.0000,0.0000,-1940.1200,225.1200,67,0,0,0,0,,1940.1200,-0.1940,67,67,1760500800,1789578000
sim-b010-023,batch-010,tight_value_ranged,tight-value-ranged-b010-023,nobel_forward,608,8059.6640,6153.6200,1906.0440,0.0000,-1940.3360,221.6400,67,0,0,0,0,,1940.3360,-0.1940,67,67,1760500800,1789578000
sim-b010-027,batch-010,tight_value_ranged,tight-value-ranged-b010-027,nobel_forward,608,8059.6640,6153.6200,1906.0440,0.0000,-1940.3360,221.6400,67,0,0,0,0,,1940.3360,-0.1940,67,67,1760500800,1789578000
sim-b010-031,batch-010,tight_value_ranged,tight-value-ranged-b010-031,nobel_forward,608,8059.6640,6153.6200,1906.0440,0.0000,-1940.3360,221.6400,67,0,0,0,0,,1940.3360,-0.1940,67,67,1760500800,1789578000
sim-b006-065,batch-006,mean_reversion,mean-reversion-b006-065,nobel_forward,611,8053.1100,7515.1100,538.0000,-1494.2100,-452.6800,485.7700,134,0,2,58,60,0.0333,1946.8900,-0.1947,36,14,1760932800,1790049600
sim-b003-074,batch-003,longshot_band,longshot-band-b003-074,nobel_forward,612,8045.6600,6136.5000,1909.1600,0.0000,-1954.3400,223.6600,65,0,0,0,0,,1954.3400,-0.1954,65,65,1760500800,1789578000
sim-b003-078,batch-003,longshot_band,longshot-band-b003-078,nobel_forward,613,8045.2300,6136.6600,1908.5700,0.0000,-1954.7700,223.3800,65,0,0,0,0,,1954.7700,-0.1955,65,65,1760500800,1789578000
sim-b003-050,batch-003,longshot_band,longshot-band-b003-050,nobel_forward,614,8023.2600,6103.2600,1920.0000,0.0000,-1976.7400,226.7400,67,0,0,0,0,,1976.7400,-0.1977,67,67,1760500800,1789578000
sim-b008-075,batch-008,volatility_gate,volatility-gate-b008-075,nobel_forward,615,8015.2300,6280.2300,1735.0000,0.0000,-1984.7700,215.7700,63,0,0,0,0,,1984.7700,-0.1985,63,63,1761192000,1789700400
sim-b008-069,batch-008,volatility_gate,volatility-gate-b008-069,nobel_forward,616,8005.3100,6370.3100,1635.0000,0.0000,-1994.6900,210.6900,62,0,0,0,0,,1994.6900,-0.1995,62,62,1761192000,1789700400
sim-b008-072,batch-008,volatility_gate,volatility-gate-b008-072,nobel_forward,617,8004.6100,6269.6100,1735.0000,0.0000,-1995.3900,216.3900,63,0,0,0,0,,1995.3900,-0.1995,63,63,1761192000,1789700400
sim-b003-054,batch-003,longshot_band,longshot-band-b003-054,nobel_forward,618,7992.3200,6083.1600,1909.1600,0.0000,-2007.6800,227.0000,67,0,0,0,0,,2007.6800,-0.2008,67,67,1760500800,1789578000
sim-b003-058,batch-003,longshot_band,longshot-band-b003-058,nobel_forward,619,7991.8900,6083.3200,1908.5700,0.0000,-2008.1100,226.7200,67,0,0,0,0,,2008.1100,-0.2008,67,67,1760500800,1789578000
sim-b008-066,batch-008,volatility_gate,volatility-gate-b008-066,nobel_forward,620,7978.3300,6243.3300,1735.0000,0.0000,-2021.6700,217.6700,63,0,0,0,0,,2021.6700,-0.2022,63,63,1760932800,1789657200
sim-b008-060,batch-008,volatility_gate,volatility-gate-b008-060,nobel_forward,621,7977.2900,6242.2900,1735.0000,0.0000,-2022.7100,217.7100,63,0,0,0,0,,2022.7100,-0.2023,63,63,1760932800,1789657200
sim-b006-034,batch-006,mean_reversion,mean-reversion-b006-034,nobel_forward,622,7972.4300,7912.4300,60.0000,-1939.1400,-88.4300,333.2700,110,0,1,53,54,0.0185,2027.5700,-0.2028,37,2,1778904000,1790222400
sim-b006-035,batch-006,mean_reversion,mean-reversion-b006-035,nobel_forward,622,7972.4300,7912.4300,60.0000,-1939.1400,-88.4300,333.2700,110,0,1,53,54,0.0185,2027.5700,-0.2028,37,2,1778904000,1790222400
sim-b006-036,batch-006,mean_reversion,mean-reversion-b006-036,nobel_forward,622,7972.4300,7912.4300,60.0000,-1939.1400,-88.4300,333.2700,110,0,1,53,54,0.0185,2027.5700,-0.2028,37,2,1778904000,1790222400
sim-b008-063,batch-008,volatility_gate,volatility-gate-b008-063,nobel_forward,625,7972.0700,6237.0700,1735.0000,0.0000,-2027.9300,217.9300,63,0,0,0,0,,2027.9300,-0.2028,63,63,1760932800,1789657200
sim-b009-093,batch-009,entry_timing_slice,entry-timing-slice-b009-093,nobel_forward,626,7964.7300,6091.2600,1873.4700,0.0000,-2035.2700,223.9400,59,0,0,0,0,,2035.2700,-0.2035,59,59,1760760000,1790136000
sim-b009-094,batch-009,entry_timing_slice,entry-timing-slice-b009-094,nobel_forward,626,7964.7300,6091.2600,1873.4700,0.0000,-2035.2700,223.9400,59,0,0,0,0,,2035.2700,-0.2035,59,59,1760760000,1790136000
sim-b006-018,batch-006,mean_reversion,mean-reversion-b006-018,nobel_forward,628,7961.5300,7961.5300,0.0000,-2038.4700,0.0000,320.7700,106,0,0,53,53,0.0000,2038.4700,-0.2038,34,0,1778731200,1790222400
sim-b006-019,batch-006,mean_reversion,mean-reversion-b006-019,nobel_forward,628,7961.5300,7961.5300,0.0000,-2038.4700,0.0000,320.7700,106,0,0,53,53,0.0000,2038.4700,-0.2038,34,0,1778731200,1790222400
sim-b006-020,batch-006,mean_reversion,mean-reversion-b006-020,nobel_forward,628,7961.5300,7961.5300,0.0000,-2038.4700,0.0000,320.7700,106,0,0,53,53,0.0000,2038.4700,-0.2038,34,0,1778731200,1790222400
sim-b009-091,batch-009,entry_timing_slice,entry-timing-slice-b009-091,nobel_forward,631,7954.5200,6070.1700,1884.3500,0.0000,-2045.4800,225.0800,60,0,0,0,0,,2045.4800,-0.2045,60,60,1760587200,1790136000
sim-b009-092,batch-009,entry_timing_slice,entry-timing-slice-b009-092,nobel_forward,631,7954.5200,6070.1700,1884.3500,0.0000,-2045.4800,225.0800,60,0,0,0,0,,2045.4800,-0.2045,60,60,1760587200,1790136000
sim-b006-014,batch-006,mean_reversion,mean-reversion-b006-014,nobel_forward,633,7894.1100,7894.1100,0.0000,-2105.8900,0.0000,351.4900,114,0,1,56,57,0.0175,2105.8900,-0.2106,37,0,1764738000,1790222400
sim-b006-015,batch-006,mean_reversion,mean-reversion-b006-015,nobel_forward,633,7894.1100,7894.1100,0.0000,-2105.8900,0.0000,351.4900,114,0,1,56,57,0.0175,2105.8900,-0.2106,37,0,1764738000,1790222400
sim-b006-016,batch-006,mean_reversion,mean-reversion-b006-016,nobel_forward,633,7894.1100,7894.1100,0.0000,-2105.8900,0.0000,351.4900,114,0,1,56,57,0.0175,2105.8900,-0.2106,37,0,1764738000,1790222400
sim-b009-099,batch-009,entry_timing_slice,entry-timing-slice-b009-099,nobel_forward,636,7859.1800,6100.0000,1759.1800,0.0000,-2140.8200,220.4000,57,0,0,0,0,,2140.8200,-0.2141,57,57,1762142400,1790136000
sim-b009-100,batch-009,entry_timing_slice,entry-timing-slice-b009-100,nobel_forward,636,7859.1800,6100.0000,1759.1800,0.0000,-2140.8200,220.4000,57,0,0,0,0,,2140.8200,-0.2141,57,57,1762142400,1790136000
sim-b009-095,batch-009,entry_timing_slice,entry-timing-slice-b009-095,nobel_forward,638,7849.4400,6002.1800,1847.2600,0.0000,-2150.5600,228.1400,58,0,0,0,0,,2150.5600,-0.2151,58,58,1761019200,1790136000
sim-b009-096,batch-009,entry_timing_slice,entry-timing-slice-b009-096,nobel_forward,638,7849.4400,6002.1800,1847.2600,0.0000,-2150.5600,228.1400,58,0,0,0,0,,2150.5600,-0.2151,58,58,1761019200,1790136000
sim-b006-045,batch-006,mean_reversion,mean-reversion-b006-045,nobel_forward,640,7839.3800,7319.5800,519.8000,-1753.4800,-407.1400,570.3400,155,0,1,70,71,0.0141,2160.6200,-0.2161,36,13,1760932800,1790049600
sim-b009-097,batch-009,entry_timing_slice,entry-timing-slice-b009-097,nobel_forward,641,7795.0900,5981.7800,1813.3100,0.0000,-2204.9100,228.3600,58,0,0,0,0,,2204.9100,-0.2205,58,58,1761451200,1790136000
sim-b009-098,batch-009,entry_timing_slice,entry-timing-slice-b009-098,nobel_forward,641,7795.0900,5981.7800,1813.3100,0.0000,-2204.9100,228.3600,58,0,0,0,0,,2204.9100,-0.2205,58,58,1761451200,1790136000
sim-b006-025,batch-006,mean_reversion,mean-reversion-b006-025,nobel_forward,643,7768.0900,7323.2900,444.8000,-1866.5700,-365.3400,562.0900,157,0,2,71,73,0.0274,2231.9100,-0.2232,37,11,1760760000,1790222400
sim-b006-050,batch-006,mean_reversion,mean-reversion-b006-050,nobel_forward,644,7767.1600,7203.3800,563.7800,-1535.7600,-697.0800,369.2100,111,0,1,46,47,0.0213,2232.8400,-0.2233,38,17,1760846400,1789963200
sim-b006-051,batch-006,mean_reversion,mean-reversion-b006-051,nobel_forward,644,7767.1600,7203.3800,563.7800,-1535.7600,-697.0800,369.2100,111,0,1,46,47,0.0213,2232.8400,-0.2233,38,17,1760846400,1789963200
sim-b006-052,batch-006,mean_reversion,mean-reversion-b006-052,nobel_forward,644,7767.1600,7203.3800,563.7800,-1535.7600,-697.0800,369.2100,111,0,1,46,47,0.0213,2232.8400,-0.2233,38,17,1760846400,1789963200
sim-b005-065,batch-005,contrarian,contrarian-b005-065,nobel_forward,647,7708.2950,5509.5700,2198.7250,-1548.1200,-743.5850,659.8000,252,0,10,97,107,0.0935,2291.7050,-0.2292,38,38,1761192000,1790049600
sim-b004-090,batch-004,momentum,momentum-b004-090,nobel_forward,648,7703.8110,4633.4410,3070.3700,-1693.8700,-602.3190,532.7300,204,0,5,77,82,0.0610,2296.1890,-0.2296,40,40,1761278400,1789963200
sim-b004-095,batch-004,momentum,momentum-b004-095,nobel_forward,648,7703.8110,4633.4410,3070.3700,-1693.8700,-602.3190,532.7300,204,0,5,77,82,0.0610,2296.1890,-0.2296,40,40,1761278400,1789963200
sim-b004-100,batch-004,momentum,momentum-b004-100,nobel_forward,648,7703.8110,4633.4410,3070.3700,-1693.8700,-602.3190,532.7300,204,0,5,77,82,0.0610,2296.1890,-0.2296,40,40,1761278400,1789963200
sim-b005-064,batch-005,contrarian,contrarian-b005-064,nobel_forward,651,7624.5250,5329.5000,2295.0250,-1628.1900,-747.2850,684.5500,261,0,10,101,111,0.0901,2375.4750,-0.2375,39,39,1760932800,1790049600
sim-b005-063,batch-005,contrarian,contrarian-b005-063,nobel_forward,652,7603.6650,5217.8600,2385.8050,-1639.7300,-756.6050,683.7200,262,0,10,101,111,0.0901,2396.3350,-0.2396,40,40,1760760000,1790049600
sim-b004-089,batch-004,momentum,momentum-b004-089,nobel_forward,653,7552.1330,4382.9830,3169.1500,-1797.6860,-650.1810,550.8300,218,0,5,83,88,0.0568,2447.8670,-0.2448,42,42,1760846400,1789963200
sim-b004-094,batch-004,momentum,momentum-b004-094,nobel_forward,653,7552.1330,4382.9830,3169.1500,-1797.6860,-650.1810,550.8300,218,0,5,83,88,0.0568,2447.8670,-0.2448,42,42,1760846400,1789963200
sim-b004-099,batch-004,momentum,momentum-b004-099,nobel_forward,653,7552.1330,4382.9830,3169.1500,-1797.6860,-650.1810,550.8300,218,0,5,83,88,0.0568,2447.8670,-0.2448,42,42,1760846400,1789963200
sim-b004-088,batch-004,momentum,momentum-b004-088,nobel_forward,656,7533.5070,3615.2970,3918.2100,-1788.0360,-678.4570,553.4700,226,0,6,82,88,0.0682,2466.4930,-0.2466,50,50,1760760000,1789963200
sim-b004-093,batch-004,momentum,momentum-b004-093,nobel_forward,656,7533.5070,3615.2970,3918.2100,-1788.0360,-678.4570,553.4700,226,0,6,82,88,0.0682,2466.4930,-0.2466,50,50,1760760000,1789963200
sim-b004-098,batch-004,momentum,momentum-b004-098,nobel_forward,656,7533.5070,3615.2970,3918.2100,-1788.0360,-678.4570,553.4700,226,0,6,82,88,0.0682,2466.4930,-0.2466,50,50,1760760000,1789963200
sim-b004-087,batch-004,momentum,momentum-b004-087,nobel_forward,659,7530.6450,3215.1980,4315.4470,-1788.0360,-681.3190,554.3000,230,0,6,82,88,0.0682,2469.3550,-0.2469,54,54,1760760000,1789963200
sim-b004-092,batch-004,momentum,momentum-b004-092,nobel_forward,659,7530.6450,3215.1980,4315.4470,-1788.0360,-681.3190,554.3000,230,0,6,82,88,0.0682,2469.3550,-0.2469,54,54,1760760000,1789963200
sim-b004-097,batch-004,momentum,momentum-b004-097,nobel_forward,659,7530.6450,3215.1980,4315.4470,-1788.0360,-681.3190,554.3000,230,0,6,82,88,0.0682,2469.3550,-0.2469,54,54,1760760000,1789963200
sim-b005-062,batch-005,contrarian,contrarian-b005-062,nobel_forward,662,7512.7950,5096.9900,2415.8050,-1662.4800,-824.7250,697.3100,269,0,10,103,113,0.0885,2487.2050,-0.2487,43,43,1760760000,1790049600
sim-b006-030,batch-006,mean_reversion,mean-reversion-b006-030,nobel_forward,663,7480.2900,7420.2900,60.0000,-2431.2800,-88.4300,432.0200,136,0,0,67,67,0.0000,2519.7100,-0.2520,40,2,1760760000,1790222400
sim-b006-031,batch-006,mean_reversion,mean-reversion-b006-031,nobel_forward,663,7480.2900,7420.2900,60.0000,-2431.2800,-88.4300,432.0200,136,0,0,67,67,0.0000,2519.7100,-0.2520,40,2,1760760000,1790222400
sim-b006-005,batch-006,mean_reversion,mean-reversion-b006-005,nobel_forward,665,7461.0200,7026.2200,434.8000,-2179.3400,-359.6400,673.8800,177,0,2,81,83,0.0241,2538.9800,-0.2539,39,11,1760760000,1790136000
sim-b006-032,batch-006,mean_reversion,mean-reversion-b006-032,nobel_forward,666,7441.9500,7381.9500,60.0000,-2469.6200,-88.4300,441.8000,138,0,0,68,68,0.0000,2558.0500,-0.2558,40,2,1760760000,1790222400
sim-b005-090,batch-005,contrarian,contrarian-b005-090,nobel_forward,667,7430.1620,5433.8920,1996.2700,-1483.1480,-1086.6900,557.6200,203,0,3,79,82,0.0366,2569.8380,-0.2570,39,39,1761278400,1789963200
sim-b005-095,batch-005,contrarian,contrarian-b005-095,nobel_forward,667,7430.1620,5433.8920,1996.2700,-1483.1480,-1086.6900,557.6200,203,0,3,79,82,0.0366,2569.8380,-0.2570,39,39,1761278400,1789963200
sim-b005-100,batch-005,contrarian,contrarian-b005-100,nobel_forward,667,7430.1620,5433.8920,1996.2700,-1483.1480,-1086.6900,557.6200,203,0,3,79,82,0.0366,2569.8380,-0.2570,39,39,1761278400,1789963200
sim-b005-061,batch-005,contrarian,contrarian-b005-061,nobel_forward,670,7412.2650,4956.4600,2455.8050,-1712.5600,-875.1750,751.2000,291,0,14,109,123,0.1138,2595.4850,-0.2588,45,45,1760500800,1790049600
sim-b004-065,batch-004,momentum,momentum-b004-065,nobel_forward,671,7386.9000,4617.4500,2769.4500,-1951.2000,-661.9000,662.6300,253,0,3,104,107,0.0280,2613.1000,-0.2613,39,39,1761192000,1790049600
sim-b004-063,batch-004,momentum,momentum-b004-063,nobel_forward,672,7282.9000,4467.1300,2815.7700,-2000.5000,-716.6000,682.2100,263,0,4,107,111,0.0360,2718.9700,-0.2717,41,41,1760760000,1790049600
sim-b004-064,batch-004,momentum,momentum-b004-064,nobel_forward,673,7276.6100,4495.8400,2780.7700,-2009.0700,-714.3200,679.3100,262,0,3,108,111,0.0270,2723.3900,-0.2723,40,40,1760932800,1790049600
sim-b004-062,batch-004,momentum,momentum-b004-062,nobel_forward,674,7259.5300,4151.6640,3107.8660,-2016.9000,-723.5700,684.1500,270,0,4,109,113,0.0354,2742.3400,-0.2740,44,44,1760760000,1790049600
sim-b004-086,batch-004,momentum,momentum-b004-086,nobel_forward,675,7254.4650,2531.6280,4722.8370,-2023.0060,-722.5290,582.1100,251,0,6,90,96,0.0625,2745.5350,-0.2746,59,59,1760500800,1789963200
sim-b004-091,batch-004,momentum,momentum-b004-091,nobel_forward,675,7254.4650,2531.6280,4722.8370,-2023.0060,-722.5290,582.1100,251,0,6,90,96,0.0625,2745.5350,-0.2746,59,59,1760500800,1789963200
sim-b004-096,batch-004,momentum,momentum-b004-096,nobel_forward,675,7254.4650,2531.6280,4722.8370,-2023.0060,-722.5290,582.1100,251,0,6,90,96,0.0625,2745.5350,-0.2746,59,59,1760500800,1789963200
sim-b005-089,batch-005,contrarian,contrarian-b005-089,nobel_forward,678,7187.5220,5073.2820,2114.2400,-1616.8780,-1195.6000,602.0100,217,0,4,84,88,0.0455,2812.4780,-0.2812,41,41,1760846400,1789963200
sim-b005-094,batch-005,contrarian,contrarian-b005-094,nobel_forward,678,7187.5220,5073.2820,2114.2400,-1616.8780,-1195.6000,602.0100,217,0,4,84,88,0.0455,2812.4780,-0.2812,41,41,1760846400,1789963200
sim-b005-099,batch-005,contrarian,contrarian-b005-099,nobel_forward,678,7187.5220,5073.2820,2114.2400,-1616.8780,-1195.6000,602.0100,217,0,4,84,88,0.0455,2812.4780,-0.2812,41,41,1760846400,1789963200
sim-b004-061,batch-004,momentum,momentum-b004-061,nobel_forward,681,7015.8100,3718.7440,3297.0660,-2249.9000,-734.2900,718.2300,292,0,4,119,123,0.0325,2984.1900,-0.2984,46,46,1760500800,1790049600
sim-b005-088,batch-005,contrarian,contrarian-b005-088,nobel_forward,682,6719.2920,4456.3320,2262.9600,-1629.7280,-1650.9800,634.4400,225,0,4,84,88,0.0455,3280.7080,-0.3281,49,49,1760760000,1789963200
sim-b005-093,batch-005,contrarian,contrarian-b005-093,nobel_forward,682,6719.2920,4456.3320,2262.9600,-1629.7280,-1650.9800,634.4400,225,0,4,84,88,0.0455,3280.7080,-0.3281,49,49,1760760000,1789963200
sim-b005-098,batch-005,contrarian,contrarian-b005-098,nobel_forward,682,6719.2920,4456.3320,2262.9600,-1629.7280,-1650.9800,634.4400,225,0,4,84,88,0.0455,3280.7080,-0.3281,49,49,1760760000,1789963200
sim-b006-086,batch-006,mean_reversion,mean-reversion-b006-086,nobel_forward,685,6695.3800,6115.3800,580.0000,-2643.7900,-660.8300,649.6300,188,0,0,85,85,0.0000,3304.6200,-0.3305,47,18,1761105600,1790049600
sim-b006-087,batch-006,mean_reversion,mean-reversion-b006-087,nobel_forward,685,6695.3800,6115.3800,580.0000,-2643.7900,-660.8300,649.6300,188,0,0,85,85,0.0000,3304.6200,-0.3305,47,18,1761105600,1790049600
sim-b006-088,batch-006,mean_reversion,mean-reversion-b006-088,nobel_forward,685,6695.3800,6115.3800,580.0000,-2643.7900,-660.8300,649.6300,188,0,0,85,85,0.0000,3304.6200,-0.3305,47,18,1761105600,1790049600
sim-b006-010,batch-006,mean_reversion,mean-reversion-b006-010,nobel_forward,688,6648.5000,6648.5000,0.0000,-3351.5000,0.0000,569.5400,176,0,0,88,88,0.0000,3351.5000,-0.3352,51,0,1760846400,1790222400
sim-b006-011,batch-006,mean_reversion,mean-reversion-b006-011,nobel_forward,688,6648.5000,6648.5000,0.0000,-3351.5000,0.0000,569.5400,176,0,0,88,88,0.0000,3351.5000,-0.3352,51,0,1760846400,1790222400
sim-b006-081,batch-006,mean_reversion,mean-reversion-b006-081,nobel_forward,690,6612.6800,5999.6800,613.0000,-2898.4600,-488.8600,974.2500,286,0,2,133,135,0.0148,3387.3200,-0.3387,43,16,1761105600,1790049600
sim-b006-012,batch-006,mean_reversion,mean-reversion-b006-012,nobel_forward,691,6610.1600,6610.1600,0.0000,-3389.8400,0.0000,579.3200,178,0,0,89,89,0.0000,3389.8400,-0.3390,51,0,1760846400,1790222400
sim-b005-087,batch-005,contrarian,contrarian-b005-087,nobel_forward,692,6593.1020,4296.6420,2296.4600,-1629.7280,-1777.1700,644.1300,229,0,4,84,88,0.0455,3406.8980,-0.3407,53,53,1760760000,1789963200
sim-b005-092,batch-005,contrarian,contrarian-b005-092,nobel_forward,692,6593.1020,4296.6420,2296.4600,-1629.7280,-1777.1700,644.1300,229,0,4,84,88,0.0455,3406.8980,-0.3407,53,53,1760760000,1789963200
sim-b005-097,batch-005,contrarian,contrarian-b005-097,nobel_forward,692,6593.1020,4296.6420,2296.4600,-1629.7280,-1777.1700,644.1300,229,0,4,84,88,0.0455,3406.8980,-0.3407,53,53,1760760000,1789963200
sim-b003-087,batch-003,longshot_band,longshot-band-b003-087,nobel_forward,695,6489.4800,4239.4800,2250.0000,0.0000,-3510.5200,335.5200,95,0,0,0,0,,3510.5200,-0.3511,95,95,1760500800,1790262000
sim-b003-088,batch-003,longshot_band,longshot-band-b003-088,nobel_forward,695,6489.4800,4239.4800,2250.0000,0.0000,-3510.5200,335.5200,95,0,0,0,0,,3510.5200,-0.3511,95,95,1760500800,1790262000
sim-b010-081,batch-010,longshot_band_wide,longshot-band-wide-b010-081,nobel_forward,695,6489.4800,4239.4800,2250.0000,0.0000,-3510.5200,335.5200,95,0,0,0,0,,3510.5200,-0.3511,95,95,1760500800,1790262000
sim-b010-082,batch-010,longshot_band_wide,longshot-band-wide-b010-082,nobel_forward,695,6489.4800,4239.4800,2250.0000,0.0000,-3510.5200,335.5200,95,0,0,0,0,,3510.5200,-0.3511,95,95,1760500800,1790262000
sim-b003-007,batch-003,longshot_band,longshot-band-b003-007,nobel_forward,699,6434.7500,4174.7500,2260.0000,0.0000,-3565.2500,340.2500,101,0,0,0,0,,3565.2500,-0.3565,101,101,1760500800,1790262000
sim-b003-008,batch-003,longshot_band,longshot-band-b003-008,nobel_forward,699,6434.7500,4174.7500,2260.0000,0.0000,-3565.2500,340.2500,101,0,0,0,0,,3565.2500,-0.3565,101,101,1760500800,1790262000
sim-b003-027,batch-003,longshot_band,longshot-band-b003-027,nobel_forward,699,6434.7500,4174.7500,2260.0000,0.0000,-3565.2500,340.2500,101,0,0,0,0,,3565.2500,-0.3565,101,101,1760500800,1790262000
sim-b003-028,batch-003,longshot_band,longshot-band-b003-028,nobel_forward,699,6434.7500,4174.7500,2260.0000,0.0000,-3565.2500,340.2500,101,0,0,0,0,,3565.2500,-0.3565,101,101,1760500800,1790262000
sim-b010-073,batch-010,longshot_band_wide,longshot-band-wide-b010-073,nobel_forward,699,6434.7500,4174.7500,2260.0000,0.0000,-3565.2500,340.2500,101,0,0,0,0,,3565.2500,-0.3565,101,101,1760500800,1790262000
sim-b010-074,batch-010,longshot_band_wide,longshot-band-wide-b010-074,nobel_forward,699,6434.7500,4174.7500,2260.0000,0.0000,-3565.2500,340.2500,101,0,0,0,0,,3565.2500,-0.3565,101,101,1760500800,1790262000
sim-b003-091,batch-003,longshot_band,longshot-band-b003-091,nobel_forward,705,6400.4100,4150.4100,2250.0000,0.0000,-3599.5900,339.5900,95,0,0,0,0,,3599.5900,-0.3600,95,95,1760500800,1790262000
sim-b003-092,batch-003,longshot_band,longshot-band-b003-092,nobel_forward,705,6400.4100,4150.4100,2250.0000,0.0000,-3599.5900,339.5900,95,0,0,0,0,,3599.5900,-0.3600,95,95,1760500800,1790262000
sim-b005-086,batch-005,contrarian,contrarian-b005-086,nobel_forward,707,6399.2420,3928.8220,2470.4200,-1716.6680,-1884.0900,690.2500,250,0,8,88,96,0.0833,3608.5080,-0.3601,58,58,1760500800,1789963200
sim-b005-091,batch-005,contrarian,contrarian-b005-091,nobel_forward,707,6399.2420,3928.8220,2470.4200,-1716.6680,-1884.0900,690.2500,250,0,8,88,96,0.0833,3608.5080,-0.3601,58,58,1760500800,1789963200
sim-b005-096,batch-005,contrarian,contrarian-b005-096,nobel_forward,707,6399.2420,3928.8220,2470.4200,-1716.6680,-1884.0900,690.2500,250,0,8,88,96,0.0833,3608.5080,-0.3601,58,58,1760500800,1789963200
sim-b003-067,batch-003,longshot_band,longshot-band-b003-067,nobel_forward,710,6398.0400,4138.0400,2260.0000,0.0000,-3601.9600,341.9600,99,0,0,0,0,,3601.9600,-0.3602,99,99,1760500800,1790262000
sim-b003-068,batch-003,longshot_band,longshot-band-b003-068,nobel_forward,710,6398.0400,4138.0400,2260.0000,0.0000,-3601.9600,341.9600,99,0,0,0,0,,3601.9600,-0.3602,99,99,1760500800,1790262000
sim-b003-095,batch-003,longshot_band,longshot-band-b003-095,nobel_forward,712,6369.4700,4130.3100,2239.1600,0.0000,-3630.5300,339.8500,95,0,0,0,0,,3630.5300,-0.3631,95,95,1760500800,1790262000
sim-b003-096,batch-003,longshot_band,longshot-band-b003-096,nobel_forward,712,6369.4700,4130.3100,2239.1600,0.0000,-3630.5300,339.8500,95,0,0,0,0,,3630.5300,-0.3631,95,95,1760500800,1790262000
sim-b010-083,batch-010,longshot_band_wide,longshot-band-wide-b010-083,nobel_forward,712,6369.4700,4130.3100,2239.1600,0.0000,-3630.5300,339.8500,95,0,0,0,0,,3630.5300,-0.3631,95,95,1760500800,1790262000
sim-b010-084,batch-010,longshot_band_wide,longshot-band-wide-b010-084,nobel_forward,712,6369.4700,4130.3100,2239.1600,0.0000,-3630.5300,339.8500,95,0,0,0,0,,3630.5300,-0.3631,95,95,1760500800,1790262000
sim-b003-011,batch-003,longshot_band,longshot-band-b003-011,nobel_forward,716,6345.6800,4085.6800,2260.0000,0.0000,-3654.3200,344.3200,101,0,0,0,0,,3654.3200,-0.3654,101,101,1760500800,1790262000
sim-b003-012,batch-003,longshot_band,longshot-band-b003-012,nobel_forward,716,6345.6800,4085.6800,2260.0000,0.0000,-3654.3200,344.3200,101,0,0,0,0,,3654.3200,-0.3654,101,101,1760500800,1790262000
sim-b003-031,batch-003,longshot_band,longshot-band-b003-031,nobel_forward,716,6345.6800,4085.6800,2260.0000,0.0000,-3654.3200,344.3200,101,0,0,0,0,,3654.3200,-0.3654,101,101,1760500800,1790262000
sim-b003-032,batch-003,longshot_band,longshot-band-b003-032,nobel_forward,716,6345.6800,4085.6800,2260.0000,0.0000,-3654.3200,344.3200,101,0,0,0,0,,3654.3200,-0.3654,101,101,1760500800,1790262000
sim-b003-047,batch-003,longshot_band,longshot-band-b003-047,nobel_forward,720,6344.7000,4084.7000,2260.0000,0.0000,-3655.3000,345.3000,101,0,0,0,0,,3655.3000,-0.3655,101,101,1760500800,1790262000
sim-b003-048,batch-003,longshot_band,longshot-band-b003-048,nobel_forward,720,6344.7000,4084.7000,2260.0000,0.0000,-3655.3000,345.3000,101,0,0,0,0,,3655.3000,-0.3655,101,101,1760500800,1790262000
sim-b010-077,batch-010,longshot_band_wide,longshot-band-wide-b010-077,nobel_forward,720,6344.7000,4084.7000,2260.0000,0.0000,-3655.3000,345.3000,101,0,0,0,0,,3655.3000,-0.3655,101,101,1760500800,1790262000
sim-b010-078,batch-010,longshot_band_wide,longshot-band-wide-b010-078,nobel_forward,720,6344.7000,4084.7000,2260.0000,0.0000,-3655.3000,345.3000,101,0,0,0,0,,3655.3000,-0.3655,101,101,1760500800,1790262000
sim-b003-015,batch-003,longshot_band,longshot-band-b003-015,nobel_forward,724,6314.7400,4065.5800,2249.1600,0.0000,-3685.2600,344.5800,101,0,0,0,0,,3685.2600,-0.3685,101,101,1760500800,1790262000
sim-b003-016,batch-003,longshot_band,longshot-band-b003-016,nobel_forward,724,6314.7400,4065.5800,2249.1600,0.0000,-3685.2600,344.5800,101,0,0,0,0,,3685.2600,-0.3685,101,101,1760500800,1790262000
sim-b003-035,batch-003,longshot_band,longshot-band-b003-035,nobel_forward,724,6314.7400,4065.5800,2249.1600,0.0000,-3685.2600,344.5800,101,0,0,0,0,,3685.2600,-0.3685,101,101,1760500800,1790262000
sim-b003-036,batch-003,longshot_band,longshot-band-b003-036,nobel_forward,724,6314.7400,4065.5800,2249.1600,0.0000,-3685.2600,344.5800,101,0,0,0,0,,3685.2600,-0.3685,101,101,1760500800,1790262000
sim-b010-075,batch-010,longshot_band_wide,longshot-band-wide-b010-075,nobel_forward,724,6314.7400,4065.5800,2249.1600,0.0000,-3685.2600,344.5800,101,0,0,0,0,,3685.2600,-0.3685,101,101,1760500800,1790262000
sim-b010-076,batch-010,longshot_band_wide,longshot-band-wide-b010-076,nobel_forward,724,6314.7400,4065.5800,2249.1600,0.0000,-3685.2600,344.5800,101,0,0,0,0,,3685.2600,-0.3685,101,101,1760500800,1790262000
sim-b003-071,batch-003,longshot_band,longshot-band-b003-071,nobel_forward,730,6308.9700,4048.9700,2260.0000,0.0000,-3691.0300,346.0300,99,0,0,0,0,,3691.0300,-0.3691,99,99,1760500800,1790262000
sim-b003-072,batch-003,longshot_band,longshot-band-b003-072,nobel_forward,730,6308.9700,4048.9700,2260.0000,0.0000,-3691.0300,346.0300,99,0,0,0,0,,3691.0300,-0.3691,99,99,1760500800,1790262000
sim-b003-099,batch-003,longshot_band,longshot-band-b003-099,nobel_forward,732,6299.3000,3920.8700,2378.4300,0.0000,-3700.7000,349.3700,97,0,0,0,0,,3700.7000,-0.3701,97,97,1760414400,1790262000
sim-b003-100,batch-003,longshot_band,longshot-band-b003-100,nobel_forward,732,6299.3000,3920.8700,2378.4300,0.0000,-3700.7000,349.3700,97,0,0,0,0,,3700.7000,-0.3701,97,97,1760414400,1790262000
sim-b010-004,batch-010,tight_value_ranged,tight-value-ranged-b010-004,nobel_forward,734,6297.0200,3908.5900,2388.4300,0.0000,-3702.9800,351.6500,103,0,0,0,0,,3702.9800,-0.3703,103,103,1760500800,1790262000
sim-b003-075,batch-003,longshot_band,longshot-band-b003-075,nobel_forward,735,6278.0300,4028.8700,2249.1600,0.0000,-3721.9700,346.2900,99,0,0,0,0,,3721.9700,-0.3722,99,99,1760500800,1790262000
sim-b003-076,batch-003,longshot_band,longshot-band-b003-076,nobel_forward,735,6278.0300,4028.8700,2249.1600,0.0000,-3721.9700,346.2900,99,0,0,0,0,,3721.9700,-0.3722,99,99,1760500800,1790262000
sim-b003-051,batch-003,longshot_band,longshot-band-b003-051,nobel_forward,737,6255.6300,3995.6300,2260.0000,0.0000,-3744.3700,349.3700,101,0,0,0,0,,3744.3700,-0.3744,101,101,1760500800,1790262000
sim-b003-052,batch-003,longshot_band,longshot-band-b003-052,nobel_forward,737,6255.6300,3995.6300,2260.0000,0.0000,-3744.3700,349.3700,101,0,0,0,0,,3744.3700,-0.3744,101,101,1760500800,1790262000
sim-b003-019,batch-003,longshot_band,longshot-band-b003-019,nobel_forward,739,6244.5700,3856.1400,2388.4300,0.0000,-3755.4300,354.1000,103,0,0,0,0,,3755.4300,-0.3755,103,103,1760414400,1790262000
sim-b003-020,batch-003,longshot_band,longshot-band-b003-020,nobel_forward,739,6244.5700,3856.1400,2388.4300,0.0000,-3755.4300,354.1000,103,0,0,0,0,,3755.4300,-0.3755,103,103,1760414400,1790262000
sim-b003-039,batch-003,longshot_band,longshot-band-b003-039,nobel_forward,739,6244.5700,3856.1400,2388.4300,0.0000,-3755.4300,354.1000,103,0,0,0,0,,3755.4300,-0.3755,103,103,1760414400,1790262000
sim-b003-040,batch-003,longshot_band,longshot-band-b003-040,nobel_forward,739,6244.5700,3856.1400,2388.4300,0.0000,-3755.4300,354.1000,103,0,0,0,0,,3755.4300,-0.3755,103,103,1760414400,1790262000
sim-b006-061,batch-006,mean_reversion,mean-reversion-b006-061,nobel_forward,743,6239.2100,5506.2100,733.0000,-3174.2500,-586.5400,1052.0200,309,0,3,142,145,0.0207,3760.7900,-0.3761,47,19,1760932800,1790136000
sim-b010-008,batch-010,tight_value_ranged,tight-value-ranged-b010-008,nobel_forward,744,6228.1040,3774.7000,2453.4040,0.0000,-3771.8960,355.7600,104,0,0,0,0,,3771.8960,-0.3772,104,104,1760500800,1790262000
sim-b010-012,batch-010,tight_value_ranged,tight-value-ranged-b010-012,nobel_forward,744,6228.1040,3774.7000,2453.4040,0.0000,-3771.8960,355.7600,104,0,0,0,0,,3771.8960,-0.3772,104,104,1760500800,1790262000
sim-b010-016,batch-010,tight_value_ranged,tight-value-ranged-b010-016,nobel_forward,744,6228.1040,3774.7000,2453.4040,0.0000,-3771.8960,355.7600,104,0,0,0,0,,3771.8960,-0.3772,104,104,1760500800,1790262000
sim-b003-055,batch-003,longshot_band,longshot-band-b003-055,nobel_forward,747,6224.6900,3975.5300,2249.1600,0.0000,-3775.3100,349.6300,101,0,0,0,0,,3775.3100,-0.3775,101,101,1760500800,1790262000
sim-b003-056,batch-003,longshot_band,longshot-band-b003-056,nobel_forward,747,6224.6900,3975.5300,2249.1600,0.0000,-3775.3100,349.6300,101,0,0,0,0,,3775.3100,-0.3775,101,101,1760500800,1790262000
sim-b010-079,batch-010,longshot_band_wide,longshot-band-wide-b010-079,nobel_forward,747,6224.6900,3975.5300,2249.1600,0.0000,-3775.3100,349.6300,101,0,0,0,0,,3775.3100,-0.3775,101,101,1760500800,1790262000
sim-b010-080,batch-010,longshot_band_wide,longshot-band-wide-b010-080,nobel_forward,747,6224.6900,3975.5300,2249.1600,0.0000,-3775.3100,349.6300,101,0,0,0,0,,3775.3100,-0.3775,101,101,1760500800,1790262000
sim-b003-079,batch-003,longshot_band,longshot-band-b003-079,nobel_forward,751,6207.8600,3819.4300,2388.4300,0.0000,-3792.1400,355.8100,101,0,0,0,0,,3792.1400,-0.3792,101,101,1760414400,1790262000
sim-b003-080,batch-003,longshot_band,longshot-band-b003-080,nobel_forward,751,6207.8600,3819.4300,2388.4300,0.0000,-3792.1400,355.8100,101,0,0,0,0,,3792.1400,-0.3792,101,101,1760414400,1790262000
sim-b010-020,batch-010,tight_value_ranged,tight-value-ranged-b010-020,nobel_forward,753,6206.9700,3818.5400,2388.4300,0.0000,-3793.0300,356.7000,103,0,0,0,0,,3793.0300,-0.3793,103,103,1760500800,1790262000
sim-b010-036,batch-010,tight_value_ranged,tight-value-ranged-b010-036,nobel_forward,754,6169.7500,3804.8200,2364.9300,0.0000,-3830.2500,355.4200,96,0,0,0,0,,3830.2500,-0.3830,96,96,1760500800,1790262000
sim-b003-059,batch-003,longshot_band,longshot-band-b003-059,nobel_forward,755,6154.5200,3766.0900,2388.4300,0.0000,-3845.4800,359.1500,103,0,0,0,0,,3845.4800,-0.3845,103,103,1760414400,1790262000
sim-b003-060,batch-003,longshot_band,longshot-band-b003-060,nobel_forward,755,6154.5200,3766.0900,2388.4300,0.0000,-3845.4800,359.1500,103,0,0,0,0,,3845.4800,-0.3845,103,103,1760414400,1790262000
sim-b006-066,batch-006,mean_reversion,mean-reversion-b006-066,nobel_forward,757,6144.9500,5552.9500,592.0000,-3174.2500,-680.8000,779.8200,216,0,2,97,99,0.0202,3855.0500,-0.3855,49,18,1760932800,1789963200
sim-b006-067,batch-006,mean_reversion,mean-reversion-b006-067,nobel_forward,757,6144.9500,5552.9500,592.0000,-3174.2500,-680.8000,779.8200,216,0,2,97,99,0.0202,3855.0500,-0.3855,49,18,1760932800,1789963200
sim-b010-024,batch-010,tight_value_ranged,tight-value-ranged-b010-024,nobel_forward,759,6138.0540,3684.6500,2453.4040,0.0000,-3861.9460,360.8100,104,0,0,0,0,,3861.9460,-0.3862,104,104,1760500800,1790262000
sim-b010-028,batch-010,tight_value_ranged,tight-value-ranged-b010-028,nobel_forward,759,6138.0540,3684.6500,2453.4040,0.0000,-3861.9460,360.8100,104,0,0,0,0,,3861.9460,-0.3862,104,104,1760500800,1790262000
sim-b010-032,batch-010,tight_value_ranged,tight-value-ranged-b010-032,nobel_forward,759,6138.0540,3684.6500,2453.4040,0.0000,-3861.9460,360.8100,104,0,0,0,0,,3861.9460,-0.3862,104,104,1760500800,1790262000
sim-b010-086,batch-010,slice_band,slice-band-b010-086,nobel_forward,762,6133.6140,3679.3400,2454.2740,0.0000,-3866.3860,361.0600,103,0,0,0,0,,3866.3860,-0.3866,103,103,1760414400,1790262000
sim-b010-087,batch-010,slice_band,slice-band-b010-087,nobel_forward,762,6133.6140,3679.3400,2454.2740,0.0000,-3866.3860,361.0600,103,0,0,0,0,,3866.3860,-0.3866,103,103,1760414400,1790262000
sim-b010-088,batch-010,slice_band,slice-band-b010-088,nobel_forward,762,6133.6140,3679.3400,2454.2740,0.0000,-3866.3860,361.0600,103,0,0,0,0,,3866.3860,-0.3866,103,103,1760414400,1790262000
sim-b006-068,batch-006,mean_reversion,mean-reversion-b006-068,nobel_forward,765,6106.6100,5514.6100,592.0000,-3212.5900,-680.8000,789.6000,218,0,2,98,100,0.0200,3893.3900,-0.3893,49,18,1760932800,1789963200
sim-b010-090,batch-010,slice_band,slice-band-b010-090,nobel_forward,766,6101.7140,3670.9400,2430.7740,0.0000,-3898.2860,359.4600,96,0,0,0,0,,3898.2860,-0.3898,96,96,1760414400,1790262000
sim-b010-091,batch-010,slice_band,slice-band-b010-091,nobel_forward,766,6101.7140,3670.9400,2430.7740,0.0000,-3898.2860,359.4600,96,0,0,0,0,,3898.2860,-0.3898,96,96,1760414400,1790262000
sim-b010-092,batch-010,slice_band,slice-band-b010-092,nobel_forward,766,6101.7140,3670.9400,2430.7740,0.0000,-3898.2860,359.4600,96,0,0,0,0,,3898.2860,-0.3898,96,96,1760414400,1790262000
sim-b010-040,batch-010,tight_value_ranged,tight-value-ranged-b010-040,nobel_forward,769,6100.8340,3670.9300,2429.9040,0.0000,-3899.1660,359.5300,97,0,0,0,0,,3899.1660,-0.3899,97,97,1760500800,1790262000
sim-b010-044,batch-010,tight_value_ranged,tight-value-ranged-b010-044,nobel_forward,769,6100.8340,3670.9300,2429.9040,0.0000,-3899.1660,359.5300,97,0,0,0,0,,3899.1660,-0.3899,97,97,1760500800,1790262000
sim-b010-048,batch-010,tight_value_ranged,tight-value-ranged-b010-048,nobel_forward,769,6100.8340,3670.9300,2429.9040,0.0000,-3899.1660,359.5300,97,0,0,0,0,,3899.1660,-0.3899,97,97,1760500800,1790262000
sim-b009-087,batch-009,entry_timing_slice,entry-timing-slice-b009-087,nobel_forward,772,6048.5640,3617.7900,2430.7740,0.0000,-3951.4360,362.6100,97,0,0,0,0,,3951.4360,-0.3951,97,97,1760414400,1790262000
sim-b009-088,batch-009,entry_timing_slice,entry-timing-slice-b009-088,nobel_forward,772,6048.5640,3617.7900,2430.7740,0.0000,-3951.4360,362.6100,97,0,0,0,0,,3951.4360,-0.3951,97,97,1760414400,1790262000
sim-b009-089,batch-009,entry_timing_slice,entry-timing-slice-b009-089,nobel_forward,774,6048.3840,3618.4800,2429.9040,0.0000,-3951.6160,361.9800,97,0,0,0,0,,3951.6160,-0.3952,97,97,1760500800,1790269200
sim-b009-090,batch-009,entry_timing_slice,entry-timing-slice-b009-090,nobel_forward,774,6048.3840,3618.4800,2429.9040,0.0000,-3951.6160,361.9800,97,0,0,0,0,,3951.6160,-0.3952,97,97,1760500800,1790269200
sim-b008-045,batch-008,volume_momentum_window,volume-momentum-window-b008-045,nobel_forward,776,6040.0780,2915.5080,3124.5700,-2877.1440,-1082.7780,824.3000,347,0,5,143,148,0.0338,3959.9220,-0.3960,51,51,1761710400,1790049600
sim-b008-009,batch-008,volume_momentum_window,volume-momentum-window-b008-009,nobel_forward,777,5906.1720,2732.3620,3173.8100,-2948.3420,-1145.4860,790.8800,340,0,4,139,143,0.0280,4101.3580,-0.4094,54,54,1760760000,1790049600
sim-b008-046,batch-008,volume_momentum_window,volume-momentum-window-b008-046,nobel_forward,778,5901.7600,2758.9500,3142.8100,-2965.5180,-1132.7220,834.3500,356,0,5,147,152,0.0329,4098.2400,-0.4098,52,52,1761710400,1790049600
sim-b008-047,batch-008,volume_momentum_window,volume-momentum-window-b008-047,nobel_forward,778,5901.7600,2758.9500,3142.8100,-2965.5180,-1132.7220,834.3500,356,0,5,147,152,0.0329,4098.2400,-0.4098,52,52,1761710400,1790049600
sim-b008-048,batch-008,volume_momentum_window,volume-momentum-window-b008-048,nobel_forward,778,5901.7600,2758.9500,3142.8100,-2965.5180,-1132.7220,834.3500,356,0,5,147,152,0.0329,4098.2400,-0.4098,52,52,1761710400,1790049600
sim-b008-033,batch-008,volume_momentum_window,volume-momentum-window-b008-033,nobel_forward,781,5815.3700,2778.9500,3036.4200,-3097.3640,-1087.2660,869.8200,367,0,4,154,158,0.0253,4184.6300,-0.4185,51,51,1761537600,1790049600
sim-b008-021,batch-008,volume_momentum_window,volume-momentum-window-b008-021,nobel_forward,782,5756.6400,2679.2500,3077.3900,-3132.6740,-1110.6860,873.2000,367,0,4,153,157,0.0255,4243.3600,-0.4243,53,53,1761537600,1790049600
sim-b008-034,batch-008,volume_momentum_window,volume-momentum-window-b008-034,nobel_forward,783,5677.0520,2622.3920,3054.6600,-3185.7380,-1137.2100,879.8700,376,0,4,158,162,0.0247,4322.9480,-0.4323,52,52,1761537600,1790049600
sim-b008-035,batch-008,volume_momentum_window,volume-momentum-window-b008-035,nobel_forward,783,5677.0520,2622.3920,3054.6600,-3185.7380,-1137.2100,879.8700,376,0,4,158,162,0.0247,4322.9480,-0.4323,52,52,1761537600,1790049600
sim-b008-036,batch-008,volume_momentum_window,volume-momentum-window-b008-036,nobel_forward,783,5677.0520,2622.3920,3054.6600,-3185.7380,-1137.2100,879.8700,376,0,4,158,162,0.0247,4322.9480,-0.4323,52,52,1761537600,1790049600
sim-b006-046,batch-006,mean_reversion,mean-reversion-b006-046,nobel_forward,786,5618.7200,4836.5800,782.1400,-3586.7600,-794.5200,893.2900,248,0,1,113,114,0.0088,4381.2800,-0.4381,50,20,1760846400,1790049600
sim-b006-047,batch-006,mean_reversion,mean-reversion-b006-047,nobel_forward,786,5618.7200,4836.5800,782.1400,-3586.7600,-794.5200,893.2900,248,0,1,113,114,0.0088,4381.2800,-0.4381,50,20,1760846400,1790049600
sim-b005-045,batch-005,contrarian,contrarian-b005-045,nobel_forward,788,5606.9220,3430.5320,2176.3900,-3538.1080,-854.9700,1230.2900,543,0,16,234,250,0.0640,4393.0780,-0.4393,43,43,1761192000,1790136000
sim-b006-041,batch-006,mean_reversion,mean-reversion-b006-041,nobel_forward,789,5585.4400,4860.6400,724.8000,-3870.6400,-543.9200,1207.4900,369,0,4,171,175,0.0229,4414.5600,-0.4415,46,19,1760846400,1790136000
sim-b006-048,batch-006,mean_reversion,mean-reversion-b006-048,nobel_forward,790,5580.3800,4798.2400,782.1400,-3625.1000,-794.5200,903.0700,250,0,1,114,115,0.0087,4419.6200,-0.4420,50,20,1760846400,1790049600
sim-b008-041,batch-008,volume_momentum_window,volume-momentum-window-b008-041,nobel_forward,791,5467.5270,2339.0070,3128.5200,-3454.5650,-1077.9080,1066.6900,493,0,12,207,219,0.0548,4532.4730,-0.4532,55,55,1761710400,1790125200
sim-b005-044,batch-005,contrarian,contrarian-b005-044,nobel_forward,792,5359.4520,3133.0620,2226.3900,-3724.0380,-916.5100,1274.3700,565,0,16,244,260,0.0615,4640.5480,-0.4641,45,45,1760932800,1790136000
sim-b005-043,batch-005,contrarian,contrarian-b005-043,nobel_forward,793,5341.1220,3114.7320,2226.3900,-3742.3680,-916.5100,1274.0700,567,0,16,245,261,0.0613,4658.8780,-0.4659,45,45,1760760000,1790136000
sim-b005-042,batch-005,contrarian,contrarian-b005-042,nobel_forward,794,5277.3220,3020.9320,2256.3900,-3715.3180,-1007.3600,1292.5900,576,0,17,247,264,0.0644,4722.6780,-0.4723,48,48,1760760000,1790136000
sim-b008-005,batch-008,volume_momentum_window,volume-momentum-window-b008-005,nobel_forward,795,5269.4230,1962.1630,3307.2600,-3705.1230,-1025.4540,1073.4900,502,0,13,210,223,0.0583,4738.1070,-0.4731,56,56,1760760000,1790125200
sim-b008-042,batch-008,volume_momentum_window,volume-momentum-window-b008-042,nobel_forward,796,5268.8190,2122.0590,3146.7600,-3603.3290,-1127.8520,1087.5000,506,0,12,213,225,0.0533,4731.1810,-0.4731,56,56,1761710400,1790125200
sim-b008-043,batch-008,volume_momentum_window,volume-momentum-window-b008-043,nobel_forward,796,5268.8190,2122.0590,3146.7600,-3603.3290,-1127.8520,1087.5000,506,0,12,213,225,0.0533,4731.1810,-0.4731,56,56,1761710400,1790125200
sim-b008-044,batch-008,volume_momentum_window,volume-momentum-window-b008-044,nobel_forward,796,5268.8190,2122.0590,3146.7600,-3603.3290,-1127.8520,1087.5000,506,0,12,213,225,0.0533,4731.1810,-0.4731,56,56,1761710400,1790125200
sim-b008-017,batch-008,volume_momentum_window,volume-momentum-window-b008-017,nobel_forward,799,5199.7090,1928.4790,3271.2300,-3839.3050,-960.9860,1130.4600,525,0,13,222,235,0.0553,4800.2910,-0.4800,55,55,1761537600,1790125200
sim-b008-010,batch-008,volume_momentum_window,volume-momentum-window-b008-010,nobel_forward,800,5186.3120,1990.9020,3195.4100,-3652.8880,-1160.8000,863.3900,387,0,4,162,166,0.0241,4813.6880,-0.4814,55,55,1760760000,1790049600
sim-b008-011,batch-008,volume_momentum_window,volume-momentum-window-b008-011,nobel_forward,800,5186.3120,1990.9020,3195.4100,-3652.8880,-1160.8000,863.3900,387,0,4,162,166,0.0241,4813.6880,-0.4814,55,55,1760760000,1790049600
sim-b008-012,batch-008,volume_momentum_window,volume-momentum-window-b008-012,nobel_forward,800,5186.3120,1990.9020,3195.4100,-3652.8880,-1160.8000,863.3900,387,0,4,162,166,0.0241,4813.6880,-0.4814,55,55,1760760000,1790049600
sim-b005-041,batch-005,contrarian,contrarian-b005-041,nobel_forward,803,5171.5840,2073.0940,3098.4900,-3772.6160,-1055.8000,1363.7600,622,0,24,258,282,0.0851,4836.1660,-0.4828,58,58,1760500800,1790136000
sim-b008-022,batch-008,volume_momentum_window,volume-momentum-window-b008-022,nobel_forward,804,5127.4620,2031.8320,3095.6300,-3711.9080,-1160.6300,934.2100,396,0,4,167,171,0.0234,4872.5380,-0.4873,54,54,1760846400,1790049600
sim-b008-023,batch-008,volume_momentum_window,volume-momentum-window-b008-023,nobel_forward,804,5127.4620,2031.8320,3095.6300,-3711.9080,-1160.6300,934.2100,396,0,4,167,171,0.0234,4872.5380,-0.4873,54,54,1760846400,1790049600
sim-b008-024,batch-008,volume_momentum_window,volume-momentum-window-b008-024,nobel_forward,804,5127.4620,2031.8320,3095.6300,-3711.9080,-1160.6300,934.2100,396,0,4,167,171,0.0234,4872.5380,-0.4873,54,54,1760846400,1790049600
sim-b008-029,batch-008,volume_momentum_window,volume-momentum-window-b008-029,nobel_forward,807,5043.1890,1823.9690,3219.2200,-3927.5850,-1029.2260,1174.5600,541,0,12,231,243,0.0494,4956.8110,-0.4957,55,55,1761537600,1790125200
sim-b004-045,batch-004,momentum,momentum-b004-045,nobel_forward,808,5009.8470,1789.0920,3220.7550,-4349.3400,-640.8130,1249.7700,543,0,4,246,250,0.0160,4990.1530,-0.4990,43,43,1761192000,1790136000
sim-b006-021,batch-006,mean_reversion,mean-reversion-b006-021,nobel_forward,809,4940.3700,4310.5700,629.8000,-4585.3800,-474.2500,1327.0500,420,0,4,198,202,0.0198,5059.6300,-0.5060,47,16,1760760000,1790222400
sim-b008-030,batch-008,volume_momentum_window,volume-momentum-window-b008-030,nobel_forward,810,4844.4810,1607.0210,3237.4600,-4076.3490,-1079.1700,1195.3700,554,0,12,237,249,0.0482,5155.5190,-0.5156,56,56,1761451200,1790125200
sim-b008-031,batch-008,volume_momentum_window,volume-momentum-window-b008-031,nobel_forward,810,4844.4810,1607.0210,3237.4600,-4076.3490,-1079.1700,1195.3700,554,0,12,237,249,0.0482,5155.5190,-0.5156,56,56,1761451200,1790125200
sim-b008-032,batch-008,volume_momentum_window,volume-momentum-window-b008-032,nobel_forward,810,4844.4810,1607.0210,3237.4600,-4076.3490,-1079.1700,1195.3700,554,0,12,237,249,0.0482,5155.5190,-0.5156,56,56,1761451200,1790125200
sim-b004-044,batch-004,momentum,momentum-b004-044,nobel_forward,813,4822.2070,1414.3720,3407.8350,-4523.9600,-653.8330,1277.9000,565,0,4,256,260,0.0154,5177.7930,-0.5178,45,45,1760932800,1790136000
sim-b004-043,batch-004,momentum,momentum-b004-043,nobel_forward,814,4802.8070,1394.9720,3407.8350,-4543.3600,-653.8330,1281.4900,567,0,5,256,261,0.0192,5199.0630,-0.5197,45,45,1760760000,1790136000
sim-b004-042,batch-004,momentum,momentum-b004-042,nobel_forward,815,4772.3840,1073.7130,3698.6710,-4564.9290,-662.6870,1284.3600,576,0,5,259,264,0.0189,5229.4860,-0.5228,48,48,1760760000,1790136000
sim-b006-026,batch-006,mean_reversion,mean-reversion-b006-026,nobel_forward,816,4759.6500,4679.6500,80.0000,-5108.2200,-132.1300,1004.0700,293,0,0,145,145,0.0000,5240.3500,-0.5240,60,3,1760760000,1790222400
sim-b006-027,batch-006,mean_reversion,mean-reversion-b006-027,nobel_forward,816,4759.6500,4679.6500,80.0000,-5108.2200,-132.1300,1004.0700,293,0,0,145,145,0.0000,5240.3500,-0.5240,60,3,1760760000,1790222400
sim-b006-028,batch-006,mean_reversion,mean-reversion-b006-028,nobel_forward,818,4721.3100,4641.3100,80.0000,-5146.5600,-132.1300,1013.8500,295,0,0,146,146,0.0000,5278.6900,-0.5279,60,3,1760760000,1790222400
sim-b008-006,batch-008,volume_momentum_window,volume-momentum-window-b008-006,nobel_forward,819,4479.3050,1153.8050,3325.5000,-4445.2970,-1075.3980,1158.2900,555,0,13,236,249,0.0522,5520.6950,-0.5521,57,57,1760760000,1790125200
sim-b008-007,batch-008,volume_momentum_window,volume-momentum-window-b008-007,nobel_forward,819,4479.3050,1153.8050,3325.5000,-4445.2970,-1075.3980,1158.2900,555,0,13,236,249,0.0522,5520.6950,-0.5521,57,57,1760760000,1790125200
sim-b008-008,batch-008,volume_momentum_window,volume-momentum-window-b008-008,nobel_forward,819,4479.3050,1153.8050,3325.5000,-4445.2970,-1075.3980,1158.2900,555,0,13,236,249,0.0522,5520.6950,-0.5521,57,57,1760760000,1790125200
sim-b008-018,batch-008,volume_momentum_window,volume-momentum-window-b008-018,nobel_forward,822,4479.2610,1189.7910,3289.4700,-4509.8090,-1010.9300,1208.8100,560,0,13,239,252,0.0516,5520.7390,-0.5521,56,56,1760846400,1790125200
sim-b008-019,batch-008,volume_momentum_window,volume-momentum-window-b008-019,nobel_forward,822,4479.2610,1189.7910,3289.4700,-4509.8090,-1010.9300,1208.8100,560,0,13,239,252,0.0516,5520.7390,-0.5521,56,56,1760846400,1790125200
sim-b008-020,batch-008,volume_momentum_window,volume-momentum-window-b008-020,nobel_forward,822,4479.2610,1189.7910,3289.4700,-4509.8090,-1010.9300,1208.8100,560,0,13,239,252,0.0516,5520.7390,-0.5521,56,56,1760846400,1790125200
sim-b005-070,batch-005,contrarian,contrarian-b005-070,nobel_forward,825,4450.1880,1808.5530,2641.6350,-4142.1380,-1407.6740,1177.6100,482,0,10,205,215,0.0465,5549.8120,-0.5550,52,52,1761192000,1790136000
sim-b005-075,batch-005,contrarian,contrarian-b005-075,nobel_forward,825,4450.1880,1808.5530,2641.6350,-4142.1380,-1407.6740,1177.6100,482,0,10,205,215,0.0465,5549.8120,-0.5550,52,52,1761192000,1790136000
sim-b005-080,batch-005,contrarian,contrarian-b005-080,nobel_forward,825,4450.1880,1808.5530,2641.6350,-4142.1380,-1407.6740,1177.6100,482,0,10,205,215,0.0465,5549.8120,-0.5550,52,52,1761192000,1790136000
sim-b004-070,batch-004,momentum,momentum-b004-070,nobel_forward,828,4342.5030,433.0330,3909.4700,-4820.9420,-836.5550,1176.8500,481,0,5,209,214,0.0234,5657.4970,-0.5657,53,53,1761192000,1790136000
sim-b004-075,batch-004,momentum,momentum-b004-075,nobel_forward,828,4342.5030,433.0330,3909.4700,-4820.9420,-836.5550,1176.8500,481,0,5,209,214,0.0234,5657.4970,-0.5657,53,53,1761192000,1790136000
sim-b004-080,batch-004,momentum,momentum-b004-080,nobel_forward,828,4342.5030,433.0330,3909.4700,-4820.9420,-836.5550,1176.8500,481,0,5,209,214,0.0234,5657.4970,-0.5657,53,53,1761192000,1790136000
sim-b006-006,batch-006,mean_reversion,mean-reversion-b006-006,nobel_forward,831,4087.8100,4087.8100,0.0000,-5912.1900,0.0000,1199.6200,340,0,1,169,170,0.0059,5912.1900,-0.5912,61,0,1760760000,1790222400
sim-b006-007,batch-006,mean_reversion,mean-reversion-b006-007,nobel_forward,831,4087.8100,4087.8100,0.0000,-5912.1900,0.0000,1199.6200,340,0,1,169,170,0.0059,5912.1900,-0.5912,61,0,1760760000,1790222400
sim-b006-008,batch-006,mean_reversion,mean-reversion-b006-008,nobel_forward,833,4049.4700,4049.4700,0.0000,-5950.5300,0.0000,1209.4000,342,0,1,170,171,0.0058,5950.5300,-0.5951,61,0,1760760000,1790222400
sim-b006-001,batch-006,mean_reversion,mean-reversion-b006-001,nobel_forward,834,3901.8600,3312.0600,589.8000,-5652.3900,-445.7500,1658.8800,526,0,8,247,255,0.0314,6098.1400,-0.6098,49,16,1760760000,1790222400
sim-b004-041,batch-004,momentum,momentum-b004-041,nobel_forward,835,3878.2900,0.0090,3878.2810,-5034.5990,-1087.1110,1413.4800,622,0,7,275,282,0.0248,6121.7100,-0.6122,58,58,1760500800,1790136000
sim-b006-082,batch-006,mean_reversion,mean-reversion-b006-082,nobel_forward,836,3647.8400,2838.6800,809.1600,-5557.4900,-794.6700,1467.9100,424,0,2,199,201,0.0100,6352.1600,-0.6352,55,22,1761105600,1790222400
sim-b005-069,batch-005,contrarian,contrarian-b005-069,nobel_forward,837,3636.5880,914.9530,2721.6350,-4707.2480,-1656.1640,1306.2500,538,0,10,231,241,0.0415,6363.4120,-0.6363,56,56,1760846400,1790136000
sim-b005-074,batch-005,contrarian,contrarian-b005-074,nobel_forward,837,3636.5880,914.9530,2721.6350,-4707.2480,-1656.1640,1306.2500,538,0,10,231,241,0.0415,6363.4120,-0.6363,56,56,1760846400,1790136000
sim-b005-079,batch-005,contrarian,contrarian-b005-079,nobel_forward,837,3636.5880,914.9530,2721.6350,-4707.2480,-1656.1640,1306.2500,538,0,10,231,241,0.0415,6363.4120,-0.6363,56,56,1760846400,1790136000
sim-b004-067,batch-004,momentum,momentum-b004-067,nobel_forward,840,3591.3410,0.3750,3590.9660,-5667.8950,-740.7640,1279.8400,560,0,6,246,252,0.0238,6408.6590,-0.6409,56,56,1760760000,1790136000
sim-b004-072,batch-004,momentum,momentum-b004-072,nobel_forward,840,3591.3410,0.3750,3590.9660,-5667.8950,-740.7640,1279.8400,560,0,6,246,252,0.0238,6408.6590,-0.6409,56,56,1760760000,1790136000
sim-b004-077,batch-004,momentum,momentum-b004-077,nobel_forward,840,3591.3410,0.3750,3590.9660,-5667.8950,-740.7640,1279.8400,560,0,6,246,252,0.0238,6408.6590,-0.6409,56,56,1760760000,1790136000
sim-b004-069,batch-004,momentum,momentum-b004-069,nobel_forward,843,3591.3030,0.5130,3590.7900,-5604.0340,-804.6630,1277.7600,533,0,5,235,240,0.0208,6408.6970,-0.6409,53,53,1760846400,1790136000
sim-b004-074,batch-004,momentum,momentum-b004-074,nobel_forward,843,3591.3030,0.5130,3590.7900,-5604.0340,-804.6630,1277.7600,533,0,5,235,240,0.0208,6408.6970,-0.6409,53,53,1760846400,1790136000
sim-b004-079,batch-004,momentum,momentum-b004-079,nobel_forward,843,3591.3030,0.5130,3590.7900,-5604.0340,-804.6630,1277.7600,533,0,5,235,240,0.0208,6408.6970,-0.6409,53,53,1760846400,1790136000
sim-b008-037,batch-008,volume_momentum_window,volume-momentum-window-b008-037,nobel_forward,846,3539.8040,0.5090,3539.2950,-5464.2580,-995.9380,1657.2700,901,0,16,406,422,0.0379,6460.1960,-0.6460,57,57,1761710400,1790222400
sim-b004-068,batch-004,momentum,momentum-b004-068,nobel_forward,847,3511.9510,0.1410,3511.8100,-5691.9560,-796.0930,1292.2400,551,0,6,243,249,0.0241,6488.0490,-0.6488,53,53,1760760000,1790136000
sim-b004-073,batch-004,momentum,momentum-b004-073,nobel_forward,847,3511.9510,0.1410,3511.8100,-5691.9560,-796.0930,1292.2400,551,0,6,243,249,0.0241,6488.0490,-0.6488,53,53,1760760000,1790136000
sim-b004-078,batch-004,momentum,momentum-b004-078,nobel_forward,847,3511.9510,0.1410,3511.8100,-5691.9560,-796.0930,1292.2400,551,0,6,243,249,0.0241,6488.0490,-0.6488,53,53,1760760000,1790136000
sim-b008-001,batch-008,volume_momentum_window,volume-momentum-window-b008-001,nobel_forward,850,3442.7740,8.2790,3434.4950,-5596.2900,-960.9360,1654.8200,882,0,19,393,412,0.0461,6564.7560,-0.6557,58,58,1760760000,1790222400
sim-b004-066,batch-004,momentum,momentum-b004-066,nobel_forward,851,3412.3890,0.7590,3411.6300,-5859.9850,-727.6260,1298.5200,588,0,6,259,265,0.0226,6587.6110,-0.6588,58,58,1760500800,1790136000
sim-b004-071,batch-004,momentum,momentum-b004-071,nobel_forward,851,3412.3890,0.7590,3411.6300,-5859.9850,-727.6260,1298.5200,588,0,6,259,265,0.0226,6587.6110,-0.6588,58,58,1760500800,1790136000
sim-b004-076,batch-004,momentum,momentum-b004-076,nobel_forward,851,3412.3890,0.7590,3411.6300,-5859.9850,-727.6260,1298.5200,588,0,6,259,265,0.0226,6587.6110,-0.6588,58,58,1760500800,1790136000
sim-b006-083,batch-006,mean_reversion,mean-reversion-b006-083,nobel_forward,854,3365.4100,2556.2500,809.1600,-5839.9200,-794.6700,1510.3400,438,0,2,206,208,0.0096,6634.5900,-0.6635,55,22,1761105600,1790222400
sim-b006-084,batch-006,mean_reversion,mean-reversion-b006-084,nobel_forward,854,3365.4100,2556.2500,809.1600,-5839.9200,-794.6700,1510.3400,438,0,2,206,208,0.0096,6634.5900,-0.6635,55,22,1761105600,1790222400
sim-b008-038,batch-008,volume_momentum_window,volume-momentum-window-b008-038,nobel_forward,856,3353.6360,0.5510,3353.0850,-5604.7020,-1041.6620,1676.3500,914,0,16,412,428,0.0374,6646.3640,-0.6646,58,58,1761710400,1790222400
sim-b008-039,batch-008,volume_momentum_window,volume-momentum-window-b008-039,nobel_forward,856,3353.6360,0.5510,3353.0850,-5604.7020,-1041.6620,1676.3500,914,0,16,412,428,0.0374,6646.3640,-0.6646,58,58,1761710400,1790222400
sim-b008-040,batch-008,volume_momentum_window,volume-momentum-window-b008-040,nobel_forward,856,3353.6360,0.5510,3353.0850,-5604.7020,-1041.6620,1676.3500,914,0,16,412,428,0.0374,6646.3640,-0.6646,58,58,1761710400,1790222400
sim-b008-013,batch-008,volume_momentum_window,volume-momentum-window-b008-013,nobel_forward,859,3338.8800,56.2950,3282.5850,-5725.9740,-935.1460,1707.5400,910,0,17,409,426,0.0399,6661.1200,-0.6661,58,58,1761537600,1790222400
sim-b005-068,batch-005,contrarian,contrarian-b005-068,nobel_forward,860,3186.3480,373.9330,2812.4150,-5148.1680,-1665.4840,1360.3300,557,0,10,240,250,0.0400,6813.6520,-0.6814,57,57,1760760000,1790136000
sim-b005-073,batch-005,contrarian,contrarian-b005-073,nobel_forward,860,3186.3480,373.9330,2812.4150,-5148.1680,-1665.4840,1360.3300,557,0,10,240,250,0.0400,6813.6520,-0.6814,57,57,1760760000,1790136000
sim-b005-078,batch-005,contrarian,contrarian-b005-078,nobel_forward,860,3186.3480,373.9330,2812.4150,-5148.1680,-1665.4840,1360.3300,557,0,10,240,250,0.0400,6813.6520,-0.6814,57,57,1760760000,1790136000
sim-b008-025,batch-008,volume_momentum_window,volume-momentum-window-b008-025,nobel_forward,863,3158.5580,0.1730,3158.3850,-5910.1260,-931.3160,1757.5000,948,0,18,428,446,0.0404,6841.4420,-0.6841,56,56,1761537600,1790222400
sim-b006-062,batch-006,mean_reversion,mean-reversion-b006-062,nobel_forward,864,3013.7100,2138.3500,875.3600,-6150.9200,-835.3700,1567.1800,457,0,3,214,217,0.0138,6986.2900,-0.6986,57,23,1760932800,1790222400
sim-b005-067,batch-005,contrarian,contrarian-b005-067,nobel_forward,865,3013.6580,171.2430,2842.4150,-5195.0080,-1791.3340,1381.2400,566,0,10,243,253,0.0395,6986.3420,-0.6986,60,60,1760760000,1790136000
sim-b005-072,batch-005,contrarian,contrarian-b005-072,nobel_forward,865,3013.6580,171.2430,2842.4150,-5195.0080,-1791.3340,1381.2400,566,0,10,243,253,0.0395,6986.3420,-0.6986,60,60,1760760000,1790136000
sim-b005-077,batch-005,contrarian,contrarian-b005-077,nobel_forward,865,3013.6580,171.2430,2842.4150,-5195.0080,-1791.3340,1381.2400,566,0,10,243,253,0.0395,6986.3420,-0.6986,60,60,1760760000,1790136000
sim-b008-026,batch-008,volume_momentum_window,volume-momentum-window-b008-026,nobel_forward,868,2991.8700,0.1380,2991.7320,-6030.2960,-977.8340,1774.6600,961,0,18,434,452,0.0398,7008.1300,-0.7008,57,57,1761451200,1790222400
sim-b008-027,batch-008,volume_momentum_window,volume-momentum-window-b008-027,nobel_forward,868,2991.8700,0.1380,2991.7320,-6030.2960,-977.8340,1774.6600,961,0,18,434,452,0.0398,7008.1300,-0.7008,57,57,1761451200,1790222400
sim-b008-028,batch-008,volume_momentum_window,volume-momentum-window-b008-028,nobel_forward,868,2991.8700,0.1380,2991.7320,-6030.2960,-977.8340,1774.6600,961,0,18,434,452,0.0398,7008.1300,-0.7008,57,57,1761451200,1790222400
sim-b005-066,batch-005,contrarian,contrarian-b005-066,nobel_forward,871,2790.4180,0.1030,2790.3150,-5378.3980,-1831.1840,1443.5600,594,0,14,252,266,0.0526,7217.3320,-0.7210,62,62,1760500800,1790136000
sim-b005-071,batch-005,contrarian,contrarian-b005-071,nobel_forward,871,2790.4180,0.1030,2790.3150,-5378.3980,-1831.1840,1443.5600,594,0,14,252,266,0.0526,7217.3320,-0.7210,62,62,1760500800,1790136000
sim-b005-076,batch-005,contrarian,contrarian-b005-076,nobel_forward,871,2790.4180,0.1030,2790.3150,-5378.3980,-1831.1840,1443.5600,594,0,14,252,266,0.0526,7217.3320,-0.7210,62,62,1760500800,1790136000
sim-b008-002,batch-008,volume_momentum_window,volume-momentum-window-b008-002,nobel_forward,874,2773.3080,0.1430,2773.1650,-6280.4960,-946.1960,1719.2700,939,0,19,421,440,0.0432,7226.6920,-0.7227,59,59,1760760000,1790222400
sim-b008-003,batch-008,volume_momentum_window,volume-momentum-window-b008-003,nobel_forward,874,2773.3080,0.1430,2773.1650,-6280.4960,-946.1960,1719.2700,939,0,19,421,440,0.0432,7226.6920,-0.7227,59,59,1760760000,1790222400
sim-b008-004,batch-008,volume_momentum_window,volume-momentum-window-b008-004,nobel_forward,874,2773.3080,0.1430,2773.1650,-6280.4960,-946.1960,1719.2700,939,0,19,421,440,0.0432,7226.6920,-0.7227,59,59,1760760000,1790222400
sim-b008-014,batch-008,volume_momentum_window,volume-momentum-window-b008-014,nobel_forward,877,2763.2760,0.5200,2762.7560,-6307.5580,-929.1660,1767.6100,948,0,17,428,445,0.0382,7236.7240,-0.7237,59,58,1760846400,1790222400
sim-b008-015,batch-008,volume_momentum_window,volume-momentum-window-b008-015,nobel_forward,877,2763.2760,0.5200,2762.7560,-6307.5580,-929.1660,1767.6100,948,0,17,428,445,0.0382,7236.7240,-0.7237,59,58,1760846400,1790222400
sim-b008-016,batch-008,volume_momentum_window,volume-momentum-window-b008-016,nobel_forward,877,2763.2760,0.5200,2762.7560,-6307.5580,-929.1660,1767.6100,948,0,17,428,445,0.0382,7236.7240,-0.7237,59,58,1760846400,1790222400
sim-b006-063,batch-006,mean_reversion,mean-reversion-b006-063,nobel_forward,880,2731.2800,1855.9200,875.3600,-6433.3500,-835.3700,1609.6100,471,0,3,221,224,0.0134,7268.7200,-0.7269,57,23,1760932800,1790222400
sim-b006-064,batch-006,mean_reversion,mean-reversion-b006-064,nobel_forward,881,2692.9400,1817.5800,875.3600,-6471.6900,-835.3700,1619.3900,473,0,3,222,225,0.0133,7307.0600,-0.7307,57,23,1760932800,1790222400
sim-b005-025,batch-005,contrarian,contrarian-b005-025,nobel_forward,882,2542.0660,105.2450,2436.8210,-6667.0850,-790.8490,2039.1800,991,0,12,460,472,0.0254,7457.9340,-0.7458,48,47,1761192000,1790222400
sim-b005-021,batch-005,contrarian,contrarian-b005-021,nobel_forward,883,2496.7460,71.7860,2424.9600,-6757.2400,-746.0140,2083.1400,1074,0,20,488,508,0.0394,7511.0040,-0.7503,59,58,1760500800,1790222400
sim-b004-023,batch-004,momentum,momentum-b004-023,nobel_forward,884,2352.0220,0.4740,2351.5480,-7201.3500,-446.6280,1995.4000,1026,0,11,478,489,0.0225,7649.8480,-0.7648,50,48,1760760000,1790222400
sim-b004-022,batch-004,momentum,momentum-b004-022,nobel_forward,885,2318.6810,0.3740,2318.3070,-7256.3360,-424.9830,2000.0400,1028,0,12,478,490,0.0245,7683.1890,-0.7681,49,48,1760760000,1790222400
sim-b004-025,batch-004,momentum,momentum-b004-025,nobel_forward,886,2305.7760,0.4080,2305.3680,-7217.4840,-476.7400,2031.2600,992,0,10,463,473,0.0211,7694.2240,-0.7694,47,46,1761192000,1790222400
sim-b004-024,batch-004,momentum,momentum-b004-024,nobel_forward,887,2288.5060,0.3980,2288.1080,-7245.8680,-465.6260,2013.1100,1018,0,10,476,486,0.0206,7711.4940,-0.7711,47,46,1760932800,1790222400
sim-b005-024,batch-005,contrarian,contrarian-b005-024,nobel_forward,888,2227.3210,102.2610,2125.0600,-6908.0970,-864.5820,2095.4100,1019,0,12,473,485,0.0247,7772.6790,-0.7773,50,49,1760932800,1790222400
sim-b005-023,batch-005,contrarian,contrarian-b005-023,nobel_forward,889,2201.7730,71.7930,2129.9800,-6908.6010,-889.6260,2096.4700,1024,0,13,474,487,0.0267,7798.2270,-0.7798,51,50,1760760000,1790222400
sim-b005-022,batch-005,contrarian,contrarian-b005-022,nobel_forward,890,2156.3470,79.8890,2076.4580,-6958.8490,-884.8040,2105.8700,1033,0,13,479,492,0.0264,7843.6530,-0.7844,50,49,1760760000,1790222400
sim-b004-021,batch-004,momentum,momentum-b004-021,nobel_forward,891,1922.9430,0.4960,1922.4470,-7268.5990,-808.4580,1993.6000,1064,0,13,490,503,0.0258,8077.0570,-0.8077,59,58,1760500800,1790222400
sim-b006-042,batch-006,mean_reversion,mean-reversion-b006-042,nobel_forward,892,1782.7300,938.3900,844.3400,-7344.8700,-872.4000,1781.1700,543,0,3,257,260,0.0115,8217.2700,-0.8217,62,23,1760846400,1790222400
sim-b005-050,batch-005,contrarian,contrarian-b005-050,nobel_forward,893,1675.2700,0.7070,1674.5630,-7197.7910,-1126.9390,1860.5600,897,0,13,407,420,0.0310,8324.7300,-0.8325,57,57,1761192000,1790222400
sim-b005-055,batch-005,contrarian,contrarian-b005-055,nobel_forward,894,1625.5470,0.2850,1625.2620,-7270.0410,-1104.4120,1863.1700,897,0,13,408,421,0.0309,8374.4530,-0.8374,56,55,1761192000,1790222400
sim-b005-060,batch-005,contrarian,contrarian-b005-060,nobel_forward,894,1625.5470,0.2850,1625.2620,-7270.0410,-1104.4120,1863.1700,897,0,13,408,421,0.0309,8374.4530,-0.8374,56,55,1761192000,1790222400
sim-b004-055,batch-004,momentum,momentum-b004-055,nobel_forward,896,1552.3760,0.0360,1552.3400,-7985.8940,-461.7300,1824.9400,892,0,5,417,422,0.0118,8447.6240,-0.8448,54,48,1761192000,1790222400
sim-b004-060,batch-004,momentum,momentum-b004-060,nobel_forward,896,1552.3760,0.0360,1552.3400,-7985.8940,-461.7300,1824.9400,892,0,5,417,422,0.0118,8447.6240,-0.8448,54,48,1761192000,1790222400
sim-b004-050,batch-004,momentum,momentum-b004-050,nobel_forward,898,1533.7260,0.0860,1533.6400,-8002.4840,-463.7900,1827.5500,896,0,5,419,424,0.0118,8466.2740,-0.8466,53,48,1761192000,1790222400
sim-b006-043,batch-006,mean_reversion,mean-reversion-b006-043,nobel_forward,899,1500.3000,655.9600,844.3400,-7627.3000,-872.4000,1823.6000,557,0,3,264,267,0.0112,8499.7000,-0.8500,62,23,1760846400,1790222400
sim-b006-044,batch-006,mean_reversion,mean-reversion-b006-044,nobel_forward,900,1461.9600,617.6200,844.3400,-7665.6400,-872.4000,1833.3800,559,0,3,265,268,0.0112,8538.0400,-0.8538,62,23,1760846400,1790222400
sim-b005-001,batch-005,contrarian,contrarian-b005-001,nobel_forward,901,1434.6220,0.0900,1434.5320,-8261.7580,-303.6200,2655.2100,1851,0,23,879,903,0.0255,8565.3780,-0.8565,58,45,1760500800,1790222400
sim-b005-054,batch-005,contrarian,contrarian-b005-054,nobel_forward,902,1421.6860,0.1400,1421.5460,-7637.7520,-940.5620,1862.2700,966,0,14,443,457,0.0306,8578.3140,-0.8578,55,52,1760846400,1790222400
sim-b005-059,batch-005,contrarian,contrarian-b005-059,nobel_forward,902,1421.6860,0.1400,1421.5460,-7637.7520,-940.5620,1862.2700,966,0,14,443,457,0.0306,8578.3140,-0.8578,55,52,1760846400,1790222400
sim-b004-049,batch-004,momentum,momentum-b004-049,nobel_forward,904,1399.1780,0.0680,1399.1100,-8195.2540,-405.5680,1754.1700,956,0,5,450,455,0.0110,8600.8220,-0.8601,55,46,1760846400,1790222400
sim-b004-054,batch-004,momentum,momentum-b004-054,nobel_forward,904,1399.1780,0.0680,1399.1100,-8195.2540,-405.5680,1754.1700,956,0,5,450,455,0.0110,8600.8220,-0.8601,55,46,1760846400,1790222400
sim-b004-059,batch-004,momentum,momentum-b004-059,nobel_forward,904,1399.1780,0.0680,1399.1100,-8195.2540,-405.5680,1754.1700,956,0,5,450,455,0.0110,8600.8220,-0.8601,55,46,1760846400,1790222400
sim-b005-049,batch-005,contrarian,contrarian-b005-049,nobel_forward,907,1389.2000,0.6440,1388.5560,-7639.1620,-971.6380,1863.3700,963,0,14,443,457,0.0306,8610.8000,-0.8611,53,49,1760846400,1790222400
sim-b004-047,batch-004,momentum,momentum-b004-047,nobel_forward,908,1334.3150,0.2450,1334.0700,-8287.7830,-377.9020,1767.9300,979,0,6,461,467,0.0128,8665.6850,-0.8666,56,45,1760760000,1790222400
sim-b004-052,batch-004,momentum,momentum-b004-052,nobel_forward,908,1334.3150,0.2450,1334.0700,-8287.7830,-377.9020,1767.9300,979,0,6,461,467,0.0128,8665.6850,-0.8666,56,45,1760760000,1790222400
sim-b004-057,batch-004,momentum,momentum-b004-057,nobel_forward,908,1334.3150,0.2450,1334.0700,-8287.7830,-377.9020,1767.9300,979,0,6,461,467,0.0128,8665.6850,-0.8666,56,45,1760760000,1790222400
sim-b005-053,batch-005,contrarian,contrarian-b005-053,nobel_forward,911,1327.4580,0.3800,1327.0780,-7870.5740,-801.9680,1844.9700,971,0,14,447,461,0.0304,8672.5420,-0.8673,53,49,1760760000,1790222400
sim-b005-058,batch-005,contrarian,contrarian-b005-058,nobel_forward,911,1327.4580,0.3800,1327.0780,-7870.5740,-801.9680,1844.9700,971,0,14,447,461,0.0304,8672.5420,-0.8673,53,49,1760760000,1790222400
sim-b005-048,batch-005,contrarian,contrarian-b005-048,nobel_forward,913,1326.4870,0.3460,1326.1410,-7871.4340,-802.0790,1844.8300,963,0,14,443,457,0.0306,8673.5130,-0.8674,52,49,1760760000,1790222400
sim-b004-048,batch-004,momentum,momentum-b004-048,nobel_forward,914,1303.5250,0.2350,1303.2900,-8296.4220,-400.0530,1765.7000,983,0,6,463,469,0.0128,8696.4750,-0.8696,55,45,1760760000,1790222400
sim-b004-053,batch-004,momentum,momentum-b004-053,nobel_forward,914,1303.5250,0.2350,1303.2900,-8296.4220,-400.0530,1765.7000,983,0,6,463,469,0.0128,8696.4750,-0.8696,55,45,1760760000,1790222400
sim-b004-058,batch-004,momentum,momentum-b004-058,nobel_forward,914,1303.5250,0.2350,1303.2900,-8296.4220,-400.0530,1765.7000,983,0,6,463,469,0.0128,8696.4750,-0.8696,55,45,1760760000,1790222400
sim-b005-047,batch-005,contrarian,contrarian-b005-047,nobel_forward,917,1264.5650,0.3380,1264.2270,-7968.6820,-766.7530,1868.0800,987,0,15,453,468,0.0321,8735.4350,-0.8735,54,51,1760760000,1790222400
sim-b005-052,batch-005,contrarian,contrarian-b005-052,nobel_forward,918,1263.8120,0.3630,1263.4490,-7967.7370,-768.4510,1868.3500,990,0,15,454,469,0.0320,8736.1880,-0.8736,56,52,1760760000,1790222400
sim-b005-057,batch-005,contrarian,contrarian-b005-057,nobel_forward,918,1263.8120,0.3630,1263.4490,-7967.7370,-768.4510,1868.3500,990,0,15,454,469,0.0320,8736.1880,-0.8736,56,52,1760760000,1790222400
sim-b004-046,batch-004,momentum,momentum-b004-046,nobel_forward,920,1192.6830,0.0630,1192.6200,-8483.5590,-323.7580,1711.8900,1003,0,6,473,479,0.0125,8807.3170,-0.8807,53,45,1760500800,1790222400
sim-b004-051,batch-004,momentum,momentum-b004-051,nobel_forward,920,1192.6830,0.0630,1192.6200,-8483.5590,-323.7580,1711.8900,1003,0,6,473,479,0.0125,8807.3170,-0.8807,53,45,1760500800,1790222400
sim-b004-056,batch-004,momentum,momentum-b004-056,nobel_forward,920,1192.6830,0.0630,1192.6200,-8483.5590,-323.7580,1711.8900,1003,0,6,473,479,0.0125,8807.3170,-0.8807,53,45,1760500800,1790222400
sim-b005-051,batch-005,contrarian,contrarian-b005-051,nobel_forward,923,1029.1970,0.1030,1029.0940,-8243.2470,-727.5560,1923.9200,1097,0,20,500,521,0.0384,8978.5530,-0.8971,57,55,1760500800,1790222400
sim-b005-056,batch-005,contrarian,contrarian-b005-056,nobel_forward,923,1029.1970,0.1030,1029.0940,-8243.2470,-727.5560,1923.9200,1097,0,20,500,521,0.0384,8978.5530,-0.8971,57,55,1760500800,1790222400
sim-b005-046,batch-005,contrarian,contrarian-b005-046,nobel_forward,925,1029.1610,0.4330,1028.7280,-8242.5270,-728.3120,1923.5000,1094,0,20,498,519,0.0385,8978.5890,-0.8971,56,56,1760500800,1790222400
sim-b004-035,batch-004,momentum,momentum-b004-035,nobel_forward,926,959.8230,0.1620,959.6610,-8821.7660,-218.4110,2169.8200,1235,0,11,587,598,0.0184,9040.1770,-0.9040,53,39,1761192000,1790222400
sim-b004-040,batch-004,momentum,momentum-b004-040,nobel_forward,926,959.8230,0.1620,959.6610,-8821.7660,-218.4110,2169.8200,1235,0,11,587,598,0.0184,9040.1770,-0.9040,53,39,1761192000,1790222400
sim-b004-030,batch-004,momentum,momentum-b004-030,nobel_forward,928,946.8240,0.1320,946.6920,-8822.7600,-230.4160,2167.4200,1230,0,11,584,595,0.0185,9053.1760,-0.9053,51,40,1761192000,1790222400
sim-b005-002,batch-005,contrarian,contrarian-b005-002,nobel_forward,929,909.6480,0.0860,909.5620,-8733.8280,-356.5240,2765.3200,1835,0,19,879,898,0.0212,9090.3520,-0.9090,51,39,1760587200,1790222400
sim-b005-004,batch-005,contrarian,contrarian-b005-004,nobel_forward,930,884.0190,0.0190,884.0000,-8778.0130,-337.9680,2761.2100,1840,0,18,882,900,0.0200,9119.1710,-0.9116,49,40,1760846400,1790222400
sim-b005-003,batch-005,contrarian,contrarian-b005-003,nobel_forward,931,871.8960,0.4160,871.4800,-8800.6050,-327.4990,2769.9400,1856,0,19,888,908,0.0209,9128.1040,-0.9128,50,40,1760673600,1790236800
sim-b004-029,batch-004,momentum,momentum-b004-029,nobel_forward,932,804.8010,0.1430,804.6580,-8896.3910,-298.8080,2067.8400,1320,0,11,628,639,0.0172,9195.1990,-0.9195,57,42,1760846400,1790222400
sim-b004-034,batch-004,momentum,momentum-b004-034,nobel_forward,933,788.8320,0.2110,788.6210,-8925.5810,-285.5870,2062.1000,1324,0,11,630,641,0.0172,9211.1680,-0.9211,58,42,1760846400,1790222400
sim-b004-039,batch-004,momentum,momentum-b004-039,nobel_forward,933,788.8320,0.2110,788.6210,-8925.5810,-285.5870,2062.1000,1324,0,11,630,641,0.0172,9211.1680,-0.9211,58,42,1760846400,1790222400
sim-b005-005,batch-005,contrarian,contrarian-b005-005,nobel_forward,935,779.8550,0.0730,779.7820,-8956.8280,-263.3170,2818.1400,1837,0,17,884,901,0.0189,9220.1450,-0.9220,45,35,1761105600,1790222400
sim-b004-027,batch-004,momentum,momentum-b004-027,nobel_forward,936,775.2400,0.1040,775.1360,-8955.5030,-269.2570,2048.7800,1355,0,11,647,658,0.0167,9224.7600,-0.9225,56,39,1760760000,1790222400
sim-b004-032,batch-004,momentum,momentum-b004-032,nobel_forward,937,774.1970,0.2700,773.9270,-8955.8230,-269.9800,2049.0900,1370,0,11,653,664,0.0166,9225.8030,-0.9226,56,42,1760760000,1790222400
sim-b004-037,batch-004,momentum,momentum-b004-037,nobel_forward,937,774.1970,0.2700,773.9270,-8955.8230,-269.9800,2049.0900,1370,0,11,653,664,0.0166,9225.8030,-0.9226,56,42,1760760000,1790222400
sim-b004-028,batch-004,momentum,momentum-b004-028,nobel_forward,939,774.1880,0.1570,774.0310,-8953.0320,-272.7800,2047.8300,1363,0,11,650,661,0.0166,9225.8120,-0.9226,57,41,1760760000,1790222400
sim-b004-033,batch-004,momentum,momentum-b004-033,nobel_forward,940,772.2040,0.2550,771.9490,-8956.0460,-271.7500,2047.9200,1362,0,11,650,661,0.0166,9227.7960,-0.9228,56,40,1760760000,1790222400
sim-b004-038,batch-004,momentum,momentum-b004-038,nobel_forward,940,772.2040,0.2550,771.9490,-8956.0460,-271.7500,2047.9200,1362,0,11,650,661,0.0166,9227.7960,-0.9228,56,40,1760760000,1790222400
sim-b005-030,batch-005,contrarian,contrarian-b005-030,nobel_forward,942,748.7430,0.1090,748.6340,-8831.8700,-419.3870,2269.3500,1277,0,11,604,615,0.0179,9251.2570,-0.9251,55,47,1761192000,1790222400
sim-b004-001,batch-004,momentum,momentum-b004-001,nobel_forward,943,742.2390,0.0000,742.2390,-8687.8550,-569.9060,2530.7000,1800,0,11,869,882,0.0125,9257.7610,-0.9258,59,36,1760500800,1790236800
sim-b005-035,batch-005,contrarian,contrarian-b005-035,nobel_forward,944,729.0590,0.3480,728.7110,-8876.9000,-394.0410,2272.8100,1279,0,11,606,617,0.0178,9270.9410,-0.9271,55,45,1761192000,1790222400
sim-b005-040,batch-005,contrarian,contrarian-b005-040,nobel_forward,944,729.0590,0.3480,728.7110,-8876.9000,-394.0410,2272.8100,1279,0,11,606,617,0.0178,9270.9410,-0.9271,55,45,1761192000,1790222400
sim-b004-005,batch-004,momentum,momentum-b004-005,nobel_forward,946,629.9040,0.0700,629.8340,-9175.9200,-194.1760,2683.9900,1791,0,11,870,881,0.0125,9370.0960,-0.9370,46,29,1761105600,1790236800
sim-b004-026,batch-004,momentum,momentum-b004-026,nobel_forward,947,628.7830,0.2250,628.5580,-9240.1190,-131.0980,2063.4900,1414,0,11,676,687,0.0160,9371.2170,-0.9371,59,40,1760500800,1790222400
sim-b004-031,batch-004,momentum,momentum-b004-031,nobel_forward,948,628.3890,0.2340,628.1550,-9250.4870,-121.1240,2063.9500,1397,0,11,668,679,0.0162,9371.6110,-0.9372,57,39,1760500800,1790222400
sim-b004-036,batch-004,momentum,momentum-b004-036,nobel_forward,948,628.3890,0.2340,628.1550,-9250.4870,-121.1240,2063.9500,1397,0,11,668,679,0.0162,9371.6110,-0.9372,57,39,1760500800,1790222400
sim-b004-002,batch-004,momentum,momentum-b004-002,nobel_forward,950,583.5630,0.0150,583.5480,-9261.8570,-154.5800,2669.4600,1839,0,11,895,906,0.0121,9416.4370,-0.9416,45,27,1760587200,1790236800
sim-b006-022,batch-006,mean_reversion,mean-reversion-b006-022,nobel_forward,951,573.6920,450.9720,122.7200,-9253.9240,-172.3840,1994.6600,629,0,2,310,312,0.0064,9426.3080,-0.9426,63,5,1760760000,1790222400
sim-b005-034,batch-005,contrarian,contrarian-b005-034,nobel_forward,952,561.3230,0.1070,561.2160,-9131.0010,-307.6760,2180.9800,1331,0,10,631,642,0.0156,9438.6770,-0.9439,57,47,1760846400,1790222400
sim-b005-039,batch-005,contrarian,contrarian-b005-039,nobel_forward,952,561.3230,0.1070,561.2160,-9131.0010,-307.6760,2180.9800,1331,0,10,631,642,0.0156,9438.6770,-0.9439,57,47,1760846400,1790222400
sim-b005-029,batch-005,contrarian,contrarian-b005-029,nobel_forward,954,561.2600,0.6620,560.5980,-9131.4010,-307.3390,2180.9300,1325,0,10,629,640,0.0156,9438.7400,-0.9439,54,45,1760846400,1790222400
sim-b004-004,batch-004,momentum,momentum-b004-004,nobel_forward,955,507.9730,0.0190,507.9540,-9290.3810,-201.6460,2697.6700,1785,0,11,867,878,0.0125,9492.0270,-0.9492,47,29,1760846400,1790236800
sim-b005-028,batch-005,contrarian,contrarian-b005-028,nobel_forward,956,463.8690,0.0040,463.8650,-9220.4660,-315.6650,2121.3700,1352,0,10,642,653,0.0153,9536.1310,-0.9536,57,46,1760760000,1790222400
sim-b005-033,batch-005,contrarian,contrarian-b005-033,nobel_forward,957,462.6230,0.3800,462.2430,-9221.2680,-316.1090,2121.2300,1358,0,10,645,656,0.0152,9537.3770,-0.9537,58,46,1760760000,1790222400
sim-b005-038,batch-005,contrarian,contrarian-b005-038,nobel_forward,957,462.6230,0.3800,462.2430,-9221.2680,-316.1090,2121.2300,1358,0,10,645,656,0.0152,9537.3770,-0.9537,58,46,1760760000,1790222400
sim-b005-027,batch-005,contrarian,contrarian-b005-027,nobel_forward,959,453.6950,0.0110,453.6840,-9219.9780,-326.3270,2124.0300,1350,0,10,642,653,0.0153,9546.3050,-0.9546,56,44,1760760000,1790222400
sim-b004-003,batch-004,momentum,momentum-b004-003,nobel_forward,960,451.9250,0.0760,451.8490,-9355.1530,-192.9220,2708.8100,1822,0,10,886,896,0.0112,9548.0750,-0.9548,46,30,1760673600,1790236800
sim-b005-032,batch-005,contrarian,contrarian-b005-032,nobel_forward,961,449.3470,0.0170,449.3300,-9232.1370,-318.5160,2125.4000,1363,0,10,648,659,0.0152,9550.6530,-0.9551,58,45,1760760000,1790222400
sim-b005-037,batch-005,contrarian,contrarian-b005-037,nobel_forward,961,449.3470,0.0170,449.3300,-9232.1370,-318.5160,2125.4000,1363,0,10,648,659,0.0152,9550.6530,-0.9551,58,45,1760760000,1790222400
sim-b006-023,batch-006,mean_reversion,mean-reversion-b006-023,nobel_forward,963,427.4120,304.6920,122.7200,-9400.2040,-172.3840,2012.5300,637,0,2,314,316,0.0063,9572.5880,-0.9573,63,5,1760760000,1790222400
sim-b006-024,batch-006,mean_reversion,mean-reversion-b006-024,nobel_forward,964,413.3620,290.6420,122.7200,-9414.2540,-172.3840,2019.0900,639,0,2,315,317,0.0063,9586.6380,-0.9587,63,5,1760760000,1790222400
sim-b005-026,batch-005,contrarian,contrarian-b005-026,nobel_forward,965,411.8530,0.0320,411.8210,-9282.2430,-305.9040,2146.6400,1374,0,14,651,666,0.0210,9595.8970,-0.9588,54,42,1760500800,1790222400
sim-b005-031,batch-005,contrarian,contrarian-b005-031,nobel_forward,966,411.6320,0.0470,411.5850,-9282.4630,-305.9050,2146.6200,1378,0,14,652,667,0.0210,9596.1180,-0.9588,55,44,1760500800,1790222400
sim-b005-036,batch-005,contrarian,contrarian-b005-036,nobel_forward,966,411.6320,0.0470,411.5850,-9282.4630,-305.9050,2146.6200,1378,0,14,652,667,0.0210,9596.1180,-0.9588,55,44,1760500800,1790222400
sim-b005-019,batch-005,contrarian,contrarian-b005-019,nobel_forward,968,239.1930,0.0540,239.1390,-9678.5930,-82.2140,2596.9100,1911,0,12,928,941,0.0128,9763.9970,-0.9761,51,29,1760846400,1790222400
sim-b005-009,batch-005,contrarian,contrarian-b005-009,nobel_forward,969,239.0900,0.0280,239.0620,-9678.3300,-82.5800,2597.4700,1902,0,13,923,937,0.0139,9764.1000,-0.9761,55,28,1760846400,1790222400
sim-b005-014,batch-005,contrarian,contrarian-b005-014,nobel_forward,969,239.0900,0.0280,239.0620,-9678.3300,-82.5800,2597.4700,1902,0,13,923,937,0.0139,9764.1000,-0.9761,55,28,1760846400,1790222400
sim-b005-007,batch-005,contrarian,contrarian-b005-007,nobel_forward,971,186.6230,0.0000,186.6230,-9745.4460,-67.9310,2557.6000,2003,0,11,974,986,0.0112,9813.3770,-0.9813,57,31,1760587200,1790157600
sim-b005-012,batch-005,contrarian,contrarian-b005-012,nobel_forward,972,186.5120,0.0030,186.5090,-9745.5740,-67.9140,2557.7100,2009,0,12,977,990,0.0121,9813.4880,-0.9813,58,29,1760587200,1790154000
sim-b005-017,batch-005,contrarian,contrarian-b005-017,nobel_forward,973,185.8190,0.0020,185.8170,-9747.3660,-66.8150,2557.1300,2025,0,11,985,997,0.0110,9814.1810,-0.9814,58,31,1760587200,1790150400
sim-b005-013,batch-005,contrarian,contrarian-b005-013,nobel_forward,974,185.6970,0.2010,185.4960,-9747.1520,-67.1510,2545.0100,2019,0,12,981,995,0.0121,9814.3030,-0.9814,58,29,1760673600,1790222400
sim-b005-008,batch-005,contrarian,contrarian-b005-008,nobel_forward,975,185.3300,0.0000,185.3300,-9747.0760,-67.5940,2545.5300,2017,0,12,980,994,0.0121,9814.6700,-0.9815,58,29,1760673600,1790157600
sim-b005-018,batch-005,contrarian,contrarian-b005-018,nobel_forward,976,184.4530,0.0170,184.4360,-9747.8220,-67.7250,2544.0200,2019,0,11,983,995,0.0111,9815.5470,-0.9816,58,29,1760673600,1790125200
sim-b005-016,batch-005,contrarian,contrarian-b005-016,nobel_forward,977,181.5660,0.0210,181.5450,-9760.4070,-58.0270,2517.8700,2015,0,13,978,993,0.0131,9818.4340,-0.9818,61,29,1760500800,1790150400
sim-b005-006,batch-005,contrarian,contrarian-b005-006,nobel_forward,978,180.5210,0.0650,180.4560,-9761.0230,-58.4560,2518.8700,2030,0,13,987,1001,0.0130,9819.4790,-0.9819,59,28,1760500800,1790222400
sim-b005-011,batch-005,contrarian,contrarian-b005-011,nobel_forward,979,180.3260,0.0150,180.3110,-9760.8240,-58.8500,2518.7400,2021,0,13,983,997,0.0130,9819.6740,-0.9820,59,27,1760500800,1790150400
sim-b005-010,batch-005,contrarian,contrarian-b005-010,nobel_forward,980,180.2720,0.4200,179.8520,-9768.2080,-51.5200,2747.6300,1962,0,15,949,965,0.0155,9819.7280,-0.9820,48,32,1761105600,1790222400
sim-b005-015,batch-005,contrarian,contrarian-b005-015,nobel_forward,981,177.4530,0.3390,177.1140,-9770.3090,-52.2380,2747.2300,1962,0,15,950,966,0.0155,9822.5470,-0.9823,50,30,1761105600,1790222400
sim-b005-020,batch-005,contrarian,contrarian-b005-020,nobel_forward,982,172.7820,0.2310,172.5510,-9777.0630,-50.1550,2748.7600,1989,0,15,963,980,0.0153,9827.2180,-0.9827,47,29,1761105600,1790222400
sim-b004-008,batch-004,momentum,momentum-b004-008,nobel_forward,983,124.1360,0.0760,124.0600,-9739.5320,-136.3320,2473.5600,1896,0,6,930,937,0.0064,9875.8640,-0.9876,58,22,1760673600,1790222400
sim-b004-013,batch-004,momentum,momentum-b004-013,nobel_forward,984,122.9460,0.0560,122.8900,-9740.9960,-136.0580,2473.9000,1900,0,6,933,940,0.0064,9877.0540,-0.9877,58,20,1760673600,1790222400
sim-b004-012,batch-004,momentum,momentum-b004-012,nobel_forward,985,122.6780,0.0680,122.6100,-9761.5240,-115.7980,2489.2200,1876,0,5,921,927,0.0054,9877.3220,-0.9877,57,22,1760587200,1790157600
sim-b004-007,batch-004,momentum,momentum-b004-007,nobel_forward,986,122.4790,0.0120,122.4670,-9761.6460,-115.8750,2489.5000,1896,0,5,930,936,0.0053,9877.5210,-0.9878,56,24,1760587200,1790236800
sim-b004-017,batch-004,momentum,momentum-b004-017,nobel_forward,987,121.8780,0.0210,121.8570,-9762.5550,-115.5670,2480.9100,1906,0,5,935,941,0.0053,9878.1220,-0.9878,58,24,1760587200,1790236800
sim-b004-018,batch-004,momentum,momentum-b004-018,nobel_forward,988,108.0910,0.0710,108.0200,-9755.6810,-136.2280,2477.3900,1924,0,6,944,951,0.0063,9891.9090,-0.9892,59,22,1760673600,1790164800
sim-b004-019,batch-004,momentum,momentum-b004-019,nobel_forward,989,87.3100,0.0230,87.2870,-9836.3430,-76.3470,2498.8500,1948,0,7,953,962,0.0073,9912.6900,-0.9913,55,24,1760846400,1790236800
sim-b004-014,batch-004,momentum,momentum-b004-014,nobel_forward,990,86.5050,0.0350,86.4700,-9837.0170,-76.4780,2510.3400,1937,0,6,950,957,0.0063,9913.4950,-0.9913,54,23,1760846400,1790222400
sim-b004-009,batch-004,momentum,momentum-b004-009,nobel_forward,991,86.1170,0.0100,86.1070,-9837.4640,-76.4190,2510.5300,1953,0,6,958,965,0.0062,9913.8830,-0.9914,54,23,1760846400,1790236800
sim-b004-010,batch-004,momentum,momentum-b004-010,nobel_forward,992,58.7500,0.0430,58.7070,-9885.4270,-55.8230,2608.3500,1898,0,9,931,941,0.0096,9941.2500,-0.9941,48,16,1761105600,1790236800
sim-b004-015,batch-004,momentum,momentum-b004-015,nobel_forward,993,58.0540,0.0700,57.9840,-9886.0020,-55.9440,2608.5600,1902,0,9,933,943,0.0095,9941.9460,-0.9942,47,16,1761105600,1790236800
sim-b004-020,batch-004,momentum,momentum-b004-020,nobel_forward,994,56.9770,0.0770,56.9000,-9886.8270,-56.1960,2585.6000,1852,0,9,910,920,0.0098,9943.0230,-0.9943,44,12,1761105600,1790222400
sim-b004-011,batch-004,momentum,momentum-b004-011,nobel_forward,995,40.3170,0.0300,40.2870,-9898.3520,-61.3310,2496.0100,1941,0,7,952,961,0.0073,9959.6830,-0.9960,52,19,1760500800,1790236800
sim-b004-016,batch-004,momentum,momentum-b004-016,nobel_forward,996,39.9950,0.0450,39.9500,-9898.7970,-61.2080,2476.7700,1940,0,7,951,960,0.0073,9960.0050,-0.9960,50,20,1760500800,1790222400
sim-b004-006,batch-004,momentum,momentum-b004-006,nobel_forward,997,39.5450,0.0280,39.5170,-9898.8040,-61.6510,2496.0500,1948,0,7,955,964,0.0073,9960.4550,-0.9960,53,20,1760500800,1790236800
sim-b006-002,batch-006,mean_reversion,mean-reversion-b006-002,nobel_forward,998,8.4820,0.0020,8.4800,-9983.9700,-7.5480,2227.4800,714,0,4,352,356,0.0112,9991.5180,-0.9992,57,2,1760760000,1790222400
sim-b006-004,batch-006,mean_reversion,mean-reversion-b006-004,nobel_forward,999,3.7790,0.0290,3.7500,-9995.0330,-1.1880,2226.8000,715,0,4,352,356,0.0112,9996.2210,-0.9996,60,3,1760760000,1790222400
sim-b006-003,batch-006,mean_reversion,mean-reversion-b006-003,nobel_forward,1000,0.6800,0.0400,0.6400,-9998.3140,-1.0060,2222.9600,710,0,4,350,354,0.0113,9999.3200,-0.9999,60,2,1760760000,1790222400
sim-b001-044,batch-001,null_model,null-model-b001-044,nobel_settled,1,10514.3900,10514.3900,0.0000,514.3900,0.0000,70.8300,54,54,25,29,54,0.4630,3204.6100,0.0514,54,0,1696392000,1760634000
sim-b009-020,batch-009,breakout_hold,breakout-hold-b009-020,nobel_settled,2,10169.1600,10169.1600,0.0000,169.1600,0.0000,41.2200,10,10,2,8,10,0.2000,330.8400,0.0169,10,0,1739595600,1760115600
sim-b009-021,batch-009,breakout_hold,breakout-hold-b009-021,nobel_settled,2,10169.1600,10169.1600,0.0000,169.1600,0.0000,41.2200,10,10,2,8,10,0.2000,330.8400,0.0169,10,0,1739595600,1760115600
sim-b009-019,batch-009,breakout_hold,breakout-hold-b009-019,nobel_settled,4,10165.9400,10165.9400,0.0000,165.9400,0.0000,44.4300,10,10,2,8,10,0.2000,334.0600,0.0166,10,0,1739595600,1760227200
sim-b001-071,batch-001,null_model,null-model-b001-071,nobel_settled,5,10158.7300,10158.7300,0.0000,158.7300,0.0000,37.1500,31,31,15,16,31,0.4839,1920.2700,0.0159,31,0,1733893200,1760644800
sim-b001-019,batch-001,null_model,null-model-b001-019,nobel_settled,6,10132.8200,10132.8200,0.0000,132.8200,0.0000,66.1000,50,50,23,27,50,0.4600,3091.1800,0.0133,50,0,1695700800,1760644800
sim-b001-063,batch-001,null_model,null-model-b001-063,nobel_settled,7,10126.3700,10126.3700,0.0000,126.3700,0.0000,28.4600,22,22,7,15,22,0.3182,1022.6300,0.0126,22,0,1740286800,1760655600
sim-b001-072,batch-001,null_model,null-model-b001-072,nobel_settled,8,10107.1700,10107.1700,0.0000,107.1700,0.0000,38.7900,31,31,18,13,31,0.5806,2224.8300,0.0107,31,0,1733806800,1760637600
sim-b001-041,batch-001,null_model,null-model-b001-041,nobel_settled,9,10098.2700,10098.2700,0.0000,98.2700,0.0000,70.1000,54,54,21,33,54,0.3889,2944.7300,0.0098,54,0,1733547600,1760623200
sim-b001-085,batch-001,null_model,null-model-b001-085,nobel_settled,10,10074.8600,10074.8600,0.0000,74.8600,0.0000,71.8300,61,61,27,34,61,0.4426,3620.1400,0.0075,61,0,1692158400,1760587200
sim-b001-058,batch-001,null_model,null-model-b001-058,nobel_settled,11,10073.4000,10073.4000,0.0000,73.4000,0.0000,39.2700,32,32,17,15,32,0.5313,2145.6000,0.0073,32,0,1735880400,1760652000
sim-b009-031,batch-009,breakout_hold,breakout-hold-b009-031,nobel_settled,12,10062.4700,10062.4700,0.0000,62.4700,0.0000,22.6400,5,5,1,4,5,0.2000,59.4700,0.0062,5,0,1739595600,1759550400
sim-b007-001,batch-007,favorite_exit,favorite-exit-b007-001,nobel_settled,13,10049.4700,10049.4700,0.0000,49.4700,0.0000,5.1000,3,1,2,0,2,1.0000,7.0700,0.0049,2,0,1760068800,1760119200
sim-b007-002,batch-007,favorite_exit,favorite-exit-b007-002,nobel_settled,13,10049.4700,10049.4700,0.0000,49.4700,0.0000,5.1000,3,1,2,0,2,1.0000,7.0700,0.0049,2,0,1760068800,1760119200
sim-b007-003,batch-007,favorite_exit,favorite-exit-b007-003,nobel_settled,13,10049.4700,10049.4700,0.0000,49.4700,0.0000,5.1000,3,1,2,0,2,1.0000,7.0700,0.0049,2,0,1760068800,1760119200
sim-b007-004,batch-007,favorite_exit,favorite-exit-b007-004,nobel_settled,13,10049.4700,10049.4700,0.0000,49.4700,0.0000,5.1000,3,1,2,0,2,1.0000,7.0700,0.0049,2,0,1760068800,1760119200
sim-b007-005,batch-007,favorite_exit,favorite-exit-b007-005,nobel_settled,13,10049.4700,10049.4700,0.0000,49.4700,0.0000,5.1000,3,1,2,0,2,1.0000,7.0700,0.0049,2,0,1760068800,1760119200
sim-b007-046,batch-007,take_profit_favorite,take-profit-favorite-b007-046,nobel_settled,13,10049.4700,10049.4700,0.0000,49.4700,0.0000,5.1000,3,1,2,0,2,1.0000,7.0700,0.0049,2,0,1760068800,1760119200
sim-b007-047,batch-007,take_profit_favorite,take-profit-favorite-b007-047,nobel_settled,13,10049.4700,10049.4700,0.0000,49.4700,0.0000,5.1000,3,1,2,0,2,1.0000,7.0700,0.0049,2,0,1760068800,1760119200
sim-b007-048,batch-007,take_profit_favorite,take-profit-favorite-b007-048,nobel_settled,13,10049.4700,10049.4700,0.0000,49.4700,0.0000,5.1000,3,1,2,0,2,1.0000,7.0700,0.0049,2,0,1760068800,1760119200
sim-b007-051,batch-007,take_profit_favorite,take-profit-favorite-b007-051,nobel_settled,13,10049.4700,10049.4700,0.0000,49.4700,0.0000,5.1000,3,1,2,0,2,1.0000,7.0700,0.0049,2,0,1760068800,1760119200
sim-b007-052,batch-007,take_profit_favorite,take-profit-favorite-b007-052,nobel_settled,13,10049.4700,10049.4700,0.0000,49.4700,0.0000,5.1000,3,1,2,0,2,1.0000,7.0700,0.0049,2,0,1760068800,1760119200
sim-b007-053,batch-007,take_profit_favorite,take-profit-favorite-b007-053,nobel_settled,13,10049.4700,10049.4700,0.0000,49.4700,0.0000,5.1000,3,1,2,0,2,1.0000,7.0700,0.0049,2,0,1760068800,1760119200
sim-b007-006,batch-007,favorite_exit,favorite-exit-b007-006,nobel_settled,24,10031.5200,10031.5200,0.0000,31.5200,0.0000,5.7600,3,1,1,1,2,0.5000,8.9900,0.0032,2,0,1760068800,1760122800
sim-b007-011,batch-007,favorite_exit,favorite-exit-b007-011,nobel_settled,24,10031.5200,10031.5200,0.0000,31.5200,0.0000,5.7600,3,1,1,1,2,0.5000,8.9900,0.0032,2,0,1760068800,1760122800
sim-b007-016,batch-007,favorite_exit,favorite-exit-b007-016,nobel_settled,24,10031.5200,10031.5200,0.0000,31.5200,0.0000,5.7600,3,1,1,1,2,0.5000,8.9900,0.0032,2,0,1760068800,1760122800
sim-b007-021,batch-007,stop_loss_favorite,stop-loss-favorite-b007-021,nobel_settled,24,10031.5200,10031.5200,0.0000,31.5200,0.0000,5.7600,3,1,1,1,2,0.5000,8.9900,0.0032,2,0,1760068800,1760122800
sim-b007-022,batch-007,stop_loss_favorite,stop-loss-favorite-b007-022,nobel_settled,24,10031.5200,10031.5200,0.0000,31.5200,0.0000,5.7600,3,1,1,1,2,0.5000,8.9900,0.0032,2,0,1760068800,1760122800
sim-b007-023,batch-007,stop_loss_favorite,stop-loss-favorite-b007-023,nobel_settled,24,10031.5200,10031.5200,0.0000,31.5200,0.0000,5.7600,3,1,1,1,2,0.5000,8.9900,0.0032,2,0,1760068800,1760122800
sim-b001-064,batch-001,null_model,null-model-b001-064,nobel_settled,30,10014.0900,10014.0900,0.0000,14.0900,0.0000,37.9200,28,28,15,13,28,0.5357,1969.9100,0.0014,28,0,1739163600,1760418000
sim-b001-096,batch-001,null_model,null-model-b001-096,nobel_settled,31,10011.5900,10011.5900,0.0000,11.5900,0.0000,73.6300,59,59,24,35,59,0.4068,3236.4100,0.0012,59,0,1694232000,1760608800
sim-b007-049,batch-007,take_profit_favorite,take-profit-favorite-b007-049,nobel_settled,32,10008.9600,10008.9600,0.0000,8.9600,0.0000,3.0100,2,0,1,0,1,1.0000,7.0700,0.0009,1,0,1760115600,1760119200
sim-b007-054,batch-007,take_profit_favorite,take-profit-favorite-b007-054,nobel_settled,32,10008.9600,10008.9600,0.0000,8.9600,0.0000,3.0100,2,0,1,0,1,1.0000,7.0700,0.0009,1,0,1760115600,1760119200
sim-b008-049,batch-008,volatility_gate,volatility-gate-b008-049,nobel_settled,34,10000.0000,10000.0000,0.0000,0.0000,0.0000,0.0000,0,0,0,0,0,,0.0000,0.0000,0,0,,
sim-b008-050,batch-008,volatility_gate,volatility-gate-b008-050,nobel_settled,34,10000.0000,10000.0000,0.0000,0.0000,0.0000,0.0000,0,0,0,0,0,,0.0000,0.0000,0,0,,
sim-b008-052,batch-008,volatility_gate,volatility-gate-b008-052,nobel_settled,34,10000.0000,10000.0000,0.0000,0.0000,0.0000,0.0000,0,0,0,0,0,,0.0000,0.0000,0,0,,
sim-b008-058,batch-008,volatility_gate,volatility-gate-b008-058,nobel_settled,34,10000.0000,10000.0000,0.0000,0.0000,0.0000,0.0000,0,0,0,0,0,,0.0000,0.0000,0,0,,
sim-b008-059,batch-008,volatility_gate,volatility-gate-b008-059,nobel_settled,34,10000.0000,10000.0000,0.0000,0.0000,0.0000,0.0000,0,0,0,0,0,,0.0000,0.0000,0,0,,
sim-b008-061,batch-008,volatility_gate,volatility-gate-b008-061,nobel_settled,34,10000.0000,10000.0000,0.0000,0.0000,0.0000,0.0000,0,0,0,0,0,,0.0000,0.0000,0,0,,
sim-b008-062,batch-008,volatility_gate,volatility-gate-b008-062,nobel_settled,34,10000.0000,10000.0000,0.0000,0.0000,0.0000,0.0000,0,0,0,0,0,,0.0000,0.0000,0,0,,
sim-b008-064,batch-008,volatility_gate,volatility-gate-b008-064,nobel_settled,34,10000.0000,10000.0000,0.0000,0.0000,0.0000,0.0000,0,0,0,0,0,,0.0000,0.0000,0,0,,
sim-b008-065,batch-008,volatility_gate,volatility-gate-b008-065,nobel_settled,34,10000.0000,10000.0000,0.0000,0.0000,0.0000,0.0000,0,0,0,0,0,,0.0000,0.0000,0,0,,
sim-b008-067,batch-008,volatility_gate,volatility-gate-b008-067,nobel_settled,34,10000.0000,10000.0000,0.0000,0.0000,0.0000,0.0000,0,0,0,0,0,,0.0000,0.0000,0,0,,
sim-b008-068,batch-008,volatility_gate,volatility-gate-b008-068,nobel_settled,34,10000.0000,10000.0000,0.0000,0.0000,0.0000,0.0000,0,0,0,0,0,,0.0000,0.0000,0,0,,
sim-b008-070,batch-008,volatility_gate,volatility-gate-b008-070,nobel_settled,34,10000.0000,10000.0000,0.0000,0.0000,0.0000,0.0000,0,0,0,0,0,,0.0000,0.0000,0,0,,
sim-b008-071,batch-008,volatility_gate,volatility-gate-b008-071,nobel_settled,34,10000.0000,10000.0000,0.0000,0.0000,0.0000,0.0000,0,0,0,0,0,,0.0000,0.0000,0,0,,
sim-b008-073,batch-008,volatility_gate,volatility-gate-b008-073,nobel_settled,34,10000.0000,10000.0000,0.0000,0.0000,0.0000,0.0000,0,0,0,0,0,,0.0000,0.0000,0,0,,
sim-b008-074,batch-008,volatility_gate,volatility-gate-b008-074,nobel_settled,34,10000.0000,10000.0000,0.0000,0.0000,0.0000,0.0000,0,0,0,0,0,,0.0000,0.0000,0,0,,
sim-b007-007,batch-007,favorite_exit,favorite-exit-b007-007,nobel_settled,49,9996.5500,9996.5500,0.0000,-3.4500,0.0000,6.1500,3,1,1,1,2,0.5000,43.9600,-0.0003,2,0,1760068800,1760126400
sim-b007-008,batch-007,favorite_exit,favorite-exit-b007-008,nobel_settled,49,9996.5500,9996.5500,0.0000,-3.4500,0.0000,6.1500,3,1,1,1,2,0.5000,43.9600,-0.0003,2,0,1760068800,1760126400
sim-b007-009,batch-007,favorite_exit,favorite-exit-b007-009,nobel_settled,49,9996.5500,9996.5500,0.0000,-3.4500,0.0000,6.1500,3,1,1,1,2,0.5000,43.9600,-0.0003,2,0,1760068800,1760126400
sim-b007-010,batch-007,favorite_exit,favorite-exit-b007-010,nobel_settled,49,9996.5500,9996.5500,0.0000,-3.4500,0.0000,6.1500,3,1,1,1,2,0.5000,43.9600,-0.0003,2,0,1760068800,1760126400
sim-b007-012,batch-007,favorite_exit,favorite-exit-b007-012,nobel_settled,49,9996.5500,9996.5500,0.0000,-3.4500,0.0000,6.1500,3,1,1,1,2,0.5000,43.9600,-0.0003,2,0,1760068800,1760126400
sim-b007-013,batch-007,favorite_exit,favorite-exit-b007-013,nobel_settled,49,9996.5500,9996.5500,0.0000,-3.4500,0.0000,6.1500,3,1,1,1,2,0.5000,43.9600,-0.0003,2,0,1760068800,1760126400
sim-b007-014,batch-007,favorite_exit,favorite-exit-b007-014,nobel_settled,49,9996.5500,9996.5500,0.0000,-3.4500,0.0000,6.1500,3,1,1,1,2,0.5000,43.9600,-0.0003,2,0,1760068800,1760126400
sim-b007-015,batch-007,favorite_exit,favorite-exit-b007-015,nobel_settled,49,9996.5500,9996.5500,0.0000,-3.4500,0.0000,6.1500,3,1,1,1,2,0.5000,43.9600,-0.0003,2,0,1760068800,1760126400
sim-b007-017,batch-007,favorite_exit,favorite-exit-b007-017,nobel_settled,49,9996.5500,9996.5500,0.0000,-3.4500,0.0000,6.1500,3,1,1,1,2,0.5000,43.9600,-0.0003,2,0,1760068800,1760126400
sim-b007-018,batch-007,favorite_exit,favorite-exit-b007-018,nobel_settled,49,9996.5500,9996.5500,0.0000,-3.4500,0.0000,6.1500,3,1,1,1,2,0.5000,43.9600,-0.0003,2,0,1760068800,1760126400
sim-b007-019,batch-007,favorite_exit,favorite-exit-b007-019,nobel_settled,49,9996.5500,9996.5500,0.0000,-3.4500,0.0000,6.1500,3,1,1,1,2,0.5000,43.9600,-0.0003,2,0,1760068800,1760126400
sim-b007-020,batch-007,favorite_exit,favorite-exit-b007-020,nobel_settled,49,9996.5500,9996.5500,0.0000,-3.4500,0.0000,6.1500,3,1,1,1,2,0.5000,43.9600,-0.0003,2,0,1760068800,1760126400
sim-b007-026,batch-007,stop_loss_favorite,stop-loss-favorite-b007-026,nobel_settled,49,9996.5500,9996.5500,0.0000,-3.4500,0.0000,6.1500,3,1,1,1,2,0.5000,43.9600,-0.0003,2,0,1760068800,1760126400
sim-b007-027,batch-007,stop_loss_favorite,stop-loss-favorite-b007-027,nobel_settled,49,9996.5500,9996.5500,0.0000,-3.4500,0.0000,6.1500,3,1,1,1,2,0.5000,43.9600,-0.0003,2,0,1760068800,1760126400
sim-b007-028,batch-007,stop_loss_favorite,stop-loss-favorite-b007-028,nobel_settled,49,9996.5500,9996.5500,0.0000,-3.4500,0.0000,6.1500,3,1,1,1,2,0.5000,43.9600,-0.0003,2,0,1760068800,1760126400
sim-b007-031,batch-007,stop_loss_favorite,stop-loss-favorite-b007-031,nobel_settled,49,9996.5500,9996.5500,0.0000,-3.4500,0.0000,6.1500,3,1,1,1,2,0.5000,43.9600,-0.0003,2,0,1760068800,1760126400
sim-b007-032,batch-007,stop_loss_favorite,stop-loss-favorite-b007-032,nobel_settled,49,9996.5500,9996.5500,0.0000,-3.4500,0.0000,6.1500,3,1,1,1,2,0.5000,43.9600,-0.0003,2,0,1760068800,1760126400
sim-b007-033,batch-007,stop_loss_favorite,stop-loss-favorite-b007-033,nobel_settled,49,9996.5500,9996.5500,0.0000,-3.4500,0.0000,6.1500,3,1,1,1,2,0.5000,43.9600,-0.0003,2,0,1760068800,1760126400
sim-b007-036,batch-007,stop_loss_favorite,stop-loss-favorite-b007-036,nobel_settled,49,9996.5500,9996.5500,0.0000,-3.4500,0.0000,6.1500,3,1,1,1,2,0.5000,43.9600,-0.0003,2,0,1760068800,1760126400
sim-b007-037,batch-007,stop_loss_favorite,stop-loss-favorite-b007-037,nobel_settled,49,9996.5500,9996.5500,0.0000,-3.4500,0.0000,6.1500,3,1,1,1,2,0.5000,43.9600,-0.0003,2,0,1760068800,1760126400
sim-b007-038,batch-007,stop_loss_favorite,stop-loss-favorite-b007-038,nobel_settled,49,9996.5500,9996.5500,0.0000,-3.4500,0.0000,6.1500,3,1,1,1,2,0.5000,43.9600,-0.0003,2,0,1760068800,1760126400
sim-b007-041,batch-007,stop_loss_favorite,stop-loss-favorite-b007-041,nobel_settled,49,9996.5500,9996.5500,0.0000,-3.4500,0.0000,6.1500,3,1,1,1,2,0.5000,43.9600,-0.0003,2,0,1760068800,1760126400
sim-b007-042,batch-007,stop_loss_favorite,stop-loss-favorite-b007-042,nobel_settled,49,9996.5500,9996.5500,0.0000,-3.4500,0.0000,6.1500,3,1,1,1,2,0.5000,43.9600,-0.0003,2,0,1760068800,1760126400
sim-b007-043,batch-007,stop_loss_favorite,stop-loss-favorite-b007-043,nobel_settled,49,9996.5500,9996.5500,0.0000,-3.4500,0.0000,6.1500,3,1,1,1,2,0.5000,43.9600,-0.0003,2,0,1760068800,1760126400
sim-b007-024,batch-007,stop_loss_favorite,stop-loss-favorite-b007-024,nobel_settled,73,9991.0100,9991.0100,0.0000,-8.9900,0.0000,3.6700,2,0,0,1,1,0.0000,8.9900,-0.0009,1,0,1760115600,1760122800
sim-b007-025,batch-007,stop_loss_favorite,stop-loss-favorite-b007-025,nobel_settled,74,9980.8800,9980.8800,0.0000,-19.1200,0.0000,2.7400,2,0,0,1,1,0.0000,19.1200,-0.0019,1,0,1760119200,1760122800
sim-b007-030,batch-007,stop_loss_favorite,stop-loss-favorite-b007-030,nobel_settled,74,9980.8800,9980.8800,0.0000,-19.1200,0.0000,2.7400,2,0,0,1,1,0.0000,19.1200,-0.0019,1,0,1760119200,1760122800
sim-b007-035,batch-007,stop_loss_favorite,stop-loss-favorite-b007-035,nobel_settled,74,9980.8800,9980.8800,0.0000,-19.1200,0.0000,2.7400,2,0,0,1,1,0.0000,19.1200,-0.0019,1,0,1760119200,1760122800
sim-b007-040,batch-007,stop_loss_favorite,stop-loss-favorite-b007-040,nobel_settled,74,9980.8800,9980.8800,0.0000,-19.1200,0.0000,2.7400,2,0,0,1,1,0.0000,19.1200,-0.0019,1,0,1760119200,1760122800
sim-b007-075,batch-007,favorite_exit_reentry,favorite-exit-reentry-b007-075,nobel_settled,74,9980.8800,9980.8800,0.0000,-19.1200,0.0000,2.7400,2,0,0,1,1,0.0000,19.1200,-0.0019,1,0,1760119200,1760122800
sim-b007-080,batch-007,favorite_exit_reentry,favorite-exit-reentry-b007-080,nobel_settled,74,9980.8800,9980.8800,0.0000,-19.1200,0.0000,2.7400,2,0,0,1,1,0.0000,19.1200,-0.0019,1,0,1760119200,1760122800
sim-b007-085,batch-007,favorite_exit_reentry,favorite-exit-reentry-b007-085,nobel_settled,74,9980.8800,9980.8800,0.0000,-19.1200,0.0000,2.7400,2,0,0,1,1,0.0000,19.1200,-0.0019,1,0,1760119200,1760122800
sim-b007-090,batch-007,favorite_exit_reentry,favorite-exit-reentry-b007-090,nobel_settled,74,9980.8800,9980.8800,0.0000,-19.1200,0.0000,2.7400,2,0,0,1,1,0.0000,19.1200,-0.0019,1,0,1760119200,1760122800
sim-b007-095,batch-007,favorite_exit_reentry,favorite-exit-reentry-b007-095,nobel_settled,74,9980.8800,9980.8800,0.0000,-19.1200,0.0000,2.7400,2,0,0,1,1,0.0000,19.1200,-0.0019,1,0,1760119200,1760122800
sim-b007-100,batch-007,favorite_exit_reentry,favorite-exit-reentry-b007-100,nobel_settled,74,9980.8800,9980.8800,0.0000,-19.1200,0.0000,2.7400,2,0,0,1,1,0.0000,19.1200,-0.0019,1,0,1760119200,1760122800
sim-b001-004,batch-001,null_model,null-model-b001-004,nobel_settled,84,9965.2100,9965.2100,0.0000,-34.7900,0.0000,79.9400,51,51,18,33,51,0.3529,2820.7900,-0.0035,51,0,1693972800,1760583600
sim-b007-074,batch-007,favorite_exit_reentry,favorite-exit-reentry-b007-074,nobel_settled,85,9964.4000,9964.4000,0.0000,-35.6000,0.0000,6.9600,4,0,1,1,2,0.5000,44.5600,-0.0036,1,0,1760115600,1760126400
sim-b007-079,batch-007,favorite_exit_reentry,favorite-exit-reentry-b007-079,nobel_settled,85,9964.4000,9964.4000,0.0000,-35.6000,0.0000,6.9600,4,0,1,1,2,0.5000,44.5600,-0.0036,1,0,1760115600,1760126400
sim-b009-032,batch-009,breakout_hold,breakout-hold-b009-032,nobel_settled,87,9960.9700,9960.9700,0.0000,-39.0300,0.0000,24.3900,6,6,1,5,6,0.1667,59.4700,-0.0039,6,0,1739595600,1760115600
sim-b009-033,batch-009,breakout_hold,breakout-hold-b009-033,nobel_settled,87,9960.9700,9960.9700,0.0000,-39.0300,0.0000,24.3900,6,6,1,5,6,0.1667,59.4700,-0.0039,6,0,1739595600,1760115600
sim-b007-029,batch-007,stop_loss_favorite,stop-loss-favorite-b007-029,nobel_settled,89,9956.0400,9956.0400,0.0000,-43.9600,0.0000,4.0600,2,0,0,1,1,0.0000,43.9600,-0.0044,1,0,1760115600,1760126400
sim-b007-034,batch-007,stop_loss_favorite,stop-loss-favorite-b007-034,nobel_settled,89,9956.0400,9956.0400,0.0000,-43.9600,0.0000,4.0600,2,0,0,1,1,0.0000,43.9600,-0.0044,1,0,1760115600,1760126400
sim-b007-039,batch-007,stop_loss_favorite,stop-loss-favorite-b007-039,nobel_settled,89,9956.0400,9956.0400,0.0000,-43.9600,0.0000,4.0600,2,0,0,1,1,0.0000,43.9600,-0.0044,1,0,1760115600,1760126400
sim-b007-044,batch-007,stop_loss_favorite,stop-loss-favorite-b007-044,nobel_settled,89,9956.0400,9956.0400,0.0000,-43.9600,0.0000,4.0600,2,0,0,1,1,0.0000,43.9600,-0.0044,1,0,1760115600,1760126400
sim-b007-084,batch-007,favorite_exit_reentry,favorite-exit-reentry-b007-084,nobel_settled,89,9956.0400,9956.0400,0.0000,-43.9600,0.0000,4.0600,2,0,0,1,1,0.0000,43.9600,-0.0044,1,0,1760115600,1760126400
sim-b007-089,batch-007,favorite_exit_reentry,favorite-exit-reentry-b007-089,nobel_settled,89,9956.0400,9956.0400,0.0000,-43.9600,0.0000,4.0600,2,0,0,1,1,0.0000,43.9600,-0.0044,1,0,1760115600,1760126400
sim-b007-094,batch-007,favorite_exit_reentry,favorite-exit-reentry-b007-094,nobel_settled,89,9956.0400,9956.0400,0.0000,-43.9600,0.0000,4.0600,2,0,0,1,1,0.0000,43.9600,-0.0044,1,0,1760115600,1760126400
sim-b007-099,batch-007,favorite_exit_reentry,favorite-exit-reentry-b007-099,nobel_settled,89,9956.0400,9956.0400,0.0000,-43.9600,0.0000,4.0600,2,0,0,1,1,0.0000,43.9600,-0.0044,1,0,1760115600,1760126400
sim-b001-021,batch-001,null_model,null-model-b001-021,nobel_settled,97,9952.2700,9952.2700,0.0000,-47.7300,0.0000,79.2800,54,54,22,32,54,0.4074,3203.7300,-0.0048,54,0,1694059200,1760648400
sim-b007-045,batch-007,stop_loss_favorite,stop-loss-favorite-b007-045,nobel_settled,98,9950.1200,9950.1200,0.0000,-49.8800,0.0000,3.0800,2,0,0,1,1,0.0000,49.8800,-0.0050,1,0,1760119200,1760126400
sim-b007-071,batch-007,favorite_exit_reentry,favorite-exit-reentry-b007-071,nobel_settled,99,9949.6400,9949.6400,0.0000,-50.3600,0.0000,13.8300,7,1,2,2,4,0.5000,99.8300,-0.0050,2,0,1760068800,1760137200
sim-b007-072,batch-007,favorite_exit_reentry,favorite-exit-reentry-b007-072,nobel_settled,99,9949.6400,9949.6400,0.0000,-50.3600,0.0000,13.8300,7,1,2,2,4,0.5000,99.8300,-0.0050,2,0,1760068800,1760137200
sim-b007-076,batch-007,favorite_exit_reentry,favorite-exit-reentry-b007-076,nobel_settled,99,9949.6400,9949.6400,0.0000,-50.3600,0.0000,13.8300,7,1,2,2,4,0.5000,99.8300,-0.0050,2,0,1760068800,1760137200
sim-b007-077,batch-007,favorite_exit_reentry,favorite-exit-reentry-b007-077,nobel_settled,99,9949.6400,9949.6400,0.0000,-50.3600,0.0000,13.8300,7,1,2,2,4,0.5000,99.8300,-0.0050,2,0,1760068800,1760137200
sim-b007-073,batch-007,favorite_exit_reentry,favorite-exit-reentry-b007-073,nobel_settled,103,9946.6900,9946.6900,0.0000,-53.3100,0.0000,13.3100,7,1,2,2,4,0.5000,102.7800,-0.0053,2,0,1760068800,1760137200
sim-b007-078,batch-007,favorite_exit_reentry,favorite-exit-reentry-b007-078,nobel_settled,103,9946.6900,9946.6900,0.0000,-53.3100,0.0000,13.3100,7,1,2,2,4,0.5000,102.7800,-0.0053,2,0,1760068800,1760137200
sim-b007-081,batch-007,favorite_exit_reentry,favorite-exit-reentry-b007-081,nobel_settled,105,9941.2800,9941.2800,0.0000,-58.7200,0.0000,10.9300,5,1,1,2,3,0.3333,99.2300,-0.0059,2,0,1760068800,1760137200
sim-b007-082,batch-007,favorite_exit_reentry,favorite-exit-reentry-b007-082,nobel_settled,105,9941.2800,9941.2800,0.0000,-58.7200,0.0000,10.9300,5,1,1,2,3,0.3333,99.2300,-0.0059,2,0,1760068800,1760137200
sim-b007-086,batch-007,favorite_exit_reentry,favorite-exit-reentry-b007-086,nobel_settled,105,9941.2800,9941.2800,0.0000,-58.7200,0.0000,10.9300,5,1,1,2,3,0.3333,99.2300,-0.0059,2,0,1760068800,1760137200
sim-b007-087,batch-007,favorite_exit_reentry,favorite-exit-reentry-b007-087,nobel_settled,105,9941.2800,9941.2800,0.0000,-58.7200,0.0000,10.9300,5,1,1,2,3,0.3333,99.2300,-0.0059,2,0,1760068800,1760137200
sim-b007-091,batch-007,favorite_exit_reentry,favorite-exit-reentry-b007-091,nobel_settled,105,9941.2800,9941.2800,0.0000,-58.7200,0.0000,10.9300,5,1,1,2,3,0.3333,99.2300,-0.0059,2,0,1760068800,1760137200
sim-b007-092,batch-007,favorite_exit_reentry,favorite-exit-reentry-b007-092,nobel_settled,105,9941.2800,9941.2800,0.0000,-58.7200,0.0000,10.9300,5,1,1,2,3,0.3333,99.2300,-0.0059,2,0,1760068800,1760137200
sim-b007-096,batch-007,favorite_exit_reentry,favorite-exit-reentry-b007-096,nobel_settled,105,9941.2800,9941.2800,0.0000,-58.7200,0.0000,10.9300,5,1,1,2,3,0.3333,99.2300,-0.0059,2,0,1760068800,1760137200
sim-b007-097,batch-007,favorite_exit_reentry,favorite-exit-reentry-b007-097,nobel_settled,105,9941.2800,9941.2800,0.0000,-58.7200,0.0000,10.9300,5,1,1,2,3,0.3333,99.2300,-0.0059,2,0,1760068800,1760137200
sim-b010-049,batch-010,favorite_band_wide,favorite-band-wide-b010-049,nobel_settled,113,9939.5000,9939.5000,0.0000,-60.5000,0.0000,3.5600,2,2,1,1,2,0.5000,60.5000,-0.0061,2,0,1760068800,1760090400
sim-b010-050,batch-010,favorite_band_wide,favorite-band-wide-b010-050,nobel_settled,113,9939.5000,9939.5000,0.0000,-60.5000,0.0000,3.5600,2,2,1,1,2,0.5000,60.5000,-0.0061,2,0,1760068800,1760090400
sim-b010-051,batch-010,favorite_band_wide,favorite-band-wide-b010-051,nobel_settled,113,9939.5000,9939.5000,0.0000,-60.5000,0.0000,3.5600,2,2,1,1,2,0.5000,60.5000,-0.0061,2,0,1760068800,1760090400
sim-b010-052,batch-010,favorite_band_wide,favorite-band-wide-b010-052,nobel_settled,113,9939.5000,9939.5000,0.0000,-60.5000,0.0000,3.5600,2,2,1,1,2,0.5000,60.5000,-0.0061,2,0,1760068800,1760090400
sim-b010-053,batch-010,favorite_band_wide,favorite-band-wide-b010-053,nobel_settled,113,9939.5000,9939.5000,0.0000,-60.5000,0.0000,3.5600,2,2,1,1,2,0.5000,60.5000,-0.0061,2,0,1760068800,1760090400
sim-b010-054,batch-010,favorite_band_wide,favorite-band-wide-b010-054,nobel_settled,113,9939.5000,9939.5000,0.0000,-60.5000,0.0000,3.5600,2,2,1,1,2,0.5000,60.5000,-0.0061,2,0,1760068800,1760090400
sim-b010-055,batch-010,favorite_band_wide,favorite-band-wide-b010-055,nobel_settled,113,9939.5000,9939.5000,0.0000,-60.5000,0.0000,3.5600,2,2,1,1,2,0.5000,60.5000,-0.0061,2,0,1760068800,1760090400
sim-b010-056,batch-010,favorite_band_wide,favorite-band-wide-b010-056,nobel_settled,113,9939.5000,9939.5000,0.0000,-60.5000,0.0000,3.5600,2,2,1,1,2,0.5000,60.5000,-0.0061,2,0,1760068800,1760090400
sim-b010-057,batch-010,favorite_band_wide,favorite-band-wide-b010-057,nobel_settled,113,9939.5000,9939.5000,0.0000,-60.5000,0.0000,3.5600,2,2,1,1,2,0.5000,60.5000,-0.0061,2,0,1760068800,1760090400
sim-b010-058,batch-010,favorite_band_wide,favorite-band-wide-b010-058,nobel_settled,113,9939.5000,9939.5000,0.0000,-60.5000,0.0000,3.5600,2,2,1,1,2,0.5000,60.5000,-0.0061,2,0,1760068800,1760090400
sim-b010-059,batch-010,favorite_band_wide,favorite-band-wide-b010-059,nobel_settled,113,9939.5000,9939.5000,0.0000,-60.5000,0.0000,3.5600,2,2,1,1,2,0.5000,60.5000,-0.0061,2,0,1760068800,1760090400
sim-b010-060,batch-010,favorite_band_wide,favorite-band-wide-b010-060,nobel_settled,113,9939.5000,9939.5000,0.0000,-60.5000,0.0000,3.5600,2,2,1,1,2,0.5000,60.5000,-0.0061,2,0,1760068800,1760090400
sim-b010-061,batch-010,favorite_band_wide,favorite-band-wide-b010-061,nobel_settled,113,9939.5000,9939.5000,0.0000,-60.5000,0.0000,3.5600,2,2,1,1,2,0.5000,60.5000,-0.0061,2,0,1760068800,1760090400
sim-b010-062,batch-010,favorite_band_wide,favorite-band-wide-b010-062,nobel_settled,113,9939.5000,9939.5000,0.0000,-60.5000,0.0000,3.5600,2,2,1,1,2,0.5000,60.5000,-0.0061,2,0,1760068800,1760090400
sim-b010-063,batch-010,favorite_band_wide,favorite-band-wide-b010-063,nobel_settled,113,9939.5000,9939.5000,0.0000,-60.5000,0.0000,3.5600,2,2,1,1,2,0.5000,60.5000,-0.0061,2,0,1760068800,1760090400
sim-b010-064,batch-010,favorite_band_wide,favorite-band-wide-b010-064,nobel_settled,113,9939.5000,9939.5000,0.0000,-60.5000,0.0000,3.5600,2,2,1,1,2,0.5000,60.5000,-0.0061,2,0,1760068800,1760090400
sim-b010-065,batch-010,favorite_band_wide,favorite-band-wide-b010-065,nobel_settled,113,9939.5000,9939.5000,0.0000,-60.5000,0.0000,3.5600,2,2,1,1,2,0.5000,60.5000,-0.0061,2,0,1760068800,1760090400
sim-b010-066,batch-010,favorite_band_wide,favorite-band-wide-b010-066,nobel_settled,113,9939.5000,9939.5000,0.0000,-60.5000,0.0000,3.5600,2,2,1,1,2,0.5000,60.5000,-0.0061,2,0,1760068800,1760090400
sim-b002-021,batch-002,favorite_band,favorite-band-b002-021,nobel_settled,131,9939.0100,9939.0100,0.0000,-60.9900,0.0000,3.8400,2,2,1,1,2,0.5000,60.9900,-0.0061,2,0,1760068800,1760115600
sim-b002-022,batch-002,favorite_band,favorite-band-b002-022,nobel_settled,131,9939.0100,9939.0100,0.0000,-60.9900,0.0000,3.8400,2,2,1,1,2,0.5000,60.9900,-0.0061,2,0,1760068800,1760115600
sim-b002-026,batch-002,favorite_band,favorite-band-b002-026,nobel_settled,131,9939.0100,9939.0100,0.0000,-60.9900,0.0000,3.8400,2,2,1,1,2,0.5000,60.9900,-0.0061,2,0,1760068800,1760115600
sim-b002-027,batch-002,favorite_band,favorite-band-b002-027,nobel_settled,131,9939.0100,9939.0100,0.0000,-60.9900,0.0000,3.8400,2,2,1,1,2,0.5000,60.9900,-0.0061,2,0,1760068800,1760115600
sim-b002-031,batch-002,favorite_band,favorite-band-b002-031,nobel_settled,131,9939.0100,9939.0100,0.0000,-60.9900,0.0000,3.8400,2,2,1,1,2,0.5000,60.9900,-0.0061,2,0,1760068800,1760115600
sim-b002-032,batch-002,favorite_band,favorite-band-b002-032,nobel_settled,131,9939.0100,9939.0100,0.0000,-60.9900,0.0000,3.8400,2,2,1,1,2,0.5000,60.9900,-0.0061,2,0,1760068800,1760115600
sim-b002-036,batch-002,favorite_band,favorite-band-b002-036,nobel_settled,131,9939.0100,9939.0100,0.0000,-60.9900,0.0000,3.8400,2,2,1,1,2,0.5000,60.9900,-0.0061,2,0,1760068800,1760115600
sim-b002-037,batch-002,favorite_band,favorite-band-b002-037,nobel_settled,131,9939.0100,9939.0100,0.0000,-60.9900,0.0000,3.8400,2,2,1,1,2,0.5000,60.9900,-0.0061,2,0,1760068800,1760115600
sim-b002-041,batch-002,favorite_band,favorite-band-b002-041,nobel_settled,131,9939.0100,9939.0100,0.0000,-60.9900,0.0000,3.8400,2,2,1,1,2,0.5000,60.9900,-0.0061,2,0,1760068800,1760115600
sim-b002-042,batch-002,favorite_band,favorite-band-b002-042,nobel_settled,131,9939.0100,9939.0100,0.0000,-60.9900,0.0000,3.8400,2,2,1,1,2,0.5000,60.9900,-0.0061,2,0,1760068800,1760115600
sim-b002-043,batch-002,favorite_band,favorite-band-b002-043,nobel_settled,131,9939.0100,9939.0100,0.0000,-60.9900,0.0000,3.8400,2,2,1,1,2,0.5000,60.9900,-0.0061,2,0,1760068800,1760115600
sim-b002-044,batch-002,favorite_band,favorite-band-b002-044,nobel_settled,131,9939.0100,9939.0100,0.0000,-60.9900,0.0000,3.8400,2,2,1,1,2,0.5000,60.9900,-0.0061,2,0,1760068800,1760115600
sim-b002-045,batch-002,favorite_band,favorite-band-b002-045,nobel_settled,131,9939.0100,9939.0100,0.0000,-60.9900,0.0000,3.8400,2,2,1,1,2,0.5000,60.9900,-0.0061,2,0,1760068800,1760115600
sim-b002-046,batch-002,favorite_band,favorite-band-b002-046,nobel_settled,131,9939.0100,9939.0100,0.0000,-60.9900,0.0000,3.8400,2,2,1,1,2,0.5000,60.9900,-0.0061,2,0,1760068800,1760115600
sim-b002-047,batch-002,favorite_band,favorite-band-b002-047,nobel_settled,131,9939.0100,9939.0100,0.0000,-60.9900,0.0000,3.8400,2,2,1,1,2,0.5000,60.9900,-0.0061,2,0,1760068800,1760115600
sim-b002-048,batch-002,favorite_band,favorite-band-b002-048,nobel_settled,131,9939.0100,9939.0100,0.0000,-60.9900,0.0000,3.8400,2,2,1,1,2,0.5000,60.9900,-0.0061,2,0,1760068800,1760115600
sim-b002-049,batch-002,favorite_band,favorite-band-b002-049,nobel_settled,131,9939.0100,9939.0100,0.0000,-60.9900,0.0000,3.8400,2,2,1,1,2,0.5000,60.9900,-0.0061,2,0,1760068800,1760115600
sim-b002-050,batch-002,favorite_band,favorite-band-b002-050,nobel_settled,131,9939.0100,9939.0100,0.0000,-60.9900,0.0000,3.8400,2,2,1,1,2,0.5000,60.9900,-0.0061,2,0,1760068800,1760115600
sim-b002-051,batch-002,favorite_band,favorite-band-b002-051,nobel_settled,131,9939.0100,9939.0100,0.0000,-60.9900,0.0000,3.8400,2,2,1,1,2,0.5000,60.9900,-0.0061,2,0,1760068800,1760115600
sim-b002-052,batch-002,favorite_band,favorite-band-b002-052,nobel_settled,131,9939.0100,9939.0100,0.0000,-60.9900,0.0000,3.8400,2,2,1,1,2,0.5000,60.9900,-0.0061,2,0,1760068800,1760115600
sim-b002-053,batch-002,favorite_band,favorite-band-b002-053,nobel_settled,131,9939.0100,9939.0100,0.0000,-60.9900,0.0000,3.8400,2,2,1,1,2,0.5000,60.9900,-0.0061,2,0,1760068800,1760115600
sim-b002-054,batch-002,favorite_band,favorite-band-b002-054,nobel_settled,131,9939.0100,9939.0100,0.0000,-60.9900,0.0000,3.8400,2,2,1,1,2,0.5000,60.9900,-0.0061,2,0,1760068800,1760115600
sim-b002-055,batch-002,favorite_band,favorite-band-b002-055,nobel_settled,131,9939.0100,9939.0100,0.0000,-60.9900,0.0000,3.8400,2,2,1,1,2,0.5000,60.9900,-0.0061,2,0,1760068800,1760115600
sim-b002-056,batch-002,favorite_band,favorite-band-b002-056,nobel_settled,131,9939.0100,9939.0100,0.0000,-60.9900,0.0000,3.8400,2,2,1,1,2,0.5000,60.9900,-0.0061,2,0,1760068800,1760115600
sim-b002-057,batch-002,favorite_band,favorite-band-b002-057,nobel_settled,131,9939.0100,9939.0100,0.0000,-60.9900,0.0000,3.8400,2,2,1,1,2,0.5000,60.9900,-0.0061,2,0,1760068800,1760115600
sim-b002-058,batch-002,favorite_band,favorite-band-b002-058,nobel_settled,131,9939.0100,9939.0100,0.0000,-60.9900,0.0000,3.8400,2,2,1,1,2,0.5000,60.9900,-0.0061,2,0,1760068800,1760115600
sim-b002-059,batch-002,favorite_band,favorite-band-b002-059,nobel_settled,131,9939.0100,9939.0100,0.0000,-60.9900,0.0000,3.8400,2,2,1,1,2,0.5000,60.9900,-0.0061,2,0,1760068800,1760115600
sim-b002-060,batch-002,favorite_band,favorite-band-b002-060,nobel_settled,131,9939.0100,9939.0100,0.0000,-60.9900,0.0000,3.8400,2,2,1,1,2,0.5000,60.9900,-0.0061,2,0,1760068800,1760115600
sim-b002-061,batch-002,favorite_band,favorite-band-b002-061,nobel_settled,131,9939.0100,9939.0100,0.0000,-60.9900,0.0000,3.8400,2,2,1,1,2,0.5000,60.9900,-0.0061,2,0,1760068800,1760115600
sim-b002-062,batch-002,favorite_band,favorite-band-b002-062,nobel_settled,131,9939.0100,9939.0100,0.0000,-60.9900,0.0000,3.8400,2,2,1,1,2,0.5000,60.9900,-0.0061,2,0,1760068800,1760115600
sim-b002-063,batch-002,favorite_band,favorite-band-b002-063,nobel_settled,131,9939.0100,9939.0100,0.0000,-60.9900,0.0000,3.8400,2,2,1,1,2,0.5000,60.9900,-0.0061,2,0,1760068800,1760115600
sim-b002-064,batch-002,favorite_band,favorite-band-b002-064,nobel_settled,131,9939.0100,9939.0100,0.0000,-60.9900,0.0000,3.8400,2,2,1,1,2,0.5000,60.9900,-0.0061,2,0,1760068800,1760115600
sim-b002-065,batch-002,favorite_band,favorite-band-b002-065,nobel_settled,131,9939.0100,9939.0100,0.0000,-60.9900,0.0000,3.8400,2,2,1,1,2,0.5000,60.9900,-0.0061,2,0,1760068800,1760115600
sim-b002-066,batch-002,favorite_band,favorite-band-b002-066,nobel_settled,131,9939.0100,9939.0100,0.0000,-60.9900,0.0000,3.8400,2,2,1,1,2,0.5000,60.9900,-0.0061,2,0,1760068800,1760115600
sim-b002-067,batch-002,favorite_band,favorite-band-b002-067,nobel_settled,131,9939.0100,9939.0100,0.0000,-60.9900,0.0000,3.8400,2,2,1,1,2,0.5000,60.9900,-0.0061,2,0,1760068800,1760115600
sim-b002-068,batch-002,favorite_band,favorite-band-b002-068,nobel_settled,131,9939.0100,9939.0100,0.0000,-60.9900,0.0000,3.8400,2,2,1,1,2,0.5000,60.9900,-0.0061,2,0,1760068800,1760115600
sim-b002-069,batch-002,favorite_band,favorite-band-b002-069,nobel_settled,131,9939.0100,9939.0100,0.0000,-60.9900,0.0000,3.8400,2,2,1,1,2,0.5000,60.9900,-0.0061,2,0,1760068800,1760115600
sim-b002-070,batch-002,favorite_band,favorite-band-b002-070,nobel_settled,131,9939.0100,9939.0100,0.0000,-60.9900,0.0000,3.8400,2,2,1,1,2,0.5000,60.9900,-0.0061,2,0,1760068800,1760115600
sim-b002-071,batch-002,favorite_band,favorite-band-b002-071,nobel_settled,131,9939.0100,9939.0100,0.0000,-60.9900,0.0000,3.8400,2,2,1,1,2,0.5000,60.9900,-0.0061,2,0,1760068800,1760115600
sim-b002-072,batch-002,favorite_band,favorite-band-b002-072,nobel_settled,131,9939.0100,9939.0100,0.0000,-60.9900,0.0000,3.8400,2,2,1,1,2,0.5000,60.9900,-0.0061,2,0,1760068800,1760115600
sim-b002-073,batch-002,favorite_band,favorite-band-b002-073,nobel_settled,131,9939.0100,9939.0100,0.0000,-60.9900,0.0000,3.8400,2,2,1,1,2,0.5000,60.9900,-0.0061,2,0,1760068800,1760115600
sim-b002-074,batch-002,favorite_band,favorite-band-b002-074,nobel_settled,131,9939.0100,9939.0100,0.0000,-60.9900,0.0000,3.8400,2,2,1,1,2,0.5000,60.9900,-0.0061,2,0,1760068800,1760115600
sim-b002-075,batch-002,favorite_band,favorite-band-b002-075,nobel_settled,131,9939.0100,9939.0100,0.0000,-60.9900,0.0000,3.8400,2,2,1,1,2,0.5000,60.9900,-0.0061,2,0,1760068800,1760115600
sim-b002-076,batch-002,favorite_band,favorite-band-b002-076,nobel_settled,131,9939.0100,9939.0100,0.0000,-60.9900,0.0000,3.8400,2,2,1,1,2,0.5000,60.9900,-0.0061,2,0,1760068800,1760115600
sim-b002-077,batch-002,favorite_band,favorite-band-b002-077,nobel_settled,131,9939.0100,9939.0100,0.0000,-60.9900,0.0000,3.8400,2,2,1,1,2,0.5000,60.9900,-0.0061,2,0,1760068800,1760115600
sim-b002-078,batch-002,favorite_band,favorite-band-b002-078,nobel_settled,131,9939.0100,9939.0100,0.0000,-60.9900,0.0000,3.8400,2,2,1,1,2,0.5000,60.9900,-0.0061,2,0,1760068800,1760115600
sim-b002-079,batch-002,favorite_band,favorite-band-b002-079,nobel_settled,131,9939.0100,9939.0100,0.0000,-60.9900,0.0000,3.8400,2,2,1,1,2,0.5000,60.9900,-0.0061,2,0,1760068800,1760115600
sim-b002-080,batch-002,favorite_band,favorite-band-b002-080,nobel_settled,131,9939.0100,9939.0100,0.0000,-60.9900,0.0000,3.8400,2,2,1,1,2,0.5000,60.9900,-0.0061,2,0,1760068800,1760115600
sim-b007-056,batch-007,take_profit_favorite,take-profit-favorite-b007-056,nobel_settled,131,9939.0100,9939.0100,0.0000,-60.9900,0.0000,3.8400,2,2,1,1,2,0.5000,60.9900,-0.0061,2,0,1760068800,1760115600
sim-b007-057,batch-007,take_profit_favorite,take-profit-favorite-b007-057,nobel_settled,131,9939.0100,9939.0100,0.0000,-60.9900,0.0000,3.8400,2,2,1,1,2,0.5000,60.9900,-0.0061,2,0,1760068800,1760115600
sim-b007-058,batch-007,take_profit_favorite,take-profit-favorite-b007-058,nobel_settled,131,9939.0100,9939.0100,0.0000,-60.9900,0.0000,3.8400,2,2,1,1,2,0.5000,60.9900,-0.0061,2,0,1760068800,1760115600
sim-b007-061,batch-007,take_profit_favorite,take-profit-favorite-b007-061,nobel_settled,131,9939.0100,9939.0100,0.0000,-60.9900,0.0000,3.8400,2,2,1,1,2,0.5000,60.9900,-0.0061,2,0,1760068800,1760115600
sim-b007-062,batch-007,take_profit_favorite,take-profit-favorite-b007-062,nobel_settled,131,9939.0100,9939.0100,0.0000,-60.9900,0.0000,3.8400,2,2,1,1,2,0.5000,60.9900,-0.0061,2,0,1760068800,1760115600
sim-b007-063,batch-007,take_profit_favorite,take-profit-favorite-b007-063,nobel_settled,131,9939.0100,9939.0100,0.0000,-60.9900,0.0000,3.8400,2,2,1,1,2,0.5000,60.9900,-0.0061,2,0,1760068800,1760115600
sim-b007-066,batch-007,take_profit_favorite,take-profit-favorite-b007-066,nobel_settled,131,9939.0100,9939.0100,0.0000,-60.9900,0.0000,3.8400,2,2,1,1,2,0.5000,60.9900,-0.0061,2,0,1760068800,1760115600
sim-b007-067,batch-007,take_profit_favorite,take-profit-favorite-b007-067,nobel_settled,131,9939.0100,9939.0100,0.0000,-60.9900,0.0000,3.8400,2,2,1,1,2,0.5000,60.9900,-0.0061,2,0,1760068800,1760115600
sim-b007-068,batch-007,take_profit_favorite,take-profit-favorite-b007-068,nobel_settled,131,9939.0100,9939.0100,0.0000,-60.9900,0.0000,3.8400,2,2,1,1,2,0.5000,60.9900,-0.0061,2,0,1760068800,1760115600
sim-b009-037,batch-009,entry_timing_band,entry-timing-band-b009-037,nobel_settled,131,9939.0100,9939.0100,0.0000,-60.9900,0.0000,3.8400,2,2,1,1,2,0.5000,60.9900,-0.0061,2,0,1760068800,1760115600
sim-b009-039,batch-009,entry_timing_band,entry-timing-band-b009-039,nobel_settled,131,9939.0100,9939.0100,0.0000,-60.9900,0.0000,3.8400,2,2,1,1,2,0.5000,60.9900,-0.0061,2,0,1760068800,1760115600
sim-b009-040,batch-009,entry_timing_band,entry-timing-band-b009-040,nobel_settled,131,9939.0100,9939.0100,0.0000,-60.9900,0.0000,3.8400,2,2,1,1,2,0.5000,60.9900,-0.0061,2,0,1760068800,1760115600
sim-b009-041,batch-009,entry_timing_band,entry-timing-band-b009-041,nobel_settled,131,9939.0100,9939.0100,0.0000,-60.9900,0.0000,3.8400,2,2,1,1,2,0.5000,60.9900,-0.0061,2,0,1760068800,1760115600
sim-b009-042,batch-009,entry_timing_band,entry-timing-band-b009-042,nobel_settled,131,9939.0100,9939.0100,0.0000,-60.9900,0.0000,3.8400,2,2,1,1,2,0.5000,60.9900,-0.0061,2,0,1760068800,1760115600
sim-b009-047,batch-009,entry_timing_band,entry-timing-band-b009-047,nobel_settled,131,9939.0100,9939.0100,0.0000,-60.9900,0.0000,3.8400,2,2,1,1,2,0.5000,60.9900,-0.0061,2,0,1760068800,1760115600
sim-b009-049,batch-009,entry_timing_band,entry-timing-band-b009-049,nobel_settled,131,9939.0100,9939.0100,0.0000,-60.9900,0.0000,3.8400,2,2,1,1,2,0.5000,60.9900,-0.0061,2,0,1760068800,1760115600
sim-b009-050,batch-009,entry_timing_band,entry-timing-band-b009-050,nobel_settled,131,9939.0100,9939.0100,0.0000,-60.9900,0.0000,3.8400,2,2,1,1,2,0.5000,60.9900,-0.0061,2,0,1760068800,1760115600
sim-b009-051,batch-009,entry_timing_band,entry-timing-band-b009-051,nobel_settled,131,9939.0100,9939.0100,0.0000,-60.9900,0.0000,3.8400,2,2,1,1,2,0.5000,60.9900,-0.0061,2,0,1760068800,1760115600
sim-b009-052,batch-009,entry_timing_band,entry-timing-band-b009-052,nobel_settled,131,9939.0100,9939.0100,0.0000,-60.9900,0.0000,3.8400,2,2,1,1,2,0.5000,60.9900,-0.0061,2,0,1760068800,1760115600
sim-b009-057,batch-009,entry_timing_band,entry-timing-band-b009-057,nobel_settled,131,9939.0100,9939.0100,0.0000,-60.9900,0.0000,3.8400,2,2,1,1,2,0.5000,60.9900,-0.0061,2,0,1760068800,1760115600
sim-b009-059,batch-009,entry_timing_band,entry-timing-band-b009-059,nobel_settled,131,9939.0100,9939.0100,0.0000,-60.9900,0.0000,3.8400,2,2,1,1,2,0.5000,60.9900,-0.0061,2,0,1760068800,1760115600
sim-b009-060,batch-009,entry_timing_band,entry-timing-band-b009-060,nobel_settled,131,9939.0100,9939.0100,0.0000,-60.9900,0.0000,3.8400,2,2,1,1,2,0.5000,60.9900,-0.0061,2,0,1760068800,1760115600
sim-b009-061,batch-009,entry_timing_band,entry-timing-band-b009-061,nobel_settled,131,9939.0100,9939.0100,0.0000,-60.9900,0.0000,3.8400,2,2,1,1,2,0.5000,60.9900,-0.0061,2,0,1760068800,1760115600
sim-b009-062,batch-009,entry_timing_band,entry-timing-band-b009-062,nobel_settled,131,9939.0100,9939.0100,0.0000,-60.9900,0.0000,3.8400,2,2,1,1,2,0.5000,60.9900,-0.0061,2,0,1760068800,1760115600
sim-b009-067,batch-009,entry_timing_band,entry-timing-band-b009-067,nobel_settled,131,9939.0100,9939.0100,0.0000,-60.9900,0.0000,3.8400,2,2,1,1,2,0.5000,60.9900,-0.0061,2,0,1760068800,1760115600
sim-b009-069,batch-009,entry_timing_band,entry-timing-band-b009-069,nobel_settled,131,9939.0100,9939.0100,0.0000,-60.9900,0.0000,3.8400,2,2,1,1,2,0.5000,60.9900,-0.0061,2,0,1760068800,1760115600
sim-b009-070,batch-009,entry_timing_band,entry-timing-band-b009-070,nobel_settled,131,9939.0100,9939.0100,0.0000,-60.9900,0.0000,3.8400,2,2,1,1,2,0.5000,60.9900,-0.0061,2,0,1760068800,1760115600
sim-b009-071,batch-009,entry_timing_band,entry-timing-band-b009-071,nobel_settled,131,9939.0100,9939.0100,0.0000,-60.9900,0.0000,3.8400,2,2,1,1,2,0.5000,60.9900,-0.0061,2,0,1760068800,1760115600
sim-b009-072,batch-009,entry_timing_band,entry-timing-band-b009-072,nobel_settled,131,9939.0100,9939.0100,0.0000,-60.9900,0.0000,3.8400,2,2,1,1,2,0.5000,60.9900,-0.0061,2,0,1760068800,1760115600
sim-b009-077,batch-009,entry_timing_band,entry-timing-band-b009-077,nobel_settled,131,9939.0100,9939.0100,0.0000,-60.9900,0.0000,3.8400,2,2,1,1,2,0.5000,60.9900,-0.0061,2,0,1760068800,1760115600
sim-b009-079,batch-009,entry_timing_band,entry-timing-band-b009-079,nobel_settled,131,9939.0100,9939.0100,0.0000,-60.9900,0.0000,3.8400,2,2,1,1,2,0.5000,60.9900,-0.0061,2,0,1760068800,1760115600
sim-b009-080,batch-009,entry_timing_band,entry-timing-band-b009-080,nobel_settled,131,9939.0100,9939.0100,0.0000,-60.9900,0.0000,3.8400,2,2,1,1,2,0.5000,60.9900,-0.0061,2,0,1760068800,1760115600
sim-b009-081,batch-009,entry_timing_band,entry-timing-band-b009-081,nobel_settled,131,9939.0100,9939.0100,0.0000,-60.9900,0.0000,3.8400,2,2,1,1,2,0.5000,60.9900,-0.0061,2,0,1760068800,1760115600
sim-b009-082,batch-009,entry_timing_band,entry-timing-band-b009-082,nobel_settled,131,9939.0100,9939.0100,0.0000,-60.9900,0.0000,3.8400,2,2,1,1,2,0.5000,60.9900,-0.0061,2,0,1760068800,1760115600
sim-b002-003,batch-002,favorite_band,favorite-band-b002-003,nobel_settled,213,9938.3900,9938.3900,0.0000,-61.6100,0.0000,4.6700,2,2,1,1,2,0.5000,61.6100,-0.0062,2,0,1760068800,1760094000
sim-b002-004,batch-002,favorite_band,favorite-band-b002-004,nobel_settled,213,9938.3900,9938.3900,0.0000,-61.6100,0.0000,4.6700,2,2,1,1,2,0.5000,61.6100,-0.0062,2,0,1760068800,1760094000
sim-b002-005,batch-002,favorite_band,favorite-band-b002-005,nobel_settled,213,9938.3900,9938.3900,0.0000,-61.6100,0.0000,4.6700,2,2,1,1,2,0.5000,61.6100,-0.0062,2,0,1760068800,1760094000
sim-b002-008,batch-002,favorite_band,favorite-band-b002-008,nobel_settled,213,9938.3900,9938.3900,0.0000,-61.6100,0.0000,4.6700,2,2,1,1,2,0.5000,61.6100,-0.0062,2,0,1760068800,1760094000
sim-b002-009,batch-002,favorite_band,favorite-band-b002-009,nobel_settled,213,9938.3900,9938.3900,0.0000,-61.6100,0.0000,4.6700,2,2,1,1,2,0.5000,61.6100,-0.0062,2,0,1760068800,1760094000
sim-b002-010,batch-002,favorite_band,favorite-band-b002-010,nobel_settled,213,9938.3900,9938.3900,0.0000,-61.6100,0.0000,4.6700,2,2,1,1,2,0.5000,61.6100,-0.0062,2,0,1760068800,1760094000
sim-b002-013,batch-002,favorite_band,favorite-band-b002-013,nobel_settled,213,9938.3900,9938.3900,0.0000,-61.6100,0.0000,4.6700,2,2,1,1,2,0.5000,61.6100,-0.0062,2,0,1760068800,1760094000
sim-b002-014,batch-002,favorite_band,favorite-band-b002-014,nobel_settled,213,9938.3900,9938.3900,0.0000,-61.6100,0.0000,4.6700,2,2,1,1,2,0.5000,61.6100,-0.0062,2,0,1760068800,1760094000
sim-b002-015,batch-002,favorite_band,favorite-band-b002-015,nobel_settled,213,9938.3900,9938.3900,0.0000,-61.6100,0.0000,4.6700,2,2,1,1,2,0.5000,61.6100,-0.0062,2,0,1760068800,1760094000
sim-b002-018,batch-002,favorite_band,favorite-band-b002-018,nobel_settled,213,9938.3900,9938.3900,0.0000,-61.6100,0.0000,4.6700,2,2,1,1,2,0.5000,61.6100,-0.0062,2,0,1760068800,1760094000
sim-b002-019,batch-002,favorite_band,favorite-band-b002-019,nobel_settled,213,9938.3900,9938.3900,0.0000,-61.6100,0.0000,4.6700,2,2,1,1,2,0.5000,61.6100,-0.0062,2,0,1760068800,1760094000
sim-b002-020,batch-002,favorite_band,favorite-band-b002-020,nobel_settled,213,9938.3900,9938.3900,0.0000,-61.6100,0.0000,4.6700,2,2,1,1,2,0.5000,61.6100,-0.0062,2,0,1760068800,1760094000
sim-b002-023,batch-002,favorite_band,favorite-band-b002-023,nobel_settled,213,9938.3900,9938.3900,0.0000,-61.6100,0.0000,4.6700,2,2,1,1,2,0.5000,61.6100,-0.0062,2,0,1760068800,1760094000
sim-b002-024,batch-002,favorite_band,favorite-band-b002-024,nobel_settled,213,9938.3900,9938.3900,0.0000,-61.6100,0.0000,4.6700,2,2,1,1,2,0.5000,61.6100,-0.0062,2,0,1760068800,1760094000
sim-b002-025,batch-002,favorite_band,favorite-band-b002-025,nobel_settled,213,9938.3900,9938.3900,0.0000,-61.6100,0.0000,4.6700,2,2,1,1,2,0.5000,61.6100,-0.0062,2,0,1760068800,1760094000
sim-b002-028,batch-002,favorite_band,favorite-band-b002-028,nobel_settled,213,9938.3900,9938.3900,0.0000,-61.6100,0.0000,4.6700,2,2,1,1,2,0.5000,61.6100,-0.0062,2,0,1760068800,1760094000
sim-b002-029,batch-002,favorite_band,favorite-band-b002-029,nobel_settled,213,9938.3900,9938.3900,0.0000,-61.6100,0.0000,4.6700,2,2,1,1,2,0.5000,61.6100,-0.0062,2,0,1760068800,1760094000
sim-b002-030,batch-002,favorite_band,favorite-band-b002-030,nobel_settled,213,9938.3900,9938.3900,0.0000,-61.6100,0.0000,4.6700,2,2,1,1,2,0.5000,61.6100,-0.0062,2,0,1760068800,1760094000
sim-b002-033,batch-002,favorite_band,favorite-band-b002-033,nobel_settled,213,9938.3900,9938.3900,0.0000,-61.6100,0.0000,4.6700,2,2,1,1,2,0.5000,61.6100,-0.0062,2,0,1760068800,1760094000
sim-b002-034,batch-002,favorite_band,favorite-band-b002-034,nobel_settled,213,9938.3900,9938.3900,0.0000,-61.6100,0.0000,4.6700,2,2,1,1,2,0.5000,61.6100,-0.0062,2,0,1760068800,1760094000
sim-b002-035,batch-002,favorite_band,favorite-band-b002-035,nobel_settled,213,9938.3900,9938.3900,0.0000,-61.6100,0.0000,4.6700,2,2,1,1,2,0.5000,61.6100,-0.0062,2,0,1760068800,1760094000
sim-b002-038,batch-002,favorite_band,favorite-band-b002-038,nobel_settled,213,9938.3900,9938.3900,0.0000,-61.6100,0.0000,4.6700,2,2,1,1,2,0.5000,61.6100,-0.0062,2,0,1760068800,1760094000
sim-b002-039,batch-002,favorite_band,favorite-band-b002-039,nobel_settled,213,9938.3900,9938.3900,0.0000,-61.6100,0.0000,4.6700,2,2,1,1,2,0.5000,61.6100,-0.0062,2,0,1760068800,1760094000
sim-b002-040,batch-002,favorite_band,favorite-band-b002-040,nobel_settled,213,9938.3900,9938.3900,0.0000,-61.6100,0.0000,4.6700,2,2,1,1,2,0.5000,61.6100,-0.0062,2,0,1760068800,1760094000
sim-b009-038,batch-009,entry_timing_band,entry-timing-band-b009-038,nobel_settled,213,9938.3900,9938.3900,0.0000,-61.6100,0.0000,4.6700,2,2,1,1,2,0.5000,61.6100,-0.0062,2,0,1760068800,1760094000
sim-b009-048,batch-009,entry_timing_band,entry-timing-band-b009-048,nobel_settled,213,9938.3900,9938.3900,0.0000,-61.6100,0.0000,4.6700,2,2,1,1,2,0.5000,61.6100,-0.0062,2,0,1760068800,1760094000
sim-b009-058,batch-009,entry_timing_band,entry-timing-band-b009-058,nobel_settled,213,9938.3900,9938.3900,0.0000,-61.6100,0.0000,4.6700,2,2,1,1,2,0.5000,61.6100,-0.0062,2,0,1760068800,1760094000
sim-b009-068,batch-009,entry_timing_band,entry-timing-band-b009-068,nobel_settled,213,9938.3900,9938.3900,0.0000,-61.6100,0.0000,4.6700,2,2,1,1,2,0.5000,61.6100,-0.0062,2,0,1760068800,1760094000
sim-b009-078,batch-009,entry_timing_band,entry-timing-band-b009-078,nobel_settled,213,9938.3900,9938.3900,0.0000,-61.6100,0.0000,4.6700,2,2,1,1,2,0.5000,61.6100,-0.0062,2,0,1760068800,1760094000
sim-b007-083,batch-007,favorite_exit_reentry,favorite-exit-reentry-b007-083,nobel_settled,242,9938.3300,9938.3300,0.0000,-61.6700,0.0000,10.4100,5,1,1,2,3,0.3333,102.1800,-0.0062,2,0,1760068800,1760137200
sim-b007-088,batch-007,favorite_exit_reentry,favorite-exit-reentry-b007-088,nobel_settled,242,9938.3300,9938.3300,0.0000,-61.6700,0.0000,10.4100,5,1,1,2,3,0.3333,102.1800,-0.0062,2,0,1760068800,1760137200
sim-b007-093,batch-007,favorite_exit_reentry,favorite-exit-reentry-b007-093,nobel_settled,242,9938.3300,9938.3300,0.0000,-61.6700,0.0000,10.4100,5,1,1,2,3,0.3333,102.1800,-0.0062,2,0,1760068800,1760137200
sim-b007-098,batch-007,favorite_exit_reentry,favorite-exit-reentry-b007-098,nobel_settled,242,9938.3300,9938.3300,0.0000,-61.6700,0.0000,10.4100,5,1,1,2,3,0.3333,102.1800,-0.0062,2,0,1760068800,1760137200
sim-b002-001,batch-002,favorite_band,favorite-band-b002-001,nobel_settled,246,9937.8100,9937.8100,0.0000,-62.1900,0.0000,5.0300,2,2,1,1,2,0.5000,62.1900,-0.0062,2,0,1760068800,1760097600
sim-b002-002,batch-002,favorite_band,favorite-band-b002-002,nobel_settled,246,9937.8100,9937.8100,0.0000,-62.1900,0.0000,5.0300,2,2,1,1,2,0.5000,62.1900,-0.0062,2,0,1760068800,1760097600
sim-b002-006,batch-002,favorite_band,favorite-band-b002-006,nobel_settled,246,9937.8100,9937.8100,0.0000,-62.1900,0.0000,5.0300,2,2,1,1,2,0.5000,62.1900,-0.0062,2,0,1760068800,1760097600
sim-b002-007,batch-002,favorite_band,favorite-band-b002-007,nobel_settled,246,9937.8100,9937.8100,0.0000,-62.1900,0.0000,5.0300,2,2,1,1,2,0.5000,62.1900,-0.0062,2,0,1760068800,1760097600
sim-b002-011,batch-002,favorite_band,favorite-band-b002-011,nobel_settled,246,9937.8100,9937.8100,0.0000,-62.1900,0.0000,5.0300,2,2,1,1,2,0.5000,62.1900,-0.0062,2,0,1760068800,1760097600
sim-b002-012,batch-002,favorite_band,favorite-band-b002-012,nobel_settled,246,9937.8100,9937.8100,0.0000,-62.1900,0.0000,5.0300,2,2,1,1,2,0.5000,62.1900,-0.0062,2,0,1760068800,1760097600
sim-b002-016,batch-002,favorite_band,favorite-band-b002-016,nobel_settled,246,9937.8100,9937.8100,0.0000,-62.1900,0.0000,5.0300,2,2,1,1,2,0.5000,62.1900,-0.0062,2,0,1760068800,1760097600
sim-b002-017,batch-002,favorite_band,favorite-band-b002-017,nobel_settled,246,9937.8100,9937.8100,0.0000,-62.1900,0.0000,5.0300,2,2,1,1,2,0.5000,62.1900,-0.0062,2,0,1760068800,1760097600
sim-b010-097,batch-010,slice_band,slice-band-b010-097,nobel_settled,246,9937.8100,9937.8100,0.0000,-62.1900,0.0000,5.0300,2,2,1,1,2,0.5000,62.1900,-0.0062,2,0,1760068800,1760097600
sim-b010-098,batch-010,slice_band,slice-band-b010-098,nobel_settled,255,9937.1200,9937.1200,0.0000,-62.8800,0.0000,5.5200,2,2,1,1,2,0.5000,62.8800,-0.0063,2,0,1760054400,1760068800
sim-b001-079,batch-001,null_model,null-model-b001-079,nobel_settled,256,9903.2000,9903.2000,0.0000,-96.8000,0.0000,86.8400,58,58,23,35,58,0.3966,3265.8000,-0.0097,58,0,1694404800,1760576400
sim-b007-050,batch-007,take_profit_favorite,take-profit-favorite-b007-050,nobel_settled,257,9899.5000,9899.5000,0.0000,-100.5000,0.0000,1.0500,1,1,0,1,1,0.0000,100.5000,-0.0101,1,0,1760119200,1760119200
sim-b007-055,batch-007,take_profit_favorite,take-profit-favorite-b007-055,nobel_settled,257,9899.5000,9899.5000,0.0000,-100.5000,0.0000,1.0500,1,1,0,1,1,0.0000,100.5000,-0.0101,1,0,1760119200,1760119200
sim-b007-060,batch-007,take_profit_favorite,take-profit-favorite-b007-060,nobel_settled,257,9899.5000,9899.5000,0.0000,-100.5000,0.0000,1.0500,1,1,0,1,1,0.0000,100.5000,-0.0101,1,0,1760119200,1760119200
sim-b007-065,batch-007,take_profit_favorite,take-profit-favorite-b007-065,nobel_settled,257,9899.5000,9899.5000,0.0000,-100.5000,0.0000,1.0500,1,1,0,1,1,0.0000,100.5000,-0.0101,1,0,1760119200,1760119200
sim-b007-070,batch-007,take_profit_favorite,take-profit-favorite-b007-070,nobel_settled,257,9899.5000,9899.5000,0.0000,-100.5000,0.0000,1.0500,1,1,0,1,1,0.0000,100.5000,-0.0101,1,0,1760119200,1760119200
sim-b009-045,batch-009,entry_timing_band,entry-timing-band-b009-045,nobel_settled,257,9899.5000,9899.5000,0.0000,-100.5000,0.0000,1.0500,1,1,0,1,1,0.0000,100.5000,-0.0101,1,0,1760119200,1760119200
sim-b009-046,batch-009,entry_timing_band,entry-timing-band-b009-046,nobel_settled,257,9899.5000,9899.5000,0.0000,-100.5000,0.0000,1.0500,1,1,0,1,1,0.0000,100.5000,-0.0101,1,0,1760119200,1760119200
sim-b009-055,batch-009,entry_timing_band,entry-timing-band-b009-055,nobel_settled,257,9899.5000,9899.5000,0.0000,-100.5000,0.0000,1.0500,1,1,0,1,1,0.0000,100.5000,-0.0101,1,0,1760119200,1760119200
sim-b009-056,batch-009,entry_timing_band,entry-timing-band-b009-056,nobel_settled,257,9899.5000,9899.5000,0.0000,-100.5000,0.0000,1.0500,1,1,0,1,1,0.0000,100.5000,-0.0101,1,0,1760119200,1760119200
sim-b009-065,batch-009,entry_timing_band,entry-timing-band-b009-065,nobel_settled,257,9899.5000,9899.5000,0.0000,-100.5000,0.0000,1.0500,1,1,0,1,1,0.0000,100.5000,-0.0101,1,0,1760119200,1760119200
sim-b009-066,batch-009,entry_timing_band,entry-timing-band-b009-066,nobel_settled,257,9899.5000,9899.5000,0.0000,-100.5000,0.0000,1.0500,1,1,0,1,1,0.0000,100.5000,-0.0101,1,0,1760119200,1760119200
sim-b009-075,batch-009,entry_timing_band,entry-timing-band-b009-075,nobel_settled,257,9899.5000,9899.5000,0.0000,-100.5000,0.0000,1.0500,1,1,0,1,1,0.0000,100.5000,-0.0101,1,0,1760119200,1760119200
sim-b009-076,batch-009,entry_timing_band,entry-timing-band-b009-076,nobel_settled,257,9899.5000,9899.5000,0.0000,-100.5000,0.0000,1.0500,1,1,0,1,1,0.0000,100.5000,-0.0101,1,0,1760119200,1760119200
sim-b009-085,batch-009,entry_timing_band,entry-timing-band-b009-085,nobel_settled,257,9899.5000,9899.5000,0.0000,-100.5000,0.0000,1.0500,1,1,0,1,1,0.0000,100.5000,-0.0101,1,0,1760119200,1760119200
sim-b009-086,batch-009,entry_timing_band,entry-timing-band-b009-086,nobel_settled,257,9899.5000,9899.5000,0.0000,-100.5000,0.0000,1.0500,1,1,0,1,1,0.0000,100.5000,-0.0101,1,0,1760119200,1760119200
sim-b010-067,batch-010,favorite_band_wide,favorite-band-wide-b010-067,nobel_settled,272,9898.9900,9898.9900,0.0000,-101.0100,0.0000,1.4700,1,1,0,1,1,0.0000,101.0100,-0.0101,1,0,1760090400,1760090400
sim-b010-068,batch-010,favorite_band_wide,favorite-band-wide-b010-068,nobel_settled,272,9898.9900,9898.9900,0.0000,-101.0100,0.0000,1.4700,1,1,0,1,1,0.0000,101.0100,-0.0101,1,0,1760090400,1760090400
sim-b010-069,batch-010,favorite_band_wide,favorite-band-wide-b010-069,nobel_settled,272,9898.9900,9898.9900,0.0000,-101.0100,0.0000,1.4700,1,1,0,1,1,0.0000,101.0100,-0.0101,1,0,1760090400,1760090400
sim-b010-070,batch-010,favorite_band_wide,favorite-band-wide-b010-070,nobel_settled,272,9898.9900,9898.9900,0.0000,-101.0100,0.0000,1.4700,1,1,0,1,1,0.0000,101.0100,-0.0101,1,0,1760090400,1760090400
sim-b010-071,batch-010,favorite_band_wide,favorite-band-wide-b010-071,nobel_settled,272,9898.9900,9898.9900,0.0000,-101.0100,0.0000,1.4700,1,1,0,1,1,0.0000,101.0100,-0.0101,1,0,1760090400,1760090400
sim-b010-072,batch-010,favorite_band_wide,favorite-band-wide-b010-072,nobel_settled,272,9898.9900,9898.9900,0.0000,-101.0100,0.0000,1.4700,1,1,0,1,1,0.0000,101.0100,-0.0101,1,0,1760090400,1760090400
sim-b002-081,batch-002,favorite_band,favorite-band-b002-081,nobel_settled,278,9898.5000,9898.5000,0.0000,-101.5000,0.0000,1.7500,1,1,0,1,1,0.0000,101.5000,-0.0102,1,0,1760115600,1760115600
sim-b002-082,batch-002,favorite_band,favorite-band-b002-082,nobel_settled,278,9898.5000,9898.5000,0.0000,-101.5000,0.0000,1.7500,1,1,0,1,1,0.0000,101.5000,-0.0102,1,0,1760115600,1760115600
sim-b002-083,batch-002,favorite_band,favorite-band-b002-083,nobel_settled,278,9898.5000,9898.5000,0.0000,-101.5000,0.0000,1.7500,1,1,0,1,1,0.0000,101.5000,-0.0102,1,0,1760115600,1760115600
sim-b002-084,batch-002,favorite_band,favorite-band-b002-084,nobel_settled,278,9898.5000,9898.5000,0.0000,-101.5000,0.0000,1.7500,1,1,0,1,1,0.0000,101.5000,-0.0102,1,0,1760115600,1760115600
sim-b002-085,batch-002,favorite_band,favorite-band-b002-085,nobel_settled,278,9898.5000,9898.5000,0.0000,-101.5000,0.0000,1.7500,1,1,0,1,1,0.0000,101.5000,-0.0102,1,0,1760115600,1760115600
sim-b002-086,batch-002,favorite_band,favorite-band-b002-086,nobel_settled,278,9898.5000,9898.5000,0.0000,-101.5000,0.0000,1.7500,1,1,0,1,1,0.0000,101.5000,-0.0102,1,0,1760115600,1760115600
sim-b002-087,batch-002,favorite_band,favorite-band-b002-087,nobel_settled,278,9898.5000,9898.5000,0.0000,-101.5000,0.0000,1.7500,1,1,0,1,1,0.0000,101.5000,-0.0102,1,0,1760115600,1760115600
sim-b002-088,batch-002,favorite_band,favorite-band-b002-088,nobel_settled,278,9898.5000,9898.5000,0.0000,-101.5000,0.0000,1.7500,1,1,0,1,1,0.0000,101.5000,-0.0102,1,0,1760115600,1760115600
sim-b002-089,batch-002,favorite_band,favorite-band-b002-089,nobel_settled,278,9898.5000,9898.5000,0.0000,-101.5000,0.0000,1.7500,1,1,0,1,1,0.0000,101.5000,-0.0102,1,0,1760115600,1760115600
sim-b002-090,batch-002,favorite_band,favorite-band-b002-090,nobel_settled,278,9898.5000,9898.5000,0.0000,-101.5000,0.0000,1.7500,1,1,0,1,1,0.0000,101.5000,-0.0102,1,0,1760115600,1760115600
sim-b002-091,batch-002,favorite_band,favorite-band-b002-091,nobel_settled,278,9898.5000,9898.5000,0.0000,-101.5000,0.0000,1.7500,1,1,0,1,1,0.0000,101.5000,-0.0102,1,0,1760115600,1760115600
sim-b002-092,batch-002,favorite_band,favorite-band-b002-092,nobel_settled,278,9898.5000,9898.5000,0.0000,-101.5000,0.0000,1.7500,1,1,0,1,1,0.0000,101.5000,-0.0102,1,0,1760115600,1760115600
sim-b002-093,batch-002,favorite_band,favorite-band-b002-093,nobel_settled,278,9898.5000,9898.5000,0.0000,-101.5000,0.0000,1.7500,1,1,0,1,1,0.0000,101.5000,-0.0102,1,0,1760115600,1760115600
sim-b002-094,batch-002,favorite_band,favorite-band-b002-094,nobel_settled,278,9898.5000,9898.5000,0.0000,-101.5000,0.0000,1.7500,1,1,0,1,1,0.0000,101.5000,-0.0102,1,0,1760115600,1760115600
sim-b002-095,batch-002,favorite_band,favorite-band-b002-095,nobel_settled,278,9898.5000,9898.5000,0.0000,-101.5000,0.0000,1.7500,1,1,0,1,1,0.0000,101.5000,-0.0102,1,0,1760115600,1760115600
sim-b002-096,batch-002,favorite_band,favorite-band-b002-096,nobel_settled,278,9898.5000,9898.5000,0.0000,-101.5000,0.0000,1.7500,1,1,0,1,1,0.0000,101.5000,-0.0102,1,0,1760115600,1760115600
sim-b002-097,batch-002,favorite_band,favorite-band-b002-097,nobel_settled,278,9898.5000,9898.5000,0.0000,-101.5000,0.0000,1.7500,1,1,0,1,1,0.0000,101.5000,-0.0102,1,0,1760115600,1760115600
sim-b002-098,batch-002,favorite_band,favorite-band-b002-098,nobel_settled,278,9898.5000,9898.5000,0.0000,-101.5000,0.0000,1.7500,1,1,0,1,1,0.0000,101.5000,-0.0102,1,0,1760115600,1760115600
sim-b002-099,batch-002,favorite_band,favorite-band-b002-099,nobel_settled,278,9898.5000,9898.5000,0.0000,-101.5000,0.0000,1.7500,1,1,0,1,1,0.0000,101.5000,-0.0102,1,0,1760115600,1760115600
sim-b002-100,batch-002,favorite_band,favorite-band-b002-100,nobel_settled,278,9898.5000,9898.5000,0.0000,-101.5000,0.0000,1.7500,1,1,0,1,1,0.0000,101.5000,-0.0102,1,0,1760115600,1760115600
sim-b007-059,batch-007,take_profit_favorite,take-profit-favorite-b007-059,nobel_settled,278,9898.5000,9898.5000,0.0000,-101.5000,0.0000,1.7500,1,1,0,1,1,0.0000,101.5000,-0.0102,1,0,1760115600,1760115600
sim-b007-064,batch-007,take_profit_favorite,take-profit-favorite-b007-064,nobel_settled,278,9898.5000,9898.5000,0.0000,-101.5000,0.0000,1.7500,1,1,0,1,1,0.0000,101.5000,-0.0102,1,0,1760115600,1760115600
sim-b007-069,batch-007,take_profit_favorite,take-profit-favorite-b007-069,nobel_settled,278,9898.5000,9898.5000,0.0000,-101.5000,0.0000,1.7500,1,1,0,1,1,0.0000,101.5000,-0.0102,1,0,1760115600,1760115600
sim-b008-055,batch-008,volatility_gate,volatility-gate-b008-055,nobel_settled,278,9898.5000,9898.5000,0.0000,-101.5000,0.0000,1.7500,1,1,0,1,1,0.0000,101.5000,-0.0102,1,0,1760115600,1760115600
sim-b009-043,batch-009,entry_timing_band,entry-timing-band-b009-043,nobel_settled,278,9898.5000,9898.5000,0.0000,-101.5000,0.0000,1.7500,1,1,0,1,1,0.0000,101.5000,-0.0102,1,0,1760115600,1760115600
sim-b009-044,batch-009,entry_timing_band,entry-timing-band-b009-044,nobel_settled,278,9898.5000,9898.5000,0.0000,-101.5000,0.0000,1.7500,1,1,0,1,1,0.0000,101.5000,-0.0102,1,0,1760115600,1760115600
sim-b009-053,batch-009,entry_timing_band,entry-timing-band-b009-053,nobel_settled,278,9898.5000,9898.5000,0.0000,-101.5000,0.0000,1.7500,1,1,0,1,1,0.0000,101.5000,-0.0102,1,0,1760115600,1760115600
sim-b009-054,batch-009,entry_timing_band,entry-timing-band-b009-054,nobel_settled,278,9898.5000,9898.5000,0.0000,-101.5000,0.0000,1.7500,1,1,0,1,1,0.0000,101.5000,-0.0102,1,0,1760115600,1760115600
sim-b009-063,batch-009,entry_timing_band,entry-timing-band-b009-063,nobel_settled,278,9898.5000,9898.5000,0.0000,-101.5000,0.0000,1.7500,1,1,0,1,1,0.0000,101.5000,-0.0102,1,0,1760115600,1760115600
sim-b009-064,batch-009,entry_timing_band,entry-timing-band-b009-064,nobel_settled,278,9898.5000,9898.5000,0.0000,-101.5000,0.0000,1.7500,1,1,0,1,1,0.0000,101.5000,-0.0102,1,0,1760115600,1760115600
sim-b009-073,batch-009,entry_timing_band,entry-timing-band-b009-073,nobel_settled,278,9898.5000,9898.5000,0.0000,-101.5000,0.0000,1.7500,1,1,0,1,1,0.0000,101.5000,-0.0102,1,0,1760115600,1760115600
sim-b009-074,batch-009,entry_timing_band,entry-timing-band-b009-074,nobel_settled,278,9898.5000,9898.5000,0.0000,-101.5000,0.0000,1.7500,1,1,0,1,1,0.0000,101.5000,-0.0102,1,0,1760115600,1760115600
sim-b009-083,batch-009,entry_timing_band,entry-timing-band-b009-083,nobel_settled,278,9898.5000,9898.5000,0.0000,-101.5000,0.0000,1.7500,1,1,0,1,1,0.0000,101.5000,-0.0102,1,0,1760115600,1760115600
sim-b009-084,batch-009,entry_timing_band,entry-timing-band-b009-084,nobel_settled,278,9898.5000,9898.5000,0.0000,-101.5000,0.0000,1.7500,1,1,0,1,1,0.0000,101.5000,-0.0102,1,0,1760115600,1760115600
sim-b008-053,batch-008,volatility_gate,volatility-gate-b008-053,nobel_settled,312,9897.3100,9897.3100,0.0000,-102.6900,0.0000,3.1400,1,1,0,1,1,0.0000,102.6900,-0.0103,1,0,1760101200,1760101200
sim-b008-056,batch-008,volatility_gate,volatility-gate-b008-056,nobel_settled,312,9897.3100,9897.3100,0.0000,-102.6900,0.0000,3.1400,1,1,0,1,1,0.0000,102.6900,-0.0103,1,0,1760101200,1760101200
sim-b001-074,batch-001,null_model,null-model-b001-074,nobel_settled,314,9884.6600,9884.6600,0.0000,-115.3400,0.0000,37.9900,28,28,13,15,28,0.4643,1879.3400,-0.0115,28,0,1735621200,1760655600
sim-b009-007,batch-009,breakout_hold,breakout-hold-b009-007,nobel_settled,315,9880.4000,9880.4000,0.0000,-119.6000,0.0000,59.7700,14,14,2,12,14,0.1429,1119.6000,-0.0120,14,0,1696305600,1760065200
sim-b009-008,batch-009,breakout_hold,breakout-hold-b009-008,nobel_settled,315,9880.4000,9880.4000,0.0000,-119.6000,0.0000,59.7700,14,14,2,12,14,0.1429,1119.6000,-0.0120,14,0,1696305600,1760065200
sim-b009-009,batch-009,breakout_hold,breakout-hold-b009-009,nobel_settled,315,9880.4000,9880.4000,0.0000,-119.6000,0.0000,59.7700,14,14,2,12,14,0.1429,1119.6000,-0.0120,14,0,1696305600,1760065200
sim-b001-069,batch-001,null_model,null-model-b001-069,nobel_settled,318,9871.1100,9871.1100,0.0000,-128.8900,0.0000,45.4100,32,32,12,20,32,0.3750,1807.8900,-0.0129,32,0,1734843600,1760623200
sim-b001-017,batch-001,null_model,null-model-b001-017,nobel_settled,319,9859.0200,9859.0200,0.0000,-140.9800,0.0000,61.3500,49,49,27,22,49,0.5510,3434.9800,-0.0141,49,0,1696046400,1760630400
sim-b001-007,batch-001,null_model,null-model-b001-007,nobel_settled,320,9856.6100,9856.6100,0.0000,-143.3900,0.0000,90.1600,55,55,23,32,55,0.4182,3471.3900,-0.0143,55,0,1692849600,1760644800
sim-b001-006,batch-001,null_model,null-model-b001-006,nobel_settled,321,9851.4400,9851.4400,0.0000,-148.5600,0.0000,58.6900,45,45,19,26,45,0.4222,2503.5600,-0.0149,45,0,1694059200,1760551200
sim-b001-020,batch-001,null_model,null-model-b001-020,nobel_settled,322,9847.4300,9847.4300,0.0000,-152.5700,0.0000,73.3000,57,57,21,36,57,0.3684,3147.5700,-0.0153,57,0,1693972800,1760644800
sim-b001-052,batch-001,null_model,null-model-b001-052,nobel_settled,323,9835.3000,9835.3000,0.0000,-164.7000,0.0000,53.8400,37,37,17,20,37,0.4595,2394.7000,-0.0165,37,0,1738213200,1760594400
sim-b006-097,batch-006,mean_reversion,mean-reversion-b006-097,nobel_settled,324,9833.6700,9833.6700,0.0000,-166.3300,0.0000,34.0600,9,3,1,5,6,0.1667,167.9000,-0.0166,5,0,1750478400,1760349600
sim-b006-037,batch-006,mean_reversion,mean-reversion-b006-037,nobel_settled,325,9827.2400,9827.2400,0.0000,-172.7600,0.0000,47.4600,12,4,1,7,8,0.1250,211.7200,-0.0173,7,0,1739509200,1760349600
sim-b001-059,batch-001,null_model,null-model-b001-059,nobel_settled,326,9824.7200,9824.7200,0.0000,-175.2800,0.0000,49.4400,33,33,17,16,33,0.5152,2264.2800,-0.0175,33,0,1692158400,1760652000
sim-b006-057,batch-006,mean_reversion,mean-reversion-b006-057,nobel_settled,327,9813.1100,9813.1100,0.0000,-186.8900,0.0000,37.6500,10,4,1,6,7,0.1429,193.2200,-0.0187,6,0,1750478400,1760349600
sim-b006-077,batch-006,mean_reversion,mean-reversion-b006-077,nobel_settled,328,9812.8800,9812.8800,0.0000,-187.1200,0.0000,34.8500,10,4,1,6,7,0.1429,193.4500,-0.0187,6,0,1750478400,1760349600
sim-b001-067,batch-001,null_model,null-model-b001-067,nobel_settled,329,9772.2600,9772.2600,0.0000,-227.7400,0.0000,24.7900,22,22,10,12,22,0.4545,1322.7400,-0.0228,22,0,1734325200,1760634000
sim-b006-098,batch-006,mean_reversion,mean-reversion-b006-098,nobel_settled,330,9770.2300,9770.2300,0.0000,-229.7700,0.0000,52.7400,13,3,1,7,8,0.1250,229.7700,-0.0230,6,0,1737781200,1760349600
sim-b006-099,batch-006,mean_reversion,mean-reversion-b006-099,nobel_settled,330,9770.2300,9770.2300,0.0000,-229.7700,0.0000,52.7400,13,3,1,7,8,0.1250,229.7700,-0.0230,6,0,1737781200,1760349600
sim-b006-100,batch-006,mean_reversion,mean-reversion-b006-100,nobel_settled,330,9770.2300,9770.2300,0.0000,-229.7700,0.0000,52.7400,13,3,1,7,8,0.1250,229.7700,-0.0230,6,0,1737781200,1760349600
sim-b001-026,batch-001,null_model,null-model-b001-026,nobel_settled,333,9766.2000,9766.2000,0.0000,-233.8000,0.0000,57.1900,52,52,28,24,52,0.5385,3600.8000,-0.0234,52,0,1692244800,1760634000
sim-b006-059,batch-006,mean_reversion,mean-reversion-b006-059,nobel_settled,334,9766.0200,9766.0200,0.0000,-233.9800,0.0000,66.6400,18,4,3,8,11,0.2727,233.9800,-0.0234,8,0,1737435600,1760349600
sim-b006-060,batch-006,mean_reversion,mean-reversion-b006-060,nobel_settled,334,9766.0200,9766.0200,0.0000,-233.9800,0.0000,66.6400,18,4,3,8,11,0.2727,233.9800,-0.0234,8,0,1737435600,1760349600
sim-b001-065,batch-001,null_model,null-model-b001-065,nobel_settled,336,9756.7400,9756.7400,0.0000,-243.2600,0.0000,45.3800,30,30,14,16,30,0.4667,2113.2600,-0.0243,30,0,1693022400,1760641200
sim-b001-005,batch-001,null_model,null-model-b001-005,nobel_settled,337,9754.3200,9754.3200,0.0000,-245.6800,0.0000,87.3500,59,59,21,38,59,0.3559,3151.6800,-0.0246,59,0,1692763200,1760590800
sim-b001-062,batch-001,null_model,null-model-b001-062,nobel_settled,338,9753.0000,9753.0000,0.0000,-247.0000,0.0000,50.1500,32,32,11,21,32,0.3438,1857.0000,-0.0247,32,0,1738213200,1760630400
sim-b006-053,batch-006,mean_reversion,mean-reversion-b006-053,nobel_settled,339,9752.0900,9752.0900,0.0000,-247.9100,0.0000,68.1400,17,5,3,8,11,0.2727,301.3800,-0.0248,8,0,1739509200,1760349600
sim-b006-058,batch-006,mean_reversion,mean-reversion-b006-058,nobel_settled,340,9750.6600,9750.6600,0.0000,-249.3400,0.0000,61.0000,16,4,2,8,10,0.2000,249.3400,-0.0249,8,0,1737608400,1760349600
sim-b001-076,batch-001,null_model,null-model-b001-076,nobel_settled,341,9750.4500,9750.4500,0.0000,-249.5500,0.0000,86.8800,60,60,25,35,60,0.4167,3704.5500,-0.0250,60,0,1692158400,1760508000
sim-b001-030,batch-001,null_model,null-model-b001-030,nobel_settled,342,9748.1000,9748.1000,0.0000,-251.9000,0.0000,55.6600,50,50,24,26,50,0.4800,3183.9000,-0.0252,50,0,1732942800,1760616000
sim-b001-084,batch-001,null_model,null-model-b001-084,nobel_settled,343,9747.8200,9747.8200,0.0000,-252.1800,0.0000,90.8300,59,59,24,35,59,0.4068,3595.1800,-0.0252,59,0,1692244800,1760648400
sim-b001-089,batch-001,null_model,null-model-b001-089,nobel_settled,344,9741.8700,9741.8700,0.0000,-258.1300,0.0000,90.6600,58,58,21,37,58,0.3621,3181.1300,-0.0258,58,0,1693972800,1760659200
sim-b006-033,batch-006,mean_reversion,mean-reversion-b006-033,nobel_settled,345,9738.6800,9738.6800,0.0000,-261.3200,0.0000,57.1400,15,5,2,8,10,0.2000,300.2800,-0.0261,8,0,1739509200,1760349600
sim-b001-011,batch-001,null_model,null-model-b001-011,nobel_settled,346,9737.6100,9737.6100,0.0000,-262.3900,0.0000,63.9800,47,47,18,29,47,0.3830,2614.3900,-0.0262,47,0,1696478400,1760562000
sim-b010-099,batch-010,slice_band,slice-band-b010-099,nobel_settled,347,9729.8400,9729.8400,0.0000,-270.1600,0.0000,13.2100,4,4,1,3,4,0.2500,270.1600,-0.0270,4,0,1739682000,1760068800
sim-b010-100,batch-010,slice_band,slice-band-b010-100,nobel_settled,347,9729.8400,9729.8400,0.0000,-270.1600,0.0000,13.2100,4,4,1,3,4,0.2500,270.1600,-0.0270,4,0,1739682000,1760068800
sim-b006-039,batch-006,mean_reversion,mean-reversion-b006-039,nobel_settled,349,9728.4800,9728.4800,0.0000,-271.5200,0.0000,67.2200,18,4,2,9,11,0.1818,271.5200,-0.0272,8,0,1737435600,1760349600
sim-b009-022,batch-009,breakout_hold,breakout-hold-b009-022,nobel_settled,350,9725.9100,9725.9100,0.0000,-274.0900,0.0000,14.1000,3,3,0,3,3,0.0000,274.0900,-0.0274,3,0,1744603200,1759550400
sim-b009-034,batch-009,breakout_hold,breakout-hold-b009-034,nobel_settled,350,9725.9100,9725.9100,0.0000,-274.0900,0.0000,14.1000,3,3,0,3,3,0.0000,274.0900,-0.0274,3,0,1744603200,1759550400
sim-b006-038,batch-006,mean_reversion,mean-reversion-b006-038,nobel_settled,352,9713.1200,9713.1200,0.0000,-286.8800,0.0000,61.5800,16,4,1,9,10,0.1000,286.8800,-0.0287,8,0,1737608400,1760349600
sim-b006-054,batch-006,mean_reversion,mean-reversion-b006-054,nobel_settled,353,9697.3100,9697.3100,0.0000,-302.6900,0.0000,108.1400,27,5,5,11,16,0.3125,303.1200,-0.0303,9,0,1737608400,1760349600
sim-b006-078,batch-006,mean_reversion,mean-reversion-b006-078,nobel_settled,354,9693.4600,9693.4600,0.0000,-306.5400,0.0000,59.7500,16,4,1,9,10,0.1000,306.5400,-0.0307,8,0,1737608400,1760349600
sim-b006-079,batch-006,mean_reversion,mean-reversion-b006-079,nobel_settled,354,9693.4600,9693.4600,0.0000,-306.5400,0.0000,59.7500,16,4,1,9,10,0.1000,306.5400,-0.0307,8,0,1737608400,1760349600
sim-b006-080,batch-006,mean_reversion,mean-reversion-b006-080,nobel_settled,354,9693.4600,9693.4600,0.0000,-306.5400,0.0000,59.7500,16,4,1,9,10,0.1000,306.5400,-0.0307,8,0,1737608400,1760349600
sim-b006-073,batch-006,mean_reversion,mean-reversion-b006-073,nobel_settled,357,9681.1900,9681.1900,0.0000,-318.8100,0.0000,54.8900,15,5,2,8,10,0.2000,318.8100,-0.0319,8,0,1740286800,1760392800
sim-b006-040,batch-006,mean_reversion,mean-reversion-b006-040,nobel_settled,358,9680.7200,9680.7200,0.0000,-319.2800,0.0000,64.9800,18,4,1,10,11,0.0909,319.2800,-0.0319,8,0,1737435600,1760349600
sim-b006-017,batch-006,mean_reversion,mean-reversion-b006-017,nobel_settled,359,9671.4600,9671.4600,0.0000,-328.5400,0.0000,63.9600,15,5,1,9,10,0.1000,367.5000,-0.0329,8,0,1739509200,1760349600
sim-b006-093,batch-006,mean_reversion,mean-reversion-b006-093,nobel_settled,360,9666.5900,9666.5900,0.0000,-333.4100,0.0000,51.1600,14,6,1,9,10,0.1000,333.4100,-0.0333,8,0,1740286800,1760382000
sim-b001-060,batch-001,null_model,null-model-b001-060,nobel_settled,361,9662.5500,9662.5500,0.0000,-337.4500,0.0000,60.4000,36,36,17,19,36,0.4722,2440.4500,-0.0337,36,0,1695787200,1760569200
sim-b006-055,batch-006,mean_reversion,mean-reversion-b006-055,nobel_settled,362,9652.9700,9652.9700,0.0000,-347.0300,0.0000,117.4400,29,5,5,12,17,0.2941,347.0300,-0.0347,10,0,1695268800,1760349600
sim-b001-090,batch-001,null_model,null-model-b001-090,nobel_settled,363,9648.7700,9648.7700,0.0000,-351.2300,0.0000,84.7300,60,60,22,38,60,0.3667,3449.2300,-0.0351,60,0,1693972800,1760594400
sim-b001-057,batch-001,null_model,null-model-b001-057,nobel_settled,364,9642.3400,9642.3400,0.0000,-357.6600,0.0000,55.9300,29,29,10,19,29,0.3448,1814.6600,-0.0358,29,0,1733202000,1760630400
sim-b009-023,batch-009,breakout_hold,breakout-hold-b009-023,nobel_settled,365,9624.4100,9624.4100,0.0000,-375.5900,0.0000,15.8500,4,4,0,4,4,0.0000,375.5900,-0.0376,4,0,1744603200,1760115600
sim-b009-024,batch-009,breakout_hold,breakout-hold-b009-024,nobel_settled,365,9624.4100,9624.4100,0.0000,-375.5900,0.0000,15.8500,4,4,0,4,4,0.0000,375.5900,-0.0376,4,0,1744603200,1760115600
sim-b009-035,batch-009,breakout_hold,breakout-hold-b009-035,nobel_settled,365,9624.4100,9624.4100,0.0000,-375.5900,0.0000,15.8500,4,4,0,4,4,0.0000,375.5900,-0.0376,4,0,1744603200,1760115600
sim-b009-036,batch-009,breakout_hold,breakout-hold-b009-036,nobel_settled,365,9624.4100,9624.4100,0.0000,-375.5900,0.0000,15.8500,4,4,0,4,4,0.0000,375.5900,-0.0376,4,0,1744603200,1760115600
sim-b009-010,batch-009,breakout_hold,breakout-hold-b009-010,nobel_settled,369,9621.8900,9621.8900,0.0000,-378.1100,0.0000,18.1600,4,4,0,4,4,0.0000,378.1100,-0.0378,4,0,1744603200,1760065200
sim-b009-011,batch-009,breakout_hold,breakout-hold-b009-011,nobel_settled,369,9621.8900,9621.8900,0.0000,-378.1100,0.0000,18.1600,4,4,0,4,4,0.0000,378.1100,-0.0378,4,0,1744603200,1760065200
sim-b009-012,batch-009,breakout_hold,breakout-hold-b009-012,nobel_settled,369,9621.8900,9621.8900,0.0000,-378.1100,0.0000,18.1600,4,4,0,4,4,0.0000,378.1100,-0.0378,4,0,1744603200,1760065200
sim-b006-013,batch-006,mean_reversion,mean-reversion-b006-013,nobel_settled,372,9613.4000,9613.4000,0.0000,-386.6000,0.0000,77.0200,19,5,1,11,12,0.0833,425.5600,-0.0387,9,0,1739509200,1760349600
sim-b001-014,batch-001,null_model,null-model-b001-014,nobel_settled,373,9608.6600,9608.6600,0.0000,-391.3400,0.0000,68.2500,47,47,20,27,47,0.4255,2933.3400,-0.0391,47,0,1734066000,1760637600
sim-b006-034,batch-006,mean_reversion,mean-reversion-b006-034,nobel_settled,374,9606.7900,9606.7900,0.0000,-393.2100,0.0000,106.8800,27,5,3,13,16,0.1875,393.2100,-0.0393,9,0,1737608400,1760349600
sim-b001-009,batch-001,null_model,null-model-b001-009,nobel_settled,375,9601.5200,9601.5200,0.0000,-398.4800,0.0000,61.1800,51,51,20,31,51,0.3922,2890.4800,-0.0398,51,0,1693540800,1760590800
sim-b006-056,batch-006,mean_reversion,mean-reversion-b006-056,nobel_settled,376,9581.0700,9581.0700,0.0000,-418.9300,0.0000,114.3400,29,5,4,13,17,0.2353,418.9300,-0.0419,10,0,1695268800,1760349600
sim-b001-015,batch-001,null_model,null-model-b001-015,nobel_settled,377,9573.3000,9573.3000,0.0000,-426.7000,0.0000,70.5000,51,51,20,31,51,0.3922,2862.7000,-0.0427,51,0,1692244800,1760626800
sim-b006-049,batch-006,mean_reversion,mean-reversion-b006-049,nobel_settled,378,9572.8600,9572.8600,0.0000,-427.1400,0.0000,142.3800,34,6,4,16,20,0.2000,480.6100,-0.0427,9,0,1739509200,1760392800
sim-b006-095,batch-006,mean_reversion,mean-reversion-b006-095,nobel_settled,379,9566.2600,9566.2600,0.0000,-433.7400,0.0000,76.7300,21,5,1,12,13,0.0769,433.7400,-0.0434,9,0,1737781200,1760425200
sim-b006-096,batch-006,mean_reversion,mean-reversion-b006-096,nobel_settled,379,9566.2600,9566.2600,0.0000,-433.7400,0.0000,76.7300,21,5,1,12,13,0.0769,433.7400,-0.0434,9,0,1737781200,1760425200
sim-b006-029,batch-006,mean_reversion,mean-reversion-b006-029,nobel_settled,381,9564.5400,9564.5400,0.0000,-435.4600,0.0000,134.9100,35,7,4,17,21,0.1905,478.6900,-0.0435,11,0,1733115600,1760392800
sim-b006-069,batch-006,mean_reversion,mean-reversion-b006-069,nobel_settled,382,9564.2100,9564.2100,0.0000,-435.7900,0.0000,136.7200,33,7,3,17,20,0.1500,467.1500,-0.0436,11,0,1733374800,1760392800
sim-b006-035,batch-006,mean_reversion,mean-reversion-b006-035,nobel_settled,383,9562.4500,9562.4500,0.0000,-437.5500,0.0000,116.1800,29,5,3,14,17,0.1765,437.5500,-0.0438,10,0,1695268800,1760349600
sim-b006-074,batch-006,mean_reversion,mean-reversion-b006-074,nobel_settled,384,9561.7700,9561.7700,0.0000,-438.2300,0.0000,79.7900,21,5,2,11,13,0.1538,438.2300,-0.0438,9,0,1737608400,1760392800
sim-b006-094,batch-006,mean_reversion,mean-reversion-b006-094,nobel_settled,385,9556.9500,9556.9500,0.0000,-443.0500,0.0000,76.0400,20,6,1,12,13,0.0769,443.0500,-0.0443,9,0,1737781200,1760382000
sim-b001-053,batch-001,null_model,null-model-b001-053,nobel_settled,386,9554.3100,9554.3100,0.0000,-445.6900,0.0000,39.1800,28,28,14,14,28,0.5000,2004.6900,-0.0446,28,0,1734152400,1760634000
sim-b001-018,batch-001,null_model,null-model-b001-018,nobel_settled,387,9547.9000,9547.9000,0.0000,-452.1000,0.0000,65.1600,51,51,23,28,51,0.4510,3283.1000,-0.0452,51,0,1692763200,1760659200
sim-b001-081,batch-001,null_model,null-model-b001-081,nobel_settled,388,9536.2600,9536.2600,0.0000,-463.7400,0.0000,99.8700,60,60,21,39,60,0.3500,3364.7400,-0.0464,60,0,1692763200,1760562000
sim-b006-020,batch-006,mean_reversion,mean-reversion-b006-020,nobel_settled,389,9535.4400,9535.4400,0.0000,-464.5600,0.0000,100.4800,25,5,2,13,15,0.1333,464.5600,-0.0465,10,0,1733029200,1760349600
sim-b004-082,batch-004,momentum,momentum-b004-082,nobel_settled,390,9534.1000,9534.1000,0.0000,-465.9000,0.0000,289.0700,119,25,22,50,72,0.3056,3184.9000,-0.0466,25,0,1695268800,1760349600
sim-b004-083,batch-004,momentum,momentum-b004-083,nobel_settled,390,9534.1000,9534.1000,0.0000,-465.9000,0.0000,289.0700,119,25,22,50,72,0.3056,3184.9000,-0.0466,25,0,1695268800,1760349600
sim-b010-005,batch-010,tight_value_ranged,tight-value-ranged-b010-005,nobel_settled,392,9531.5600,9531.5600,0.0000,-468.4400,0.0000,84.0600,36,36,2,34,36,0.0556,1468.4400,-0.0468,36,0,1694491200,1760353200
sim-b010-009,batch-010,tight_value_ranged,tight-value-ranged-b010-009,nobel_settled,392,9531.5600,9531.5600,0.0000,-468.4400,0.0000,84.0600,36,36,2,34,36,0.0556,1468.4400,-0.0468,36,0,1694491200,1760353200
sim-b010-013,batch-010,tight_value_ranged,tight-value-ranged-b010-013,nobel_settled,392,9531.5600,9531.5600,0.0000,-468.4400,0.0000,84.0600,36,36,2,34,36,0.0556,1468.4400,-0.0468,36,0,1694491200,1760353200
sim-b010-001,batch-010,tight_value_ranged,tight-value-ranged-b010-001,nobel_settled,395,9530.9500,9530.9500,0.0000,-469.0500,0.0000,84.4900,36,36,2,34,36,0.0556,1469.0500,-0.0469,36,0,1694491200,1760353200
sim-b006-018,batch-006,mean_reversion,mean-reversion-b006-018,nobel_settled,396,9528.7300,9528.7300,0.0000,-471.2700,0.0000,86.1900,21,5,1,12,13,0.0769,471.2700,-0.0471,9,0,1737608400,1760349600
sim-b004-084,batch-004,momentum,momentum-b004-084,nobel_settled,397,9528.2800,9528.2800,0.0000,-471.7200,0.0000,284.8900,117,25,22,49,71,0.3099,3190.7200,-0.0472,25,0,1695268800,1760349600
sim-b004-085,batch-004,momentum,momentum-b004-085,nobel_settled,398,9521.2800,9521.2800,0.0000,-478.7200,0.0000,284.4000,116,24,21,49,70,0.3000,3090.7200,-0.0479,24,0,1695268800,1760349600
sim-b001-036,batch-001,null_model,null-model-b001-036,nobel_settled,399,9520.4300,9520.4300,0.0000,-479.5700,0.0000,69.6500,53,53,22,31,53,0.4151,3187.5700,-0.0480,53,0,1694145600,1760608800
sim-b008-079,batch-008,relative_spread_value,relative-spread-value-b008-079,nobel_settled,400,9515.9400,9515.9400,0.0000,-484.0600,0.0000,27.4200,6,6,1,5,6,0.1667,484.0600,-0.0484,6,0,1694491200,1760068800
sim-b008-080,batch-008,relative_spread_value,relative-spread-value-b008-080,nobel_settled,400,9515.9400,9515.9400,0.0000,-484.0600,0.0000,27.4200,6,6,1,5,6,0.1667,484.0600,-0.0484,6,0,1694491200,1760068800
sim-b006-036,batch-006,mean_reversion,mean-reversion-b006-036,nobel_settled,402,9514.6900,9514.6900,0.0000,-485.3100,0.0000,113.9400,29,5,2,15,17,0.1176,485.3100,-0.0485,10,0,1695268800,1760349600
sim-b001-025,batch-001,null_model,null-model-b001-025,nobel_settled,403,9507.3400,9507.3400,0.0000,-492.6600,0.0000,71.1900,47,47,17,30,47,0.3617,2710.6600,-0.0493,47,0,1695873600,1760508000
sim-b001-061,batch-001,null_model,null-model-b001-061,nobel_settled,404,9507.0400,9507.0400,0.0000,-492.9600,0.0000,40.8000,29,29,9,20,29,0.3103,1487.9600,-0.0493,29,0,1693972800,1760630400
sim-b006-075,batch-006,mean_reversion,mean-reversion-b006-075,nobel_settled,405,9503.4500,9503.4500,0.0000,-496.5500,0.0000,88.1900,23,5,2,12,14,0.1429,496.5500,-0.0497,10,0,1695268800,1760392800
sim-b006-076,batch-006,mean_reversion,mean-reversion-b006-076,nobel_settled,405,9503.4500,9503.4500,0.0000,-496.5500,0.0000,88.1900,23,5,2,12,14,0.1429,496.5500,-0.0497,10,0,1695268800,1760392800
sim-b001-022,batch-001,null_model,null-model-b001-022,nobel_settled,407,9501.2000,9501.2000,0.0000,-498.8000,0.0000,75.1400,49,49,20,29,49,0.4082,2925.8000,-0.0499,49,0,1733806800,1760634000
sim-b001-013,batch-001,null_model,null-model-b001-013,nobel_settled,408,9497.0600,9497.0600,0.0000,-502.9400,0.0000,75.1300,52,52,20,32,52,0.3846,3093.9400,-0.0503,52,0,1695268800,1760562000
sim-b006-089,batch-006,mean_reversion,mean-reversion-b006-089,nobel_settled,409,9496.5100,9496.5100,0.0000,-503.4900,0.0000,121.2800,29,7,2,16,18,0.1111,503.4900,-0.0503,9,0,1738213200,1760374800
sim-b003-045,batch-003,longshot_band,longshot-band-b003-045,nobel_settled,410,9495.2100,9495.2100,0.0000,-504.7900,0.0000,89.7900,35,35,2,33,35,0.0571,1504.7900,-0.0505,35,0,1732856400,1760374800
sim-b001-056,batch-001,null_model,null-model-b001-056,nobel_settled,411,9495.1400,9495.1400,0.0000,-504.8600,0.0000,63.2800,36,36,7,29,36,0.1944,1527.8600,-0.0505,36,0,1692763200,1760590800
sim-b001-003,batch-001,null_model,null-model-b001-003,nobel_settled,412,9489.6400,9489.6400,0.0000,-510.3600,0.0000,74.3400,49,49,19,30,49,0.3878,3000.3600,-0.0510,49,0,1693540800,1760594400
sim-b006-019,batch-006,mean_reversion,mean-reversion-b006-019,nobel_settled,413,9482.1700,9482.1700,0.0000,-517.8300,0.0000,98.7500,25,5,2,13,15,0.1333,517.8300,-0.0518,10,0,1733029200,1760349600
sim-b001-035,batch-001,null_model,null-model-b001-035,nobel_settled,414,9480.2100,9480.2100,0.0000,-519.7900,0.0000,70.4800,55,55,21,34,55,0.3818,3125.7900,-0.0520,55,0,1696478400,1760623200
sim-b004-081,batch-004,momentum,momentum-b004-081,nobel_settled,415,9475.4500,9475.4500,0.0000,-524.5500,0.0000,294.0100,122,26,23,51,74,0.3108,3350.5500,-0.0525,26,0,1695268800,1760349600
sim-b008-077,batch-008,relative_spread_value,relative-spread-value-b008-077,nobel_settled,416,9475.4300,9475.4300,0.0000,-524.5700,0.0000,25.3300,5,5,0,5,5,0.0000,524.5700,-0.0525,5,0,1694491200,1760058000
sim-b008-078,batch-008,relative_spread_value,relative-spread-value-b008-078,nobel_settled,416,9475.4300,9475.4300,0.0000,-524.5700,0.0000,25.3300,5,5,0,5,5,0.0000,524.5700,-0.0525,5,0,1694491200,1760058000
sim-b008-076,batch-008,relative_spread_value,relative-spread-value-b008-076,nobel_settled,418,9475.3300,9475.3300,0.0000,-524.6700,0.0000,25.4000,5,5,0,5,5,0.0000,524.6700,-0.0525,5,0,1694491200,1760061600
sim-b001-068,batch-001,null_model,null-model-b001-068,nobel_settled,419,9474.3800,9474.3800,0.0000,-525.6200,0.0000,36.0600,31,31,15,16,31,0.4839,2121.6200,-0.0526,31,0,1736917200,1760659200
sim-b001-032,batch-001,null_model,null-model-b001-032,nobel_settled,420,9472.2800,9472.2800,0.0000,-527.7200,0.0000,47.3100,48,48,26,22,48,0.5417,3305.7200,-0.0528,48,0,1734930000,1760601600
sim-b008-084,batch-008,relative_spread_value,relative-spread-value-b008-084,nobel_settled,421,9443.2600,9443.2600,0.0000,-556.7400,0.0000,60.0800,14,14,2,12,14,0.1429,1198.7400,-0.0557,14,0,1694491200,1760068800
sim-b008-085,batch-008,relative_spread_value,relative-spread-value-b008-085,nobel_settled,421,9443.2600,9443.2600,0.0000,-556.7400,0.0000,60.0800,14,14,2,12,14,0.1429,1198.7400,-0.0557,14,0,1694491200,1760068800
sim-b001-077,batch-001,null_model,null-model-b001-077,nobel_settled,423,9438.7400,9438.7400,0.0000,-561.2600,0.0000,102.8300,61,61,21,40,61,0.3443,3472.2600,-0.0561,61,0,1694059200,1760659200
sim-b001-092,batch-001,null_model,null-model-b001-092,nobel_settled,424,9431.4300,9431.4300,0.0000,-568.5700,0.0000,93.1500,57,57,17,40,57,0.2982,3042.5700,-0.0569,57,0,1692849600,1760659200
sim-b010-037,batch-010,tight_value_ranged,tight-value-ranged-b010-037,nobel_settled,425,9427.2600,9427.2600,0.0000,-572.7400,0.0000,58.3600,14,14,1,13,14,0.0714,1072.7400,-0.0573,14,0,1694491200,1760058000
sim-b010-041,batch-010,tight_value_ranged,tight-value-ranged-b010-041,nobel_settled,425,9427.2600,9427.2600,0.0000,-572.7400,0.0000,58.3600,14,14,1,13,14,0.0714,1072.7400,-0.0573,14,0,1694491200,1760058000
sim-b010-045,batch-010,tight_value_ranged,tight-value-ranged-b010-045,nobel_settled,425,9427.2600,9427.2600,0.0000,-572.7400,0.0000,58.3600,14,14,1,13,14,0.0714,1072.7400,-0.0573,14,0,1694491200,1760058000
sim-b010-033,batch-010,tight_value_ranged,tight-value-ranged-b010-033,nobel_settled,428,9426.6500,9426.6500,0.0000,-573.3500,0.0000,58.7900,14,14,1,13,14,0.0714,1073.3500,-0.0573,14,0,1694491200,1760148000
sim-b001-055,batch-001,null_model,null-model-b001-055,nobel_settled,429,9423.6200,9423.6200,0.0000,-576.3800,0.0000,55.5600,34,34,12,22,34,0.3529,2004.3800,-0.0576,34,0,1692849600,1760652000
sim-b001-097,batch-001,null_model,null-model-b001-097,nobel_settled,430,9417.2400,9417.2400,0.0000,-582.7600,0.0000,107.3400,59,59,13,46,59,0.2203,2802.7600,-0.0583,59,0,1692244800,1760648400
sim-b001-075,batch-001,null_model,null-model-b001-075,nobel_settled,431,9415.3200,9415.3200,0.0000,-584.6800,0.0000,35.8300,22,22,8,14,22,0.3636,1448.6800,-0.0585,22,0,1733979600,1760515200
sim-b006-050,batch-006,mean_reversion,mean-reversion-b006-050,nobel_settled,432,9412.4300,9412.4300,0.0000,-587.5700,0.0000,181.7000,44,6,5,20,25,0.2000,588.0000,-0.0588,10,0,1737608400,1760392800
sim-b006-014,batch-006,mean_reversion,mean-reversion-b006-014,nobel_settled,433,9407.0100,9407.0100,0.0000,-592.9900,0.0000,125.3400,31,5,1,17,18,0.0556,592.9900,-0.0593,10,0,1737608400,1760349600
sim-b003-025,batch-003,longshot_band,longshot-band-b003-025,nobel_settled,434,9404.3800,9404.3800,0.0000,-595.6200,0.0000,95.6200,42,42,2,40,42,0.0476,1595.6200,-0.0596,42,0,1732856400,1760374800
sim-b008-082,batch-008,relative_spread_value,relative-spread-value-b008-082,nobel_settled,435,9402.7500,9402.7500,0.0000,-597.2500,0.0000,57.9900,13,13,1,12,13,0.0769,1097.2500,-0.0597,13,0,1694491200,1760058000
sim-b008-083,batch-008,relative_spread_value,relative-spread-value-b008-083,nobel_settled,435,9402.7500,9402.7500,0.0000,-597.2500,0.0000,57.9900,13,13,1,12,13,0.0769,1097.2500,-0.0597,13,0,1694491200,1760058000
sim-b008-081,batch-008,relative_spread_value,relative-spread-value-b008-081,nobel_settled,437,9402.6500,9402.6500,0.0000,-597.3500,0.0000,58.0600,13,13,1,12,13,0.0769,1097.3500,-0.0597,13,0,1694491200,1760061600
sim-b001-099,batch-001,null_model,null-model-b001-099,nobel_settled,438,9394.9100,9394.9100,0.0000,-605.0900,0.0000,81.0000,59,59,24,35,59,0.4068,3585.0900,-0.0605,59,0,1692244800,1760630400
sim-b006-070,batch-006,mean_reversion,mean-reversion-b006-070,nobel_settled,439,9383.4300,9383.4300,0.0000,-616.5700,0.0000,170.4400,41,7,3,21,24,0.1250,616.5700,-0.0617,12,0,1733374800,1760392800
sim-b003-041,batch-003,longshot_band,longshot-band-b003-041,nobel_settled,440,9371.2400,9371.2400,0.0000,-628.7600,0.0000,68.7600,31,31,1,30,31,0.0323,1128.7600,-0.0629,31,0,1732856400,1760382000
sim-b006-051,batch-006,mean_reversion,mean-reversion-b006-051,nobel_settled,441,9368.0900,9368.0900,0.0000,-631.9100,0.0000,191.0000,46,6,5,21,26,0.1923,631.9100,-0.0632,11,0,1695268800,1760392800
sim-b003-049,batch-003,longshot_band,longshot-band-b003-049,nobel_settled,442,9358.0600,9358.0600,0.0000,-641.9400,0.0000,96.9400,36,36,2,34,36,0.0556,1641.9400,-0.0642,36,0,1732856400,1760353200
sim-b006-090,batch-006,mean_reversion,mean-reversion-b006-090,nobel_settled,443,9357.4200,9357.4200,0.0000,-642.5800,0.0000,147.8900,35,7,2,19,21,0.0952,642.5800,-0.0643,10,0,1737781200,1760374800
sim-b008-089,batch-008,relative_spread_value,relative-spread-value-b008-089,nobel_settled,444,9356.4800,9356.4800,0.0000,-643.5200,0.0000,66.7600,18,18,2,16,18,0.1111,1285.5200,-0.0644,18,0,1694491200,1760198400
sim-b008-090,batch-008,relative_spread_value,relative-spread-value-b008-090,nobel_settled,444,9356.4800,9356.4800,0.0000,-643.5200,0.0000,66.7600,18,18,2,16,18,0.1111,1285.5200,-0.0644,18,0,1694491200,1760198400
sim-b006-016,batch-006,mean_reversion,mean-reversion-b006-016,nobel_settled,446,9355.4000,9355.4000,0.0000,-644.6000,0.0000,148.0300,37,5,2,19,21,0.0952,644.6000,-0.0645,12,0,1695268800,1760349600
sim-b001-070,batch-001,null_model,null-model-b001-070,nobel_settled,447,9351.5700,9351.5700,0.0000,-648.4300,0.0000,45.4600,31,31,8,23,31,0.2581,1517.4300,-0.0648,31,0,1734238800,1760619600
sim-b001-042,batch-001,null_model,null-model-b001-042,nobel_settled,448,9350.1900,9350.1900,0.0000,-649.8100,0.0000,78.5500,50,50,15,35,50,0.3000,2548.8100,-0.0650,50,0,1692849600,1760630400
sim-b003-042,batch-003,longshot_band,longshot-band-b003-042,nobel_settled,449,9349.8000,9349.8000,0.0000,-650.2000,0.0000,130.2000,53,53,3,50,53,0.0566,2150.2000,-0.0650,53,0,1692849600,1760382000
sim-b004-090,batch-004,momentum,momentum-b004-090,nobel_settled,450,9340.3100,9340.3100,0.0000,-659.6900,0.0000,320.8800,129,25,22,55,77,0.2857,3395.6900,-0.0660,25,0,1695268800,1760349600
sim-b003-005,batch-003,longshot_band,longshot-band-b003-005,nobel_settled,451,9340.1800,9340.1800,0.0000,-659.8200,0.0000,99.8200,54,54,2,52,54,0.0370,1659.8200,-0.0660,54,0,1732856400,1760410800
sim-b001-093,batch-001,null_model,null-model-b001-093,nobel_settled,452,9334.0800,9334.0800,0.0000,-665.9200,0.0000,76.2500,60,60,23,37,60,0.3833,3475.9200,-0.0666,60,0,1692158400,1760648400
sim-b001-049,batch-001,null_model,null-model-b001-049,nobel_settled,453,9328.3400,9328.3400,0.0000,-671.6600,0.0000,75.0700,52,52,16,36,52,0.3077,2726.6600,-0.0672,52,0,1733115600,1760652000
sim-b006-071,batch-006,mean_reversion,mean-reversion-b006-071,nobel_settled,454,9325.1100,9325.1100,0.0000,-674.8900,0.0000,178.8400,43,7,3,22,25,0.1200,674.8900,-0.0675,13,0,1695268800,1760392800
sim-b001-051,batch-001,null_model,null-model-b001-051,nobel_settled,455,9323.8900,9323.8900,0.0000,-676.1100,0.0000,48.9400,28,28,8,20,28,0.2857,1557.1100,-0.0676,28,0,1695700800,1760644800
sim-b006-030,batch-006,mean_reversion,mean-reversion-b006-030,nobel_settled,456,9317.5700,9317.5700,0.0000,-682.4300,0.0000,183.4000,47,7,3,24,27,0.1111,682.4300,-0.0682,12,0,1733115600,1760392800
sim-b001-040,batch-001,null_model,null-model-b001-040,nobel_settled,457,9317.5500,9317.5500,0.0000,-682.4500,0.0000,53.0600,44,44,18,26,44,0.4091,2727.4500,-0.0682,44,0,1733374800,1760637600
sim-b001-001,batch-001,null_model,null-model-b001-001,nobel_settled,458,9317.4700,9317.4700,0.0000,-682.5300,0.0000,61.1500,55,55,25,30,55,0.4545,3284.5300,-0.0683,55,0,1692158400,1760655600
sim-b008-087,batch-008,relative_spread_value,relative-spread-value-b008-087,nobel_settled,459,9315.9700,9315.9700,0.0000,-684.0300,0.0000,64.6700,17,17,1,16,17,0.0588,1184.0300,-0.0684,17,0,1694491200,1760198400
sim-b008-088,batch-008,relative_spread_value,relative-spread-value-b008-088,nobel_settled,459,9315.9700,9315.9700,0.0000,-684.0300,0.0000,64.6700,17,17,1,16,17,0.0588,1184.0300,-0.0684,17,0,1694491200,1760198400
sim-b008-086,batch-008,relative_spread_value,relative-spread-value-b008-086,nobel_settled,461,9315.8700,9315.8700,0.0000,-684.1300,0.0000,64.7400,17,17,1,16,17,0.0588,1184.1300,-0.0684,17,0,1694491200,1760198400
sim-b001-034,batch-001,null_model,null-model-b001-034,nobel_settled,462,9314.3100,9314.3100,0.0000,-685.6900,0.0000,84.8400,54,54,20,34,54,0.3704,3098.6900,-0.0686,54,0,1692763200,1760644800
sim-b004-087,batch-004,momentum,momentum-b004-087,nobel_settled,463,9313.3500,9313.3500,0.0000,-686.6500,0.0000,331.7700,135,27,24,57,81,0.2963,3634.6500,-0.0687,27,0,1695268800,1760349600
sim-b001-047,batch-001,null_model,null-model-b001-047,nobel_settled,464,9308.4500,9308.4500,0.0000,-691.5500,0.0000,65.3800,50,50,20,30,50,0.4000,2921.5500,-0.0692,50,0,1693022400,1760652000
sim-b004-088,batch-004,momentum,momentum-b004-088,nobel_settled,464,9308.4500,9308.4500,0.0000,-691.5500,0.0000,331.4200,134,26,23,57,80,0.2875,3534.5500,-0.0692,26,0,1695268800,1760349600
sim-b006-091,batch-006,mean_reversion,mean-reversion-b006-091,nobel_settled,466,9308.4100,9308.4100,0.0000,-691.5900,0.0000,156.9800,38,6,2,20,22,0.0909,691.5900,-0.0692,11,0,1695268800,1760425200
sim-b006-092,batch-006,mean_reversion,mean-reversion-b006-092,nobel_settled,466,9308.4100,9308.4100,0.0000,-691.5900,0.0000,156.9800,38,6,2,20,22,0.0909,691.5900,-0.0692,11,0,1695268800,1760425200
sim-b003-022,batch-003,longshot_band,longshot-band-b003-022,nobel_settled,468,9307.0700,9307.0700,0.0000,-692.9300,0.0000,132.9300,56,56,3,53,56,0.0536,2192.9300,-0.0693,56,0,1692849600,1760382000
sim-b004-086,batch-004,momentum,momentum-b004-086,nobel_settled,469,9304.5900,9304.5900,0.0000,-695.4100,0.0000,337.3100,138,28,25,58,83,0.3012,3750.4100,-0.0695,28,0,1695268800,1760349600
sim-b010-093,batch-010,slice_band,slice-band-b010-093,nobel_settled,470,9304.3200,9304.3200,0.0000,-695.6800,0.0000,39.0400,8,8,1,7,8,0.1250,837.6800,-0.0696,8,0,1694491200,1760194800
sim-b006-015,batch-006,mean_reversion,mean-reversion-b006-015,nobel_settled,471,9302.1300,9302.1300,0.0000,-697.8700,0.0000,146.3000,37,5,2,19,21,0.0952,697.8700,-0.0698,12,0,1695268800,1760349600
sim-b004-089,batch-004,momentum,momentum-b004-089,nobel_settled,472,9300.5600,9300.5600,0.0000,-699.4400,0.0000,328.1200,132,26,23,56,79,0.2911,3542.4400,-0.0699,26,0,1695268800,1760349600
sim-b001-010,batch-001,null_model,null-model-b001-010,nobel_settled,473,9298.4800,9298.4800,0.0000,-701.5200,0.0000,82.3500,52,52,20,32,52,0.3846,3204.5200,-0.0702,52,0,1733374800,1760511600
sim-b006-052,batch-006,mean_reversion,mean-reversion-b006-052,nobel_settled,474,9296.1900,9296.1900,0.0000,-703.8100,0.0000,187.9000,46,6,4,22,26,0.1538,703.8100,-0.0704,11,0,1695268800,1760392800
sim-b001-073,batch-001,null_model,null-model-b001-073,nobel_settled,475,9292.5000,9292.5000,0.0000,-707.5000,0.0000,40.8500,26,26,9,17,26,0.3462,1553.5000,-0.0708,26,0,1734757200,1760497200
sim-b001-098,batch-001,null_model,null-model-b001-098,nobel_settled,476,9291.8500,9291.8500,0.0000,-708.1500,0.0000,63.4700,54,54,26,28,54,0.4815,3557.1500,-0.0708,54,0,1733634000,1760511600
sim-b003-021,batch-003,longshot_band,longshot-band-b003-021,nobel_settled,477,9280.4100,9280.4100,0.0000,-719.5900,0.0000,74.5900,38,38,1,37,38,0.0263,1219.5900,-0.0720,38,0,1732856400,1760382000
sim-b003-002,batch-003,longshot_band,longshot-band-b003-002,nobel_settled,478,9280.3200,9280.3200,0.0000,-719.6800,0.0000,134.6800,61,61,3,58,61,0.0492,2219.6800,-0.0720,61,0,1692849600,1760410800
sim-b006-031,batch-006,mean_reversion,mean-reversion-b006-031,nobel_settled,479,9273.2300,9273.2300,0.0000,-726.7700,0.0000,192.7000,49,7,3,25,28,0.1071,726.7700,-0.0727,13,0,1695268800,1760392800
sim-b006-009,batch-006,mean_reversion,mean-reversion-b006-009,nobel_settled,480,9273.1500,9273.1500,0.0000,-726.8500,0.0000,176.8800,46,6,1,25,26,0.0385,729.1400,-0.0727,13,0,1733115600,1760389200
sim-b003-082,batch-003,longshot_band,longshot-band-b003-082,nobel_settled,481,9271.2400,9271.2400,0.0000,-728.7600,0.0000,103.7600,37,37,2,35,37,0.0541,1728.7600,-0.0729,37,0,1692849600,1760385600
sim-b003-043,batch-003,longshot_band,longshot-band-b003-043,nobel_settled,482,9270.2200,9270.2200,0.0000,-729.7800,0.0000,134.7800,54,54,3,51,54,0.0556,2229.7800,-0.0730,54,0,1692244800,1760382000
sim-b003-044,batch-003,longshot_band,longshot-band-b003-044,nobel_settled,482,9270.2200,9270.2200,0.0000,-729.7800,0.0000,134.7800,54,54,3,51,54,0.0556,2229.7800,-0.0730,54,0,1692244800,1760382000
sim-b003-029,batch-003,longshot_band,longshot-band-b003-029,nobel_settled,484,9267.2300,9267.2300,0.0000,-732.7700,0.0000,102.7700,43,43,2,41,43,0.0465,1732.7700,-0.0733,43,0,1732856400,1760353200
sim-b003-085,batch-003,longshot_band,longshot-band-b003-085,nobel_settled,485,9262.1100,9262.1100,0.0000,-737.8900,0.0000,72.8900,23,23,1,22,23,0.0435,1237.8900,-0.0738,23,0,1732856400,1760374800
sim-b001-002,batch-001,null_model,null-model-b001-002,nobel_settled,486,9260.0400,9260.0400,0.0000,-739.9600,0.0000,66.7200,48,48,17,31,48,0.3542,2661.9600,-0.0740,48,0,1733461200,1760590800
sim-b006-072,batch-006,mean_reversion,mean-reversion-b006-072,nobel_settled,487,9253.2100,9253.2100,0.0000,-746.7900,0.0000,175.7400,43,7,2,23,25,0.0800,746.7900,-0.0747,13,0,1695268800,1760392800
sim-b001-054,batch-001,null_model,null-model-b001-054,nobel_settled,488,9250.5000,9250.5000,0.0000,-749.5000,0.0000,48.0800,35,35,11,24,35,0.3143,1891.5000,-0.0750,35,0,1734498000,1760587200
sim-b003-057,batch-003,longshot_band,longshot-band-b003-057,nobel_settled,489,9248.4400,9248.4400,0.0000,-751.5600,0.0000,101.8400,37,37,2,35,37,0.0541,1751.5600,-0.0752,37,0,1694491200,1760353200
sim-b003-053,batch-003,longshot_band,longshot-band-b003-053,nobel_settled,490,9248.0800,9248.0800,0.0000,-751.9200,0.0000,102.2600,37,37,2,35,37,0.0541,1751.9200,-0.0752,37,0,1694491200,1760353200
sim-b001-083,batch-001,null_model,null-model-b001-083,nobel_settled,491,9237.3200,9237.3200,0.0000,-762.6800,0.0000,85.8100,59,59,23,36,59,0.3898,3499.6800,-0.0763,59,0,1692158400,1760594400
sim-b001-091,batch-001,null_model,null-model-b001-091,nobel_settled,492,9235.6000,9235.6000,0.0000,-764.4000,0.0000,95.1100,56,56,19,37,56,0.3393,3362.4000,-0.0764,56,0,1694145600,1760626800
sim-b001-008,batch-001,null_model,null-model-b001-008,nobel_settled,493,9233.2100,9233.2100,0.0000,-766.7900,0.0000,80.5100,55,55,18,37,55,0.3273,3066.7900,-0.0767,55,0,1694059200,1760659200
sim-b003-023,batch-003,longshot_band,longshot-band-b003-023,nobel_settled,494,9227.4900,9227.4900,0.0000,-772.5100,0.0000,137.5100,57,57,3,54,57,0.0526,2272.5100,-0.0773,57,0,1692244800,1760382000
sim-b003-024,batch-003,longshot_band,longshot-band-b003-024,nobel_settled,494,9227.4900,9227.4900,0.0000,-772.5100,0.0000,137.5100,57,57,3,54,57,0.0526,2272.5100,-0.0773,57,0,1692244800,1760382000
sim-b006-032,batch-006,mean_reversion,mean-reversion-b006-032,nobel_settled,496,9225.4700,9225.4700,0.0000,-774.5300,0.0000,190.4600,49,7,2,26,28,0.0714,774.5300,-0.0775,13,0,1695268800,1760392800
sim-b010-090,batch-010,slice_band,slice-band-b010-090,nobel_settled,497,9223.9200,9223.9200,0.0000,-776.0800,0.0000,126.2800,32,32,3,29,32,0.0938,2276.0800,-0.0776,32,0,1693540800,1760130000
sim-b009-091,batch-009,entry_timing_slice,entry-timing-slice-b009-091,nobel_settled,498,9222.2900,9222.2900,0.0000,-777.7100,0.0000,128.1200,33,33,3,30,33,0.0909,2277.7100,-0.0778,33,0,1692849600,1760209200
sim-b003-001,batch-003,longshot_band,longshot-band-b003-001,nobel_settled,499,9216.2100,9216.2100,0.0000,-783.7900,0.0000,78.7900,50,50,1,49,50,0.0200,1283.7900,-0.0784,50,0,1732856400,1760410800
sim-b009-089,batch-009,entry_timing_slice,entry-timing-slice-b009-089,nobel_settled,500,9206.6500,9206.6500,0.0000,-793.3500,0.0000,128.7900,33,33,3,30,33,0.0909,2293.3500,-0.0793,33,0,1692244800,1760209200
sim-b003-009,batch-003,longshot_band,longshot-band-b003-009,nobel_settled,501,9203.0300,9203.0300,0.0000,-796.9700,0.0000,106.9700,55,55,2,53,55,0.0364,1796.9700,-0.0797,55,0,1732856400,1760410800
sim-b003-003,batch-003,longshot_band,longshot-band-b003-003,nobel_settled,502,9200.7400,9200.7400,0.0000,-799.2600,0.0000,139.2600,62,62,3,59,62,0.0484,2299.2600,-0.0799,62,0,1692244800,1760410800
sim-b003-004,batch-003,longshot_band,longshot-band-b003-004,nobel_settled,502,9200.7400,9200.7400,0.0000,-799.2600,0.0000,139.2600,62,62,3,59,62,0.0484,2299.2600,-0.0799,62,0,1692244800,1760410800
sim-b001-033,batch-001,null_model,null-model-b001-033,nobel_settled,504,9195.7800,9195.7800,0.0000,-804.2200,0.0000,62.9800,49,49,19,30,49,0.3878,2880.2200,-0.0804,49,0,1694491200,1760551200
sim-b003-083,batch-003,longshot_band,longshot-band-b003-083,nobel_settled,505,9191.6600,9191.6600,0.0000,-808.3400,0.0000,108.3400,38,38,2,36,38,0.0526,1808.3400,-0.0808,38,0,1692244800,1760385600
sim-b003-084,batch-003,longshot_band,longshot-band-b003-084,nobel_settled,505,9191.6600,9191.6600,0.0000,-808.3400,0.0000,108.3400,38,38,2,36,38,0.0526,1808.3400,-0.0808,38,0,1692244800,1760385600
sim-b008-094,batch-008,relative_spread_value,relative-spread-value-b008-094,nobel_settled,507,9190.9800,9190.9800,0.0000,-809.0200,0.0000,76.8400,23,23,2,21,23,0.0870,1451.0200,-0.0809,23,0,1694491200,1760198400
sim-b008-095,batch-008,relative_spread_value,relative-spread-value-b008-095,nobel_settled,507,9190.9800,9190.9800,0.0000,-809.0200,0.0000,76.8400,23,23,2,21,23,0.0870,1451.0200,-0.0809,23,0,1694491200,1760198400
sim-b009-095,batch-009,entry_timing_slice,entry-timing-slice-b009-095,nobel_settled,509,9190.4500,9190.4500,0.0000,-809.5500,0.0000,129.8700,33,33,3,30,33,0.0909,2309.5500,-0.0810,33,0,1693540800,1760209200
sim-b001-066,batch-001,null_model,null-model-b001-066,nobel_settled,510,9177.3000,9177.3000,0.0000,-822.7000,0.0000,55.8900,36,36,16,20,36,0.4444,2441.7000,-0.0823,36,0,1733547600,1760547600
sim-b009-093,batch-009,entry_timing_slice,entry-timing-slice-b009-093,nobel_settled,511,9169.6400,9169.6400,0.0000,-830.3600,0.0000,130.6200,33,33,3,30,33,0.0909,2330.3600,-0.0830,33,0,1693022400,1760209200
sim-b010-006,batch-010,tight_value_ranged,tight-value-ranged-b010-006,nobel_settled,512,9158.2200,9158.2200,0.0000,-841.7800,0.0000,107.2400,44,44,2,42,44,0.0455,1841.7800,-0.0842,44,0,1694491200,1760353200
sim-b010-010,batch-010,tight_value_ranged,tight-value-ranged-b010-010,nobel_settled,512,9158.2200,9158.2200,0.0000,-841.7800,0.0000,107.2400,44,44,2,42,44,0.0455,1841.7800,-0.0842,44,0,1694491200,1760353200
sim-b010-014,batch-010,tight_value_ranged,tight-value-ranged-b010-014,nobel_settled,512,9158.2200,9158.2200,0.0000,-841.7800,0.0000,107.2400,44,44,2,42,44,0.0455,1841.7800,-0.0842,44,0,1694491200,1760353200
sim-b003-037,batch-003,longshot_band,longshot-band-b003-037,nobel_settled,515,9157.6100,9157.6100,0.0000,-842.3900,0.0000,107.6700,44,44,2,42,44,0.0455,1842.3900,-0.0842,44,0,1694491200,1760353200
sim-b010-002,batch-010,tight_value_ranged,tight-value-ranged-b010-002,nobel_settled,515,9157.6100,9157.6100,0.0000,-842.3900,0.0000,107.6700,44,44,2,42,44,0.0455,1842.3900,-0.0842,44,0,1694491200,1760353200
sim-b003-033,batch-003,longshot_band,longshot-band-b003-033,nobel_settled,517,9157.2500,9157.2500,0.0000,-842.7500,0.0000,108.0900,44,44,2,42,44,0.0455,1842.7500,-0.0843,44,0,1694491200,1760353200
sim-b001-088,batch-001,null_model,null-model-b001-088,nobel_settled,518,9153.5400,9153.5400,0.0000,-846.4600,0.0000,88.1400,58,58,19,39,58,0.3276,3278.4600,-0.0846,58,0,1695268800,1760655600
sim-b008-093,batch-008,relative_spread_value,relative-spread-value-b008-093,nobel_settled,519,9150.4700,9150.4700,0.0000,-849.5300,0.0000,74.7500,22,22,1,21,22,0.0455,1349.5300,-0.0850,22,0,1694491200,1760198400
sim-b003-065,batch-003,longshot_band,longshot-band-b003-065,nobel_settled,520,9150.0900,9150.0900,0.0000,-849.9100,0.0000,79.9100,27,27,1,26,27,0.0370,1349.9100,-0.0850,27,0,1732856400,1760374800
sim-b008-092,batch-008,relative_spread_value,relative-spread-value-b008-092,nobel_settled,521,9149.6700,9149.6700,0.0000,-850.3300,0.0000,75.7900,22,22,1,21,22,0.0455,1350.3300,-0.0850,22,0,1694491200,1760198400
sim-b008-091,batch-008,relative_spread_value,relative-spread-value-b008-091,nobel_settled,522,9149.5700,9149.5700,0.0000,-850.4300,0.0000,75.8600,22,22,1,21,22,0.0455,1350.4300,-0.0850,22,0,1694491200,1760198400
sim-b001-078,batch-001,null_model,null-model-b001-078,nobel_settled,523,9147.9600,9147.9600,0.0000,-852.0400,0.0000,90.3500,57,57,20,37,57,0.3509,3391.0400,-0.0852,57,0,1694491200,1760634000
sim-b001-048,batch-001,null_model,null-model-b001-048,nobel_settled,524,9146.7200,9146.7200,0.0000,-853.2800,0.0000,69.3400,53,53,19,34,53,0.3585,2836.2800,-0.0853,53,0,1733115600,1760569200
sim-b010-038,batch-010,tight_value_ranged,tight-value-ranged-b010-038,nobel_settled,525,9139.6500,9139.6500,0.0000,-860.3500,0.0000,75.8100,19,19,1,18,19,0.0526,1360.3500,-0.0860,19,0,1694491200,1760058000
sim-b010-042,batch-010,tight_value_ranged,tight-value-ranged-b010-042,nobel_settled,525,9139.6500,9139.6500,0.0000,-860.3500,0.0000,75.8100,19,19,1,18,19,0.0526,1360.3500,-0.0860,19,0,1694491200,1760058000
sim-b010-046,batch-010,tight_value_ranged,tight-value-ranged-b010-046,nobel_settled,525,9139.6500,9139.6500,0.0000,-860.3500,0.0000,75.8100,19,19,1,18,19,0.0526,1360.3500,-0.0860,19,0,1694491200,1760058000
sim-b010-034,batch-010,tight_value_ranged,tight-value-ranged-b010-034,nobel_settled,528,9139.0400,9139.0400,0.0000,-860.9600,0.0000,76.2400,19,19,1,18,19,0.0526,1360.9600,-0.0861,19,0,1694491200,1760148000
sim-b010-021,batch-010,tight_value_ranged,tight-value-ranged-b010-021,nobel_settled,529,9138.6300,9138.6300,0.0000,-861.3700,0.0000,76.9900,25,25,1,24,25,0.0400,1361.3700,-0.0861,25,0,1694491200,1760198400
sim-b010-025,batch-010,tight_value_ranged,tight-value-ranged-b010-025,nobel_settled,529,9138.6300,9138.6300,0.0000,-861.3700,0.0000,76.9900,25,25,1,24,25,0.0400,1361.3700,-0.0861,25,0,1694491200,1760198400
sim-b010-029,batch-010,tight_value_ranged,tight-value-ranged-b010-029,nobel_settled,529,9138.6300,9138.6300,0.0000,-861.3700,0.0000,76.9900,25,25,1,24,25,0.0400,1361.3700,-0.0861,25,0,1694491200,1760198400
sim-b010-017,batch-010,tight_value_ranged,tight-value-ranged-b010-017,nobel_settled,532,9138.0200,9138.0200,0.0000,-861.9800,0.0000,77.4200,25,25,1,24,25,0.0400,1361.9800,-0.0862,25,0,1694491200,1760198400
sim-b009-087,batch-009,entry_timing_slice,entry-timing-slice-b009-087,nobel_settled,533,9128.5700,9128.5700,0.0000,-871.4300,0.0000,131.6300,33,33,3,30,33,0.0909,2371.4300,-0.0871,33,0,1692158400,1760209200
sim-b003-081,batch-003,longshot_band,longshot-band-b003-081,nobel_settled,534,9122.2500,9122.2500,0.0000,-877.7500,0.0000,52.7500,19,19,0,19,19,0.0000,877.7500,-0.0878,19,0,1732856400,1760385600
sim-b010-091,batch-010,slice_band,slice-band-b010-091,nobel_settled,535,9113.9100,9113.9100,0.0000,-886.0900,0.0000,131.5000,33,33,3,30,33,0.0909,2386.0900,-0.0886,33,0,1693540800,1760130000
sim-b008-051,batch-008,volatility_gate,volatility-gate-b008-051,nobel_settled,536,9104.6300,9104.6300,0.0000,-895.3700,0.0000,140.3700,47,47,3,44,47,0.0638,2395.3700,-0.0895,47,0,1694059200,1760360400
sim-b001-046,batch-001,null_model,null-model-b001-046,nobel_settled,537,9099.4200,9099.4200,0.0000,-900.5800,0.0000,71.8700,47,47,18,29,47,0.3830,2766.5800,-0.0901,47,0,1692158400,1760634000
sim-b010-092,batch-010,slice_band,slice-band-b010-092,nobel_settled,538,9098.6900,9098.6900,0.0000,-901.3100,0.0000,131.8800,33,33,3,30,33,0.0909,2401.3100,-0.0901,33,0,1693540800,1760130000
sim-b010-095,batch-010,slice_band,slice-band-b010-095,nobel_settled,539,9095.3100,9095.3100,0.0000,-904.6900,0.0000,48.0600,10,10,1,9,10,0.1000,1046.6900,-0.0905,10,0,1694059200,1760162400
sim-b010-094,batch-010,slice_band,slice-band-b010-094,nobel_settled,540,9094.5300,9094.5300,0.0000,-905.4700,0.0000,48.5700,10,10,1,9,10,0.1000,1047.4700,-0.0905,10,0,1694059200,1760162400
sim-b003-017,batch-003,longshot_band,longshot-band-b003-017,nobel_settled,541,9093.4100,9093.4100,0.0000,-906.5900,0.0000,111.8700,56,56,2,54,56,0.0357,1906.5900,-0.0907,56,0,1694491200,1760410800
sim-b003-013,batch-003,longshot_band,longshot-band-b003-013,nobel_settled,542,9093.0500,9093.0500,0.0000,-906.9500,0.0000,112.2900,56,56,2,54,56,0.0357,1906.9500,-0.0907,56,0,1694491200,1760410800
sim-b008-063,batch-008,volatility_gate,volatility-gate-b008-063,nobel_settled,543,9083.8100,9083.8100,0.0000,-916.1900,0.0000,141.1900,46,46,3,43,46,0.0652,2416.1900,-0.0916,46,0,1695268800,1760349600
sim-b003-089,batch-003,longshot_band,longshot-band-b003-089,nobel_settled,544,9072.3700,9072.3700,0.0000,-927.6300,0.0000,82.6300,24,24,1,23,24,0.0417,1427.6300,-0.0928,24,0,1732856400,1760263200
sim-b001-031,batch-001,null_model,null-model-b001-031,nobel_settled,545,9067.4400,9067.4400,0.0000,-932.5600,0.0000,90.4700,53,53,13,40,53,0.2453,2697.5600,-0.0933,53,0,1693022400,1760601600
sim-b001-087,batch-001,null_model,null-model-b001-087,nobel_settled,546,9066.7800,9066.7800,0.0000,-933.2200,0.0000,88.1500,58,58,19,39,58,0.3276,3203.2200,-0.0933,58,0,1694059200,1760590800
sim-b006-085,batch-006,mean_reversion,mean-reversion-b006-085,nobel_settled,547,9056.3000,9056.3000,0.0000,-943.7000,0.0000,291.1900,72,10,3,38,41,0.0732,943.7000,-0.0944,16,0,1734757200,1760374800
sim-b009-092,batch-009,entry_timing_slice,entry-timing-slice-b009-092,nobel_settled,548,9038.0600,9038.0600,0.0000,-961.9400,0.0000,137.5600,35,35,3,32,35,0.0857,2461.9400,-0.0962,35,0,1692331200,1760209200
sim-b003-061,batch-003,longshot_band,longshot-band-b003-061,nobel_settled,549,9026.1200,9026.1200,0.0000,-973.8800,0.0000,58.8800,23,23,0,23,23,0.0000,973.8800,-0.0974,23,0,1732856400,1760382000
sim-b009-090,batch-009,entry_timing_slice,entry-timing-slice-b009-090,nobel_settled,550,9022.4200,9022.4200,0.0000,-977.5800,0.0000,138.2300,35,35,3,32,35,0.0857,2477.5800,-0.0978,35,0,1692244800,1760209200
sim-b009-096,batch-009,entry_timing_slice,entry-timing-slice-b009-096,nobel_settled,551,9016.6900,9016.6900,0.0000,-983.3100,0.0000,138.8400,35,35,3,32,35,0.0857,2483.3100,-0.0983,35,0,1693540800,1760209200
sim-b003-087,batch-003,longshot_band,longshot-band-b003-087,nobel_settled,552,9014.3100,9014.3100,0.0000,-985.6900,0.0000,145.6900,44,44,3,41,44,0.0682,2485.6900,-0.0986,44,0,1692158400,1760374800
sim-b003-088,batch-003,longshot_band,longshot-band-b003-088,nobel_settled,552,9014.3100,9014.3100,0.0000,-985.6900,0.0000,145.6900,44,44,3,41,44,0.0682,2485.6900,-0.0986,44,0,1692158400,1760374800
sim-b010-081,batch-010,longshot_band_wide,longshot-band-wide-b010-081,nobel_settled,552,9014.3100,9014.3100,0.0000,-985.6900,0.0000,145.6900,44,44,3,41,44,0.0682,2485.6900,-0.0986,44,0,1692158400,1760374800
sim-b010-082,batch-010,longshot_band_wide,longshot-band-wide-b010-082,nobel_settled,552,9014.3100,9014.3100,0.0000,-985.6900,0.0000,145.6900,44,44,3,41,44,0.0682,2485.6900,-0.0986,44,0,1692158400,1760374800
sim-b003-069,batch-003,longshot_band,longshot-band-b003-069,nobel_settled,556,9012.9400,9012.9400,0.0000,-987.0600,0.0000,87.0600,28,28,1,27,28,0.0357,1487.0600,-0.0987,28,0,1732856400,1760263200
sim-b009-094,batch-009,entry_timing_slice,entry-timing-slice-b009-094,nobel_settled,557,9006.3900,9006.3900,0.0000,-993.6100,0.0000,139.0800,35,35,3,32,35,0.0857,2493.6100,-0.0994,35,0,1692849600,1760209200
sim-b010-089,batch-010,slice_band,slice-band-b010-089,nobel_settled,558,8995.4400,8995.4400,0.0000,-1004.5600,0.0000,117.6200,31,31,3,28,31,0.0968,2146.5600,-0.1005,31,0,1694059200,1760130000
sim-b010-096,batch-010,slice_band,slice-band-b010-096,nobel_settled,559,8990.1500,8990.1500,0.0000,-1009.8500,0.0000,53.3800,11,11,1,10,11,0.0909,1151.8500,-0.1010,11,0,1694059200,1760162400
sim-b006-065,batch-006,mean_reversion,mean-reversion-b006-065,nobel_settled,560,8988.9700,8988.9700,0.0000,-1011.0300,0.0000,304.1800,75,9,3,39,42,0.0714,1011.0300,-0.1011,16,0,1733374800,1760392800
sim-b008-099,batch-008,relative_spread_value,relative-spread-value-b008-099,nobel_settled,561,8973.7000,8973.7000,0.0000,-1026.3000,0.0000,89.1200,26,26,2,24,26,0.0769,1668.3000,-0.1026,26,0,1694491200,1760202000
sim-b008-100,batch-008,relative_spread_value,relative-spread-value-b008-100,nobel_settled,561,8973.7000,8973.7000,0.0000,-1026.3000,0.0000,89.1200,26,26,2,24,26,0.0769,1668.3000,-0.1026,26,0,1694491200,1760202000
sim-b001-027,batch-001,null_model,null-model-b001-027,nobel_settled,563,8972.3300,8972.3300,0.0000,-1027.6700,0.0000,75.6400,51,51,21,30,51,0.4118,3331.6700,-0.1028,51,0,1694232000,1760648400
sim-b008-057,batch-008,volatility_gate,volatility-gate-b008-057,nobel_settled,564,8971.3700,8971.3700,0.0000,-1028.6300,0.0000,148.6300,50,50,3,47,50,0.0600,2528.6300,-0.1029,50,0,1694059200,1760360400
sim-b008-054,batch-008,volatility_gate,volatility-gate-b008-054,nobel_settled,565,8966.0900,8966.0900,0.0000,-1033.9100,0.0000,148.9100,50,50,3,47,50,0.0600,2533.9100,-0.1034,50,0,1694059200,1760360400
sim-b003-097,batch-003,longshot_band,longshot-band-b003-097,nobel_settled,566,8962.7500,8962.7500,0.0000,-1037.2500,0.0000,87.5300,25,25,1,24,25,0.0400,1537.2500,-0.1037,25,0,1694491200,1760202000
sim-b003-093,batch-003,longshot_band,longshot-band-b003-093,nobel_settled,567,8962.3900,8962.3900,0.0000,-1037.6100,0.0000,87.9500,25,25,1,24,25,0.0400,1537.6100,-0.1038,25,0,1694491200,1760202000
sim-b006-010,batch-006,mean_reversion,mean-reversion-b006-010,nobel_settled,568,8960.5600,8960.5600,0.0000,-1039.4400,0.0000,239.9200,62,6,1,33,34,0.0294,1039.4400,-0.1039,14,0,1733115600,1760389200
sim-b009-016,batch-009,breakout_hold,breakout-hold-b009-016,nobel_settled,569,8958.0800,8958.0800,0.0000,-1041.9200,0.0000,112.3500,31,31,2,29,31,0.0645,2041.9200,-0.1042,31,0,1694232000,1760173200
sim-b009-017,batch-009,breakout_hold,breakout-hold-b009-017,nobel_settled,569,8958.0800,8958.0800,0.0000,-1041.9200,0.0000,112.3500,31,31,2,29,31,0.0645,2041.9200,-0.1042,31,0,1694232000,1760173200
sim-b009-018,batch-009,breakout_hold,breakout-hold-b009-018,nobel_settled,569,8958.0800,8958.0800,0.0000,-1041.9200,0.0000,112.3500,31,31,2,29,31,0.0645,2041.9200,-0.1042,31,0,1694232000,1760173200
sim-b010-039,batch-010,tight_value_ranged,tight-value-ranged-b010-039,nobel_settled,572,8954.9300,8954.9300,0.0000,-1045.0700,0.0000,115.5300,30,30,2,28,30,0.0667,2045.0700,-0.1045,30,0,1694059200,1760130000
sim-b010-043,batch-010,tight_value_ranged,tight-value-ranged-b010-043,nobel_settled,572,8954.9300,8954.9300,0.0000,-1045.0700,0.0000,115.5300,30,30,2,28,30,0.0667,2045.0700,-0.1045,30,0,1694059200,1760130000
sim-b010-047,batch-010,tight_value_ranged,tight-value-ranged-b010-047,nobel_settled,572,8954.9300,8954.9300,0.0000,-1045.0700,0.0000,115.5300,30,30,2,28,30,0.0667,2045.0700,-0.1045,30,0,1694059200,1760130000
sim-b010-035,batch-010,tight_value_ranged,tight-value-ranged-b010-035,nobel_settled,575,8954.3200,8954.3200,0.0000,-1045.6800,0.0000,115.9600,30,30,2,28,30,0.0667,2045.6800,-0.1046,30,0,1694059200,1760148000
sim-b001-029,batch-001,null_model,null-model-b001-029,nobel_settled,576,8946.6900,8946.6900,0.0000,-1053.3100,0.0000,74.0900,54,54,20,34,54,0.3704,3083.3100,-0.1053,54,0,1692849600,1760630400
sim-b009-088,batch-009,entry_timing_slice,entry-timing-slice-b009-088,nobel_settled,577,8944.3400,8944.3400,0.0000,-1055.6600,0.0000,141.0700,35,35,3,32,35,0.0857,2555.6600,-0.1056,35,0,1692158400,1760209200
sim-b008-098,batch-008,relative_spread_value,relative-spread-value-b008-098,nobel_settled,578,8933.1900,8933.1900,0.0000,-1066.8100,0.0000,87.0300,25,25,1,24,25,0.0400,1566.8100,-0.1067,25,0,1694491200,1760202000
sim-b006-045,batch-006,mean_reversion,mean-reversion-b006-045,nobel_settled,579,8932.6300,8932.6300,0.0000,-1067.3700,0.0000,328.4900,79,9,4,40,44,0.0909,1069.4900,-0.1067,17,0,1695268800,1760392800
sim-b008-097,batch-008,relative_spread_value,relative-spread-value-b008-097,nobel_settled,580,8932.3900,8932.3900,0.0000,-1067.6100,0.0000,88.0700,25,25,1,24,25,0.0400,1567.6100,-0.1068,25,0,1694491200,1760202000
sim-b008-096,batch-008,relative_spread_value,relative-spread-value-b008-096,nobel_settled,581,8932.2900,8932.2900,0.0000,-1067.7100,0.0000,88.1400,25,25,1,24,25,0.0400,1567.7100,-0.1068,25,0,1694491200,1760202000
sim-b001-024,batch-001,null_model,null-model-b001-024,nobel_settled,582,8929.5200,8929.5200,0.0000,-1070.4800,0.0000,66.1100,54,54,23,31,54,0.4259,3510.4800,-0.1070,54,0,1694232000,1760522400
sim-b008-066,batch-008,volatility_gate,volatility-gate-b008-066,nobel_settled,583,8919.0700,8919.0700,0.0000,-1080.9300,0.0000,150.9300,49,49,3,46,49,0.0612,2580.9300,-0.1081,49,0,1695268800,1760349600
sim-b006-012,batch-006,mean_reversion,mean-reversion-b006-012,nobel_settled,584,8908.1500,8908.1500,0.0000,-1091.8500,0.0000,252.4100,64,6,1,34,35,0.0286,1091.8500,-0.1092,15,0,1695268800,1760389200
sim-b003-077,batch-003,longshot_band,longshot-band-b003-077,nobel_settled,585,8903.3200,8903.3200,0.0000,-1096.6800,0.0000,91.9600,29,29,1,28,29,0.0345,1596.6800,-0.1097,29,0,1694491200,1760202000
sim-b003-073,batch-003,longshot_band,longshot-band-b003-073,nobel_settled,586,8902.9600,8902.9600,0.0000,-1097.0400,0.0000,92.3800,29,29,1,28,29,0.0345,1597.0400,-0.1097,29,0,1694491200,1760202000
sim-b001-043,batch-001,null_model,null-model-b001-043,nobel_settled,587,8899.9400,8899.9400,0.0000,-1100.0600,0.0000,74.1000,56,56,22,34,56,0.3929,3327.0600,-0.1100,56,0,1692158400,1760637600
sim-b001-094,batch-001,null_model,null-model-b001-094,nobel_settled,588,8896.9000,8896.9000,0.0000,-1103.1000,0.0000,108.3800,61,61,18,43,61,0.2951,3430.1000,-0.1103,61,0,1692158400,1760616000
sim-b004-095,batch-004,momentum,momentum-b004-095,nobel_settled,589,8895.4600,8895.4600,0.0000,-1104.5400,0.0000,355.9300,143,27,23,62,85,0.2706,3822.5400,-0.1105,27,0,1695268800,1760428800
sim-b005-085,batch-005,contrarian,contrarian-b005-085,nobel_settled,590,8886.3800,8886.3800,0.0000,-1113.6200,0.0000,312.8900,117,25,11,60,71,0.1549,2180.6200,-0.1114,25,0,1695268800,1760349600
sim-b003-062,batch-003,longshot_band,longshot-band-b003-062,nobel_settled,591,8876.6600,8876.6600,0.0000,-1123.3400,0.0000,128.3400,50,50,2,48,50,0.0400,2123.3400,-0.1123,50,0,1692849600,1760382000
sim-b004-100,batch-004,momentum,momentum-b004-100,nobel_settled,592,8876.5600,8876.5600,0.0000,-1123.4400,0.0000,369.7000,147,27,23,64,87,0.2644,3841.4400,-0.1123,27,0,1695268800,1760428800
sim-b001-038,batch-001,null_model,null-model-b001-038,nobel_settled,593,8871.5200,8871.5200,0.0000,-1128.4800,0.0000,69.9900,52,52,19,33,52,0.3654,3016.4800,-0.1128,52,0,1694059200,1760648400
sim-b009-097,batch-009,entry_timing_slice,entry-timing-slice-b009-097,nobel_settled,594,8863.9300,8863.9300,0.0000,-1136.0700,0.0000,116.8300,29,29,2,27,29,0.0690,2136.0700,-0.1136,29,0,1694404800,1760209200
sim-b004-093,batch-004,momentum,momentum-b004-093,nobel_settled,595,8863.6000,8863.6000,0.0000,-1136.4000,0.0000,366.4700,148,28,24,64,88,0.2727,3961.4000,-0.1136,28,0,1695268800,1760428800
sim-b001-016,batch-001,null_model,null-model-b001-016,nobel_settled,596,8862.9700,8862.9700,0.0000,-1137.0300,0.0000,71.2600,49,49,21,28,49,0.4286,3338.0300,-0.1137,49,0,1693540800,1760641200
sim-b004-092,batch-004,momentum,momentum-b004-092,nobel_settled,597,8862.6000,8862.6000,0.0000,-1137.4000,0.0000,367.5700,151,29,25,65,90,0.2778,4067.4000,-0.1137,29,0,1695268800,1760428800
sim-b004-094,batch-004,momentum,momentum-b004-094,nobel_settled,598,8855.7100,8855.7100,0.0000,-1144.2900,0.0000,363.1700,146,28,24,63,87,0.2759,3969.2900,-0.1144,28,0,1695268800,1760428800
sim-b006-011,batch-006,mean_reversion,mean-reversion-b006-011,nobel_settled,599,8854.8800,8854.8800,0.0000,-1145.1200,0.0000,250.6800,64,6,1,34,35,0.0286,1145.1200,-0.1145,15,0,1695268800,1760389200
sim-b001-086,batch-001,null_model,null-model-b001-086,nobel_settled,600,8846.5400,8846.5400,0.0000,-1153.4600,0.0000,76.0800,58,58,22,36,58,0.3793,3429.4600,-0.1153,58,0,1694232000,1760594400
sim-b009-013,batch-009,breakout_hold,breakout-hold-b009-013,nobel_settled,601,8844.7400,8844.7400,0.0000,-1155.2600,0.0000,120.5400,38,38,2,36,38,0.0526,2155.2600,-0.1155,38,0,1694145600,1760202000
sim-b009-014,batch-009,breakout_hold,breakout-hold-b009-014,nobel_settled,601,8844.7400,8844.7400,0.0000,-1155.2600,0.0000,120.5400,38,38,2,36,38,0.0526,2155.2600,-0.1155,38,0,1694145600,1760202000
sim-b009-015,batch-009,breakout_hold,breakout-hold-b009-015,nobel_settled,601,8844.7400,8844.7400,0.0000,-1155.2600,0.0000,120.5400,38,38,2,36,38,0.0526,2155.2600,-0.1155,38,0,1694145600,1760202000
sim-b004-098,batch-004,momentum,momentum-b004-098,nobel_settled,604,8844.7000,8844.7000,0.0000,-1155.3000,0.0000,380.2400,152,28,24,66,90,0.2667,3980.3000,-0.1155,28,0,1695268800,1760428800
sim-b004-097,batch-004,momentum,momentum-b004-097,nobel_settled,605,8843.7000,8843.7000,0.0000,-1156.3000,0.0000,381.3400,155,29,25,67,92,0.2717,4086.3000,-0.1156,29,0,1695268800,1760428800
sim-b005-081,batch-005,contrarian,contrarian-b005-081,nobel_settled,606,8840.3000,8840.3000,0.0000,-1159.7000,0.0000,329.4200,123,27,12,63,75,0.1600,2226.7000,-0.1160,27,0,1695268800,1760349600
sim-b004-091,batch-004,momentum,momentum-b004-091,nobel_settled,607,8839.0800,8839.0800,0.0000,-1160.9200,0.0000,373.9600,155,29,25,67,92,0.2717,4090.9200,-0.1161,29,0,1695268800,1760428800
sim-b009-004,batch-009,breakout_hold,breakout-hold-b009-004,nobel_settled,608,8838.5500,8838.5500,0.0000,-1161.4500,0.0000,121.6700,34,34,2,32,34,0.0588,2161.4500,-0.1161,34,0,1694232000,1760173200
sim-b009-005,batch-009,breakout_hold,breakout-hold-b009-005,nobel_settled,608,8838.5500,8838.5500,0.0000,-1161.4500,0.0000,121.6700,34,34,2,32,34,0.0588,2161.4500,-0.1161,34,0,1694232000,1760173200
sim-b009-006,batch-009,breakout_hold,breakout-hold-b009-006,nobel_settled,608,8838.5500,8838.5500,0.0000,-1161.4500,0.0000,121.6700,34,34,2,32,34,0.0588,2161.4500,-0.1161,34,0,1694232000,1760173200
sim-b004-099,batch-004,momentum,momentum-b004-099,nobel_settled,611,8836.8100,8836.8100,0.0000,-1163.1900,0.0000,376.9400,150,28,24,65,89,0.2697,3988.1900,-0.1163,28,0,1695268800,1760428800
sim-b001-039,batch-001,null_model,null-model-b001-039,nobel_settled,612,8835.0100,8835.0100,0.0000,-1164.9900,0.0000,73.9900,49,49,20,29,49,0.4082,3268.9900,-0.1165,49,0,1695268800,1760644800
sim-b004-096,batch-004,momentum,momentum-b004-096,nobel_settled,613,8820.1800,8820.1800,0.0000,-1179.8200,0.0000,387.7300,159,29,25,69,94,0.2660,4109.8200,-0.1180,29,0,1695268800,1760428800
sim-b010-022,batch-010,tight_value_ranged,tight-value-ranged-b010-022,nobel_settled,614,8818.4900,8818.4900,0.0000,-1181.5100,0.0000,96.9700,33,33,1,32,33,0.0303,1681.5100,-0.1182,33,0,1694491200,1760353200
sim-b010-026,batch-010,tight_value_ranged,tight-value-ranged-b010-026,nobel_settled,614,8818.4900,8818.4900,0.0000,-1181.5100,0.0000,96.9700,33,33,1,32,33,0.0303,1681.5100,-0.1182,33,0,1694491200,1760353200
sim-b010-030,batch-010,tight_value_ranged,tight-value-ranged-b010-030,nobel_settled,614,8818.4900,8818.4900,0.0000,-1181.5100,0.0000,96.9700,33,33,1,32,33,0.0303,1681.5100,-0.1182,33,0,1694491200,1760353200
sim-b010-018,batch-010,tight_value_ranged,tight-value-ranged-b010-018,nobel_settled,617,8817.8800,8817.8800,0.0000,-1182.1200,0.0000,97.4000,33,33,1,32,33,0.0303,1682.1200,-0.1182,33,0,1694491200,1760353200
sim-b005-084,batch-005,contrarian,contrarian-b005-084,nobel_settled,618,8817.4200,8817.4200,0.0000,-1182.5800,0.0000,316.8500,118,26,11,61,72,0.1528,2249.5800,-0.1183,26,0,1695268800,1760349600
sim-b009-001,batch-009,breakout_hold,breakout-hold-b009-001,nobel_settled,619,8815.1300,8815.1300,0.0000,-1184.8700,0.0000,124.9100,40,40,2,38,40,0.0500,2184.8700,-0.1185,40,0,1694145600,1760202000
sim-b009-002,batch-009,breakout_hold,breakout-hold-b009-002,nobel_settled,619,8815.1300,8815.1300,0.0000,-1184.8700,0.0000,124.9100,40,40,2,38,40,0.0500,2184.8700,-0.1185,40,0,1694145600,1760202000
sim-b009-003,batch-009,breakout_hold,breakout-hold-b009-003,nobel_settled,619,8815.1300,8815.1300,0.0000,-1184.8700,0.0000,124.9100,40,40,2,38,40,0.0500,2184.8700,-0.1185,40,0,1694145600,1760202000
sim-b001-095,batch-001,null_model,null-model-b001-095,nobel_settled,622,8811.4700,8811.4700,0.0000,-1188.5300,0.0000,109.4800,61,61,16,45,61,0.2623,3313.5300,-0.1189,61,0,1692158400,1760583600
sim-b003-046,batch-003,longshot_band,longshot-band-b003-046,nobel_settled,623,8804.9900,8804.9900,0.0000,-1195.0100,0.0000,160.0100,57,57,3,54,57,0.0526,2695.0100,-0.1195,57,0,1692849600,1760374800
sim-b005-082,batch-005,contrarian,contrarian-b005-082,nobel_settled,624,8804.9700,8804.9700,0.0000,-1195.0300,0.0000,317.8000,120,26,11,62,73,0.1507,2262.0300,-0.1195,26,0,1695268800,1760349600
sim-b005-083,batch-005,contrarian,contrarian-b005-083,nobel_settled,624,8804.9700,8804.9700,0.0000,-1195.0300,0.0000,317.8000,120,26,11,62,73,0.1507,2262.0300,-0.1195,26,0,1695268800,1760349600
sim-b003-063,batch-003,longshot_band,longshot-band-b003-063,nobel_settled,626,8797.0800,8797.0800,0.0000,-1202.9200,0.0000,132.9200,51,51,2,49,51,0.0392,2202.9200,-0.1203,51,0,1692244800,1760382000
sim-b003-064,batch-003,longshot_band,longshot-band-b003-064,nobel_settled,626,8797.0800,8797.0800,0.0000,-1202.9200,0.0000,132.9200,51,51,2,49,51,0.0392,2202.9200,-0.1203,51,0,1692244800,1760382000
sim-b001-100,batch-001,null_model,null-model-b001-100,nobel_settled,628,8792.2100,8792.2100,0.0000,-1207.7900,0.0000,102.0700,59,59,18,41,59,0.3051,3501.7900,-0.1208,59,0,1692158400,1760623200
sim-b003-099,batch-003,longshot_band,longshot-band-b003-099,nobel_settled,629,8784.1400,8784.1400,0.0000,-1215.8600,0.0000,155.9600,44,44,3,41,44,0.0682,2715.8600,-0.1216,44,0,1692158400,1760148000
sim-b003-095,batch-003,longshot_band,longshot-band-b003-095,nobel_settled,630,8783.7800,8783.7800,0.0000,-1216.2200,0.0000,156.3800,44,44,3,41,44,0.0682,2716.2200,-0.1216,44,0,1692158400,1760187600
sim-b003-091,batch-003,longshot_band,longshot-band-b003-091,nobel_settled,631,8783.3400,8783.3400,0.0000,-1216.6600,0.0000,156.6600,44,44,3,41,44,0.0682,2716.6600,-0.1217,44,0,1692158400,1760248800
sim-b010-036,batch-010,tight_value_ranged,tight-value-ranged-b010-036,nobel_settled,632,8768.8100,8768.8100,0.0000,-1231.1900,0.0000,126.2900,32,32,2,30,32,0.0625,2231.1900,-0.1231,32,0,1692244800,1760209200
sim-b010-086,batch-010,slice_band,slice-band-b010-086,nobel_settled,633,8768.5700,8768.5700,0.0000,-1231.4300,0.0000,156.4700,48,48,3,45,48,0.0625,2731.4300,-0.1231,48,0,1693540800,1760130000
sim-b006-086,batch-006,mean_reversion,mean-reversion-b006-086,nobel_settled,634,8763.2600,8763.2600,0.0000,-1236.7400,0.0000,317.4700,80,12,3,43,46,0.0652,1236.7400,-0.1237,17,0,1734757200,1760374800
sim-b003-026,batch-003,longshot_band,longshot-band-b003-026,nobel_settled,635,8762.2600,8762.2600,0.0000,-1237.7400,0.0000,162.7400,60,60,3,57,60,0.0500,2737.7400,-0.1238,60,0,1692849600,1760374800
sim-b010-040,batch-010,tight_value_ranged,tight-value-ranged-b010-040,nobel_settled,636,8759.9900,8759.9900,0.0000,-1240.0100,0.0000,125.4500,32,32,2,30,32,0.0625,2240.0100,-0.1240,32,0,1692244800,1760209200
sim-b010-044,batch-010,tight_value_ranged,tight-value-ranged-b010-044,nobel_settled,636,8759.9900,8759.9900,0.0000,-1240.0100,0.0000,125.4500,32,32,2,30,32,0.0625,2240.0100,-0.1240,32,0,1692244800,1760209200
sim-b010-048,batch-010,tight_value_ranged,tight-value-ranged-b010-048,nobel_settled,636,8759.9900,8759.9900,0.0000,-1240.0100,0.0000,125.4500,32,32,2,30,32,0.0625,2240.0100,-0.1240,32,0,1692244800,1760209200
sim-b003-006,batch-003,longshot_band,longshot-band-b003-006,nobel_settled,639,8735.5100,8735.5100,0.0000,-1264.4900,0.0000,164.4900,65,65,3,62,65,0.0462,2764.4900,-0.1264,65,0,1692849600,1760410800
sim-b010-087,batch-010,slice_band,slice-band-b010-087,nobel_settled,640,8721.2100,8721.2100,0.0000,-1278.7900,0.0000,158.8300,48,48,3,45,48,0.0625,2778.7900,-0.1279,48,0,1693540800,1760130000
sim-b006-087,batch-006,mean_reversion,mean-reversion-b006-087,nobel_settled,641,8714.2500,8714.2500,0.0000,-1285.7500,0.0000,326.5600,83,11,3,44,47,0.0638,1285.7500,-0.1286,18,0,1695268800,1760425200
sim-b005-090,batch-005,contrarian,contrarian-b005-090,nobel_settled,642,8710.5800,8710.5800,0.0000,-1289.4200,0.0000,349.6400,130,26,12,66,78,0.1538,2356.4200,-0.1289,26,0,1695268800,1760349600
sim-b010-088,batch-010,slice_band,slice-band-b010-088,nobel_settled,643,8705.9900,8705.9900,0.0000,-1294.0100,0.0000,159.2100,48,48,3,45,48,0.0625,2794.0100,-0.1294,48,0,1693540800,1760130000
sim-b003-086,batch-003,longshot_band,longshot-band-b003-086,nobel_settled,644,8705.0400,8705.0400,0.0000,-1294.9600,0.0000,134.9600,42,42,2,40,42,0.0476,2294.9600,-0.1295,42,0,1692849600,1760374800
sim-b001-023,batch-001,null_model,null-model-b001-023,nobel_settled,645,8698.1000,8698.1000,0.0000,-1301.9000,0.0000,78.5300,54,54,18,36,54,0.3333,3203.9000,-0.1302,54,0,1695787200,1760580000
sim-b009-098,batch-009,entry_timing_slice,entry-timing-slice-b009-098,nobel_settled,646,8690.1700,8690.1700,0.0000,-1309.8300,0.0000,125.8000,31,31,2,29,31,0.0645,2309.8300,-0.1310,31,0,1694404800,1760209200
sim-b001-080,batch-001,null_model,null-model-b001-080,nobel_settled,647,8689.7600,8689.7600,0.0000,-1310.2400,0.0000,107.3100,60,60,15,45,60,0.2500,3163.2400,-0.1310,60,0,1695787200,1760547600
sim-b003-047,batch-003,longshot_band,longshot-band-b003-047,nobel_settled,648,8677.9600,8677.9600,0.0000,-1322.0400,0.0000,167.0400,58,58,3,55,58,0.0517,2822.0400,-0.1322,58,0,1692158400,1760374800
sim-b003-048,batch-003,longshot_band,longshot-band-b003-048,nobel_settled,648,8677.9600,8677.9600,0.0000,-1322.0400,0.0000,167.0400,58,58,3,55,58,0.0517,2822.0400,-0.1322,58,0,1692158400,1760374800
sim-b010-077,batch-010,longshot_band_wide,longshot-band-wide-b010-077,nobel_settled,648,8677.9600,8677.9600,0.0000,-1322.0400,0.0000,167.0400,58,58,3,55,58,0.0517,2822.0400,-0.1322,58,0,1692158400,1760374800
sim-b010-078,batch-010,longshot_band_wide,longshot-band-wide-b010-078,nobel_settled,648,8677.9600,8677.9600,0.0000,-1322.0400,0.0000,167.0400,58,58,3,55,58,0.0517,2822.0400,-0.1322,58,0,1692158400,1760374800
sim-b005-088,batch-005,contrarian,contrarian-b005-088,nobel_settled,652,8674.1000,8674.1000,0.0000,-1325.9000,0.0000,361.6200,135,27,12,69,81,0.1481,2392.9000,-0.1326,27,0,1695268800,1760349600
sim-b001-012,batch-001,null_model,null-model-b001-012,nobel_settled,653,8650.3700,8650.3700,0.0000,-1349.6300,0.0000,84.9300,56,56,19,37,56,0.3393,3237.6300,-0.1350,56,0,1694232000,1760644800
sim-b006-088,batch-006,mean_reversion,mean-reversion-b006-088,nobel_settled,654,8642.3500,8642.3500,0.0000,-1357.6500,0.0000,323.4600,83,11,2,45,47,0.0426,1357.6500,-0.1358,18,0,1695268800,1760425200
sim-b003-067,batch-003,longshot_band,longshot-band-b003-067,nobel_settled,655,8641.1200,8641.1200,0.0000,-1358.8800,0.0000,168.8800,56,56,3,53,56,0.0536,2858.8800,-0.1359,56,0,1692158400,1760374800
sim-b003-068,batch-003,longshot_band,longshot-band-b003-068,nobel_settled,655,8641.1200,8641.1200,0.0000,-1358.8800,0.0000,168.8800,56,56,3,53,56,0.0536,2858.8800,-0.1359,56,0,1692158400,1760374800
sim-b003-100,batch-003,longshot_band,longshot-band-b003-100,nobel_settled,657,8636.3900,8636.3900,0.0000,-1363.6100,0.0000,163.7100,45,45,3,42,45,0.0667,2863.6100,-0.1364,45,0,1692158400,1760148000
sim-b003-096,batch-003,longshot_band,longshot-band-b003-096,nobel_settled,658,8636.0300,8636.0300,0.0000,-1363.9700,0.0000,164.1300,45,45,3,42,45,0.0667,2863.9700,-0.1364,45,0,1692158400,1760187600
sim-b003-092,batch-003,longshot_band,longshot-band-b003-092,nobel_settled,659,8635.5900,8635.5900,0.0000,-1364.4100,0.0000,164.4100,45,45,3,42,45,0.0667,2864.4100,-0.1364,45,0,1692158400,1760248800
sim-b003-027,batch-003,longshot_band,longshot-band-b003-027,nobel_settled,660,8635.2300,8635.2300,0.0000,-1364.7700,0.0000,169.7700,61,61,3,58,61,0.0492,2864.7700,-0.1365,61,0,1692158400,1760374800
sim-b003-028,batch-003,longshot_band,longshot-band-b003-028,nobel_settled,660,8635.2300,8635.2300,0.0000,-1364.7700,0.0000,169.7700,61,61,3,58,61,0.0492,2864.7700,-0.1365,61,0,1692158400,1760374800
sim-b005-089,batch-005,contrarian,contrarian-b005-089,nobel_settled,662,8634.8000,8634.8000,0.0000,-1365.2000,0.0000,355.0200,133,27,12,68,80,0.1500,2432.2000,-0.1365,27,0,1695268800,1760349600
sim-b009-028,batch-009,breakout_hold,breakout-hold-b009-028,nobel_settled,663,8634.5400,8634.5400,0.0000,-1365.4600,0.0000,100.9300,26,26,1,25,26,0.0385,1865.4600,-0.1365,26,0,1696046400,1760209200
sim-b009-029,batch-009,breakout_hold,breakout-hold-b009-029,nobel_settled,663,8634.5400,8634.5400,0.0000,-1365.4600,0.0000,100.9300,26,26,1,25,26,0.0385,1865.4600,-0.1365,26,0,1696046400,1760209200
sim-b009-030,batch-009,breakout_hold,breakout-hold-b009-030,nobel_settled,663,8634.5400,8634.5400,0.0000,-1365.4600,0.0000,100.9300,26,26,1,25,26,0.0385,1865.4600,-0.1365,26,0,1696046400,1760209200
sim-b008-060,batch-008,volatility_gate,volatility-gate-b008-060,nobel_settled,666,8631.6500,8631.6500,0.0000,-1368.3500,0.0000,138.3500,45,45,2,43,45,0.0444,2368.3500,-0.1368,45,0,1733288400,1760349600
sim-b001-050,batch-001,null_model,null-model-b001-050,nobel_settled,667,8629.1700,8629.1700,0.0000,-1370.8300,0.0000,81.6800,50,50,17,33,50,0.3400,3143.8300,-0.1371,50,0,1694059200,1760644800
sim-b001-028,batch-001,null_model,null-model-b001-028,nobel_settled,668,8624.6900,8624.6900,0.0000,-1375.3100,0.0000,85.2500,52,52,13,39,52,0.2500,2736.3100,-0.1375,52,0,1733806800,1760648400
sim-b010-007,batch-010,tight_value_ranged,tight-value-ranged-b010-007,nobel_settled,669,8622.3400,8622.3400,0.0000,-1377.6600,0.0000,168.1200,61,61,3,58,61,0.0492,2877.6600,-0.1378,61,0,1694059200,1760130000
sim-b010-011,batch-010,tight_value_ranged,tight-value-ranged-b010-011,nobel_settled,669,8622.3400,8622.3400,0.0000,-1377.6600,0.0000,168.1200,61,61,3,58,61,0.0492,2877.6600,-0.1378,61,0,1694059200,1760130000
sim-b010-015,batch-010,tight_value_ranged,tight-value-ranged-b010-015,nobel_settled,669,8622.3400,8622.3400,0.0000,-1377.6600,0.0000,168.1200,61,61,3,58,61,0.0492,2877.6600,-0.1378,61,0,1694059200,1760130000
sim-b010-003,batch-010,tight_value_ranged,tight-value-ranged-b010-003,nobel_settled,672,8621.7300,8621.7300,0.0000,-1378.2700,0.0000,168.5500,61,61,3,58,61,0.0492,2878.2700,-0.1378,61,0,1694059200,1760148000
sim-b010-083,batch-010,longshot_band_wide,longshot-band-wide-b010-083,nobel_settled,673,8620.8100,8620.8100,0.0000,-1379.1900,0.0000,164.5100,45,45,3,42,45,0.0667,2879.1900,-0.1379,45,0,1692158400,1760187600
sim-b010-084,batch-010,longshot_band_wide,longshot-band-wide-b010-084,nobel_settled,673,8620.8100,8620.8100,0.0000,-1379.1900,0.0000,164.5100,45,45,3,42,45,0.0667,2879.1900,-0.1379,45,0,1692158400,1760187600
sim-b001-045,batch-001,null_model,null-model-b001-045,nobel_settled,675,8618.4600,8618.4600,0.0000,-1381.5400,0.0000,87.2200,55,55,16,39,55,0.2909,2972.5400,-0.1382,55,0,1696132800,1760547600
sim-b006-066,batch-006,mean_reversion,mean-reversion-b006-066,nobel_settled,676,8609.7500,8609.7500,0.0000,-1390.2500,0.0000,362.9800,92,10,3,48,51,0.0588,1390.2500,-0.1390,17,0,1733374800,1760392800
sim-b003-007,batch-003,longshot_band,longshot-band-b003-007,nobel_settled,677,8608.4800,8608.4800,0.0000,-1391.5200,0.0000,171.5200,66,66,3,63,66,0.0455,2891.5200,-0.1392,66,0,1692158400,1760410800
sim-b003-008,batch-003,longshot_band,longshot-band-b003-008,nobel_settled,677,8608.4800,8608.4800,0.0000,-1391.5200,0.0000,171.5200,66,66,3,63,66,0.0455,2891.5200,-0.1392,66,0,1692158400,1760410800
sim-b010-073,batch-010,longshot_band_wide,longshot-band-wide-b010-073,nobel_settled,677,8608.4800,8608.4800,0.0000,-1391.5200,0.0000,171.5200,66,66,3,63,66,0.0455,2891.5200,-0.1392,66,0,1692158400,1760410800
sim-b010-074,batch-010,longshot_band_wide,longshot-band-wide-b010-074,nobel_settled,677,8608.4800,8608.4800,0.0000,-1391.5200,0.0000,171.5200,66,66,3,63,66,0.0455,2891.5200,-0.1392,66,0,1692158400,1760410800
sim-b006-046,batch-006,mean_reversion,mean-reversion-b006-046,nobel_settled,681,8602.2500,8602.2500,0.0000,-1397.7500,0.0000,383.4800,96,10,5,48,53,0.0943,1397.7500,-0.1398,18,0,1695268800,1760392800
sim-b005-087,batch-005,contrarian,contrarian-b005-087,nobel_settled,682,8594.6300,8594.6300,0.0000,-1405.3700,0.0000,366.0900,136,28,12,70,82,0.1463,2472.3700,-0.1405,28,0,1695268800,1760349600
sim-b006-025,batch-006,mean_reversion,mean-reversion-b006-025,nobel_settled,683,8582.5500,8582.5500,0.0000,-1417.4500,0.0000,371.0200,95,11,4,49,53,0.0755,1417.4500,-0.1417,21,0,1695268800,1760392800
sim-b003-058,batch-003,longshot_band,longshot-band-b003-058,nobel_settled,684,8579.4900,8579.4900,0.0000,-1420.5100,0.0000,170.6100,58,58,3,55,58,0.0517,2920.5100,-0.1421,58,0,1692849600,1760202000
sim-b003-054,batch-003,longshot_band,longshot-band-b003-054,nobel_settled,685,8579.1300,8579.1300,0.0000,-1420.8700,0.0000,171.0300,58,58,3,55,58,0.0517,2920.8700,-0.1421,58,0,1692849600,1760202000
sim-b003-050,batch-003,longshot_band,longshot-band-b003-050,nobel_settled,686,8578.6900,8578.6900,0.0000,-1421.3100,0.0000,171.3100,58,58,3,55,58,0.0517,2921.3100,-0.1421,58,0,1692849600,1760248800
sim-b006-067,batch-006,mean_reversion,mean-reversion-b006-067,nobel_settled,687,8566.7900,8566.7900,0.0000,-1433.2100,0.0000,377.0200,96,10,4,49,53,0.0755,1433.2100,-0.1433,18,0,1695268800,1760392800
sim-b006-047,batch-006,mean_reversion,mean-reversion-b006-047,nobel_settled,688,8557.9100,8557.9100,0.0000,-1442.0900,0.0000,392.7800,98,10,5,49,54,0.0926,1442.0900,-0.1442,19,0,1695268800,1760392800
sim-b003-038,batch-003,longshot_band,longshot-band-b003-038,nobel_settled,689,8536.7600,8536.7600,0.0000,-1463.2400,0.0000,173.3400,61,61,3,58,61,0.0492,2963.2400,-0.1463,61,0,1692849600,1760148000
sim-b003-034,batch-003,longshot_band,longshot-band-b003-034,nobel_settled,690,8536.4000,8536.4000,0.0000,-1463.6000,0.0000,173.7600,61,61,3,58,61,0.0492,2963.6000,-0.1464,61,0,1692849600,1760187600
sim-b003-030,batch-003,longshot_band,longshot-band-b003-030,nobel_settled,691,8535.9600,8535.9600,0.0000,-1464.0400,0.0000,174.0400,61,61,3,58,61,0.0492,2964.0400,-0.1464,61,0,1692849600,1760248800
sim-b001-082,batch-001,null_model,null-model-b001-082,nobel_settled,692,8527.5100,8527.5100,0.0000,-1472.4900,0.0000,101.2200,60,60,19,41,60,0.3167,3443.4900,-0.1472,60,0,1694059200,1760641200
sim-b010-008,batch-010,tight_value_ranged,tight-value-ranged-b010-008,nobel_settled,693,8526.7800,8526.7800,0.0000,-1473.2200,0.0000,173.5000,61,61,3,58,61,0.0492,2973.2200,-0.1473,61,0,1692244800,1760130000
sim-b010-012,batch-010,tight_value_ranged,tight-value-ranged-b010-012,nobel_settled,693,8526.7800,8526.7800,0.0000,-1473.2200,0.0000,173.5000,61,61,3,58,61,0.0492,2973.2200,-0.1473,61,0,1692244800,1760130000
sim-b010-016,batch-010,tight_value_ranged,tight-value-ranged-b010-016,nobel_settled,693,8526.7800,8526.7800,0.0000,-1473.2200,0.0000,173.5000,61,61,3,58,61,0.0492,2973.2200,-0.1473,61,0,1692244800,1760130000
sim-b010-004,batch-010,tight_value_ranged,tight-value-ranged-b010-004,nobel_settled,696,8526.1700,8526.1700,0.0000,-1473.8300,0.0000,173.9300,61,61,3,58,61,0.0492,2973.8300,-0.1474,61,0,1692244800,1760148000
sim-b005-086,batch-005,contrarian,contrarian-b005-086,nobel_settled,697,8524.4100,8524.4100,0.0000,-1475.5900,0.0000,378.0000,139,29,12,72,84,0.1429,2542.5900,-0.1476,29,0,1695268800,1760349600
sim-b003-018,batch-003,longshot_band,longshot-band-b003-018,nobel_settled,698,8510.0100,8510.0100,0.0000,-1489.9900,0.0000,175.0900,66,66,3,63,66,0.0455,2989.9900,-0.1490,66,0,1692849600,1760410800
sim-b003-014,batch-003,longshot_band,longshot-band-b003-014,nobel_settled,699,8509.6500,8509.6500,0.0000,-1490.3500,0.0000,175.5100,66,66,3,63,66,0.0455,2990.3500,-0.1490,66,0,1692849600,1760410800
sim-b003-010,batch-003,longshot_band,longshot-band-b003-010,nobel_settled,700,8509.2100,8509.2100,0.0000,-1490.7900,0.0000,175.7900,66,66,3,63,66,0.0455,2990.7900,-0.1491,66,0,1692849600,1760410800
sim-b003-059,batch-003,longshot_band,longshot-band-b003-059,nobel_settled,701,8500.3800,8500.3800,0.0000,-1499.6200,0.0000,174.7200,58,58,3,55,58,0.0517,2999.6200,-0.1500,58,0,1692158400,1760202000
sim-b003-055,batch-003,longshot_band,longshot-band-b003-055,nobel_settled,702,8500.0200,8500.0200,0.0000,-1499.9800,0.0000,175.1400,58,58,3,55,58,0.0517,2999.9800,-0.1500,58,0,1692158400,1760202000
sim-b003-051,batch-003,longshot_band,longshot-band-b003-051,nobel_settled,703,8499.5800,8499.5800,0.0000,-1500.4200,0.0000,175.4200,58,58,3,55,58,0.0517,3000.4200,-0.1500,58,0,1692158400,1760248800
sim-b010-085,batch-010,slice_band,slice-band-b010-085,nobel_settled,704,8477.6900,8477.6900,0.0000,-1522.3100,0.0000,150.3700,48,48,3,45,48,0.0625,2664.3100,-0.1522,48,0,1694059200,1760130000
sim-b009-099,batch-009,entry_timing_slice,entry-timing-slice-b009-099,nobel_settled,705,8473.0900,8473.0900,0.0000,-1526.9100,0.0000,115.0200,29,29,2,27,29,0.0690,2168.9100,-0.1527,29,0,1696046400,1760209200
sim-b005-095,batch-005,contrarian,contrarian-b005-095,nobel_settled,706,8463.5800,8463.5800,0.0000,-1536.4200,0.0000,375.6000,146,28,13,74,87,0.1494,2716.4200,-0.1536,28,0,1695268800,1760428800
sim-b003-079,batch-003,longshot_band,longshot-band-b003-079,nobel_settled,707,8463.5400,8463.5400,0.0000,-1536.4600,0.0000,176.5600,56,56,3,53,56,0.0536,3036.4600,-0.1536,56,0,1692158400,1760148000
sim-b003-075,batch-003,longshot_band,longshot-band-b003-075,nobel_settled,708,8463.1800,8463.1800,0.0000,-1536.8200,0.0000,176.9800,56,56,3,53,56,0.0536,3036.8200,-0.1537,56,0,1692158400,1760187600
sim-b003-071,batch-003,longshot_band,longshot-band-b003-071,nobel_settled,709,8462.7400,8462.7400,0.0000,-1537.2600,0.0000,177.2600,56,56,3,53,56,0.0536,3037.2600,-0.1537,56,0,1692158400,1760248800
sim-b009-025,batch-009,breakout_hold,breakout-hold-b009-025,nobel_settled,710,8462.6400,8462.6400,0.0000,-1537.3600,0.0000,112.9800,35,35,1,34,35,0.0286,2037.3600,-0.1537,35,0,1695700800,1760209200
sim-b009-026,batch-009,breakout_hold,breakout-hold-b009-026,nobel_settled,710,8462.6400,8462.6400,0.0000,-1537.3600,0.0000,112.9800,35,35,1,34,35,0.0286,2037.3600,-0.1537,35,0,1695700800,1760209200
sim-b009-027,batch-009,breakout_hold,breakout-hold-b009-027,nobel_settled,710,8462.6400,8462.6400,0.0000,-1537.3600,0.0000,112.9800,35,35,1,34,35,0.0286,2037.3600,-0.1537,35,0,1695700800,1760209200
sim-b003-039,batch-003,longshot_band,longshot-band-b003-039,nobel_settled,713,8457.6500,8457.6500,0.0000,-1542.3500,0.0000,177.4500,61,61,3,58,61,0.0492,3042.3500,-0.1542,61,0,1692158400,1760148000
sim-b003-035,batch-003,longshot_band,longshot-band-b003-035,nobel_settled,714,8457.2900,8457.2900,0.0000,-1542.7100,0.0000,177.8700,61,61,3,58,61,0.0492,3042.7100,-0.1543,61,0,1692158400,1760187600
sim-b003-031,batch-003,longshot_band,longshot-band-b003-031,nobel_settled,715,8456.8500,8456.8500,0.0000,-1543.1500,0.0000,178.1500,61,61,3,58,61,0.0492,3043.1500,-0.1543,61,0,1692158400,1760248800
sim-b003-060,batch-003,longshot_band,longshot-band-b003-060,nobel_settled,716,8453.0200,8453.0200,0.0000,-1546.9800,0.0000,177.0800,58,58,3,55,58,0.0517,3046.9800,-0.1547,58,0,1692158400,1760202000
sim-b003-056,batch-003,longshot_band,longshot-band-b003-056,nobel_settled,717,8452.6600,8452.6600,0.0000,-1547.3400,0.0000,177.5000,58,58,3,55,58,0.0517,3047.3400,-0.1547,58,0,1692158400,1760202000
sim-b003-052,batch-003,longshot_band,longshot-band-b003-052,nobel_settled,718,8452.2200,8452.2200,0.0000,-1547.7800,0.0000,177.7800,58,58,3,55,58,0.0517,3047.7800,-0.1548,58,0,1692158400,1760248800
sim-b001-037,batch-001,null_model,null-model-b001-037,nobel_settled,719,8444.1400,8444.1400,0.0000,-1555.8600,0.0000,92.8400,51,51,12,39,51,0.2353,2829.8600,-0.1556,51,0,1694404800,1760572800
sim-b010-079,batch-010,longshot_band_wide,longshot-band-wide-b010-079,nobel_settled,720,8437.4400,8437.4400,0.0000,-1562.5600,0.0000,177.8800,58,58,3,55,58,0.0517,3062.5600,-0.1563,58,0,1692158400,1760202000
sim-b010-080,batch-010,longshot_band_wide,longshot-band-wide-b010-080,nobel_settled,720,8437.4400,8437.4400,0.0000,-1562.5600,0.0000,177.8800,58,58,3,55,58,0.0517,3062.5600,-0.1563,58,0,1692158400,1760202000
sim-b003-019,batch-003,longshot_band,longshot-band-b003-019,nobel_settled,722,8430.9000,8430.9000,0.0000,-1569.1000,0.0000,179.2000,66,66,3,63,66,0.0455,3069.1000,-0.1569,66,0,1692158400,1760410800
sim-b003-015,batch-003,longshot_band,longshot-band-b003-015,nobel_settled,723,8430.5400,8430.5400,0.0000,-1569.4600,0.0000,179.6200,66,66,3,63,66,0.0455,3069.4600,-0.1569,66,0,1692158400,1760410800
sim-b003-011,batch-003,longshot_band,longshot-band-b003-011,nobel_settled,724,8430.1000,8430.1000,0.0000,-1569.9000,0.0000,179.9000,66,66,3,63,66,0.0455,3069.9000,-0.1570,66,0,1692158400,1760410800
sim-b005-093,batch-005,contrarian,contrarian-b005-093,nobel_settled,725,8427.1000,8427.1000,0.0000,-1572.9000,0.0000,387.5800,151,29,13,77,90,0.1444,2752.9000,-0.1573,29,0,1695268800,1760428800
sim-b003-098,batch-003,longshot_band,longshot-band-b003-098,nobel_settled,726,8426.9500,8426.9500,0.0000,-1573.0500,0.0000,148.1500,43,43,2,41,43,0.0465,2573.0500,-0.1573,43,0,1692849600,1760148000
sim-b003-094,batch-003,longshot_band,longshot-band-b003-094,nobel_settled,727,8426.5900,8426.5900,0.0000,-1573.4100,0.0000,148.5700,43,43,2,41,43,0.0465,2573.4100,-0.1573,43,0,1692849600,1760187600
sim-b003-090,batch-003,longshot_band,longshot-band-b003-090,nobel_settled,728,8426.1500,8426.1500,0.0000,-1573.8500,0.0000,148.8500,43,43,2,41,43,0.0465,2573.8500,-0.1574,43,0,1692849600,1760248800
sim-b003-080,batch-003,longshot_band,longshot-band-b003-080,nobel_settled,729,8416.1800,8416.1800,0.0000,-1583.8200,0.0000,178.9200,56,56,3,53,56,0.0536,3083.8200,-0.1584,56,0,1692158400,1760148000
sim-b003-076,batch-003,longshot_band,longshot-band-b003-076,nobel_settled,730,8415.8200,8415.8200,0.0000,-1584.1800,0.0000,179.3400,56,56,3,53,56,0.0536,3084.1800,-0.1584,56,0,1692158400,1760187600
sim-b003-072,batch-003,longshot_band,longshot-band-b003-072,nobel_settled,731,8415.3800,8415.3800,0.0000,-1584.6200,0.0000,179.6200,56,56,3,53,56,0.0536,3084.6200,-0.1585,56,0,1692158400,1760248800
sim-b003-040,batch-003,longshot_band,longshot-band-b003-040,nobel_settled,732,8410.2900,8410.2900,0.0000,-1589.7100,0.0000,179.8100,61,61,3,58,61,0.0492,3089.7100,-0.1590,61,0,1692158400,1760148000
sim-b003-036,batch-003,longshot_band,longshot-band-b003-036,nobel_settled,733,8409.9300,8409.9300,0.0000,-1590.0700,0.0000,180.2300,61,61,3,58,61,0.0492,3090.0700,-0.1590,61,0,1692158400,1760187600
sim-b003-032,batch-003,longshot_band,longshot-band-b003-032,nobel_settled,734,8409.4900,8409.4900,0.0000,-1590.5100,0.0000,180.5100,61,61,3,58,61,0.0492,3090.5100,-0.1591,61,0,1692158400,1760248800
sim-b006-068,batch-006,mean_reversion,mean-reversion-b006-068,nobel_settled,735,8409.0300,8409.0300,0.0000,-1590.9700,0.0000,379.7800,98,10,3,51,54,0.0556,1590.9700,-0.1591,18,0,1695268800,1760425200
sim-b006-048,batch-006,mean_reversion,mean-reversion-b006-048,nobel_settled,736,8400.1500,8400.1500,0.0000,-1599.8500,0.0000,395.5400,100,10,4,51,55,0.0727,1599.8500,-0.1600,19,0,1695268800,1760425200
sim-b005-094,batch-005,contrarian,contrarian-b005-094,nobel_settled,737,8387.8000,8387.8000,0.0000,-1612.2000,0.0000,380.9800,149,29,13,76,89,0.1461,2792.2000,-0.1612,29,0,1695268800,1760428800
sim-b003-020,batch-003,longshot_band,longshot-band-b003-020,nobel_settled,738,8383.5400,8383.5400,0.0000,-1616.4600,0.0000,181.5600,66,66,3,63,66,0.0455,3116.4600,-0.1616,66,0,1692158400,1760410800
sim-b003-016,batch-003,longshot_band,longshot-band-b003-016,nobel_settled,739,8383.1800,8383.1800,0.0000,-1616.8200,0.0000,181.9800,66,66,3,63,66,0.0455,3116.8200,-0.1617,66,0,1692158400,1760410800
sim-b003-012,batch-003,longshot_band,longshot-band-b003-012,nobel_settled,740,8382.7400,8382.7400,0.0000,-1617.2600,0.0000,182.2600,66,66,3,63,66,0.0455,3117.2600,-0.1617,66,0,1692158400,1760410800
sim-b008-009,batch-008,volume_momentum_window,volume-momentum-window-b008-009,nobel_settled,741,8376.1900,8376.1900,0.0000,-1623.8100,0.0000,626.8500,251,39,32,113,145,0.2207,5119.8100,-0.1624,39,0,1694145600,1760349600
sim-b010-075,batch-010,longshot_band_wide,longshot-band-wide-b010-075,nobel_settled,742,8367.9600,8367.9600,0.0000,-1632.0400,0.0000,182.3600,66,66,3,63,66,0.0455,3132.0400,-0.1632,66,0,1692158400,1760410800
sim-b010-076,batch-010,longshot_band_wide,longshot-band-wide-b010-076,nobel_settled,742,8367.9600,8367.9600,0.0000,-1632.0400,0.0000,182.3600,66,66,3,63,66,0.0455,3132.0400,-0.1632,66,0,1692158400,1760410800
sim-b005-100,batch-005,contrarian,contrarian-b005-100,nobel_settled,744,8354.6700,8354.6700,0.0000,-1645.3300,0.0000,384.6700,150,28,12,77,89,0.1348,2825.3300,-0.1645,28,0,1695268800,1760428800
sim-b003-066,batch-003,longshot_band,longshot-band-b003-066,nobel_settled,745,8331.8500,8331.8500,0.0000,-1668.1500,0.0000,158.1500,54,54,2,52,54,0.0370,2668.1500,-0.1668,54,0,1692849600,1760374800
sim-b005-098,batch-005,contrarian,contrarian-b005-098,nobel_settled,746,8318.1900,8318.1900,0.0000,-1681.8100,0.0000,396.6500,155,29,12,80,92,0.1304,2861.8100,-0.1682,29,0,1695268800,1760428800
sim-b006-005,batch-006,mean_reversion,mean-reversion-b006-005,nobel_settled,747,8299.8600,8299.8600,0.0000,-1700.1400,0.0000,435.9200,109,9,1,58,59,0.0169,1700.1400,-0.1700,22,0,1695268800,1760389200
sim-b009-100,batch-009,entry_timing_slice,entry-timing-slice-b009-100,nobel_settled,748,8299.3300,8299.3300,0.0000,-1700.6700,0.0000,123.9900,31,31,2,29,31,0.0645,2342.6700,-0.1701,31,0,1696046400,1760209200
sim-b008-069,batch-008,volatility_gate,volatility-gate-b008-069,nobel_settled,749,8290.6500,8290.6500,0.0000,-1709.3500,0.0000,129.3500,44,44,1,43,44,0.0227,2209.3500,-0.1709,44,0,1733547600,1760360400
sim-b008-072,batch-008,volatility_gate,volatility-gate-b008-072,nobel_settled,750,8290.4300,8290.4300,0.0000,-1709.5700,0.0000,129.5700,44,44,1,43,44,0.0227,2209.5700,-0.1710,44,0,1733547600,1760353200
sim-b008-075,batch-008,volatility_gate,volatility-gate-b008-075,nobel_settled,751,8290.4100,8290.4100,0.0000,-1709.5900,0.0000,129.5900,44,44,1,43,44,0.0227,2209.5900,-0.1710,44,0,1733547600,1760349600
sim-b005-099,batch-005,contrarian,contrarian-b005-099,nobel_settled,752,8278.8900,8278.8900,0.0000,-1721.1100,0.0000,390.0500,153,29,12,79,91,0.1319,2901.1100,-0.1721,29,0,1695268800,1760428800
sim-b005-092,batch-005,contrarian,contrarian-b005-092,nobel_settled,753,8276.3400,8276.3400,0.0000,-1723.6600,0.0000,398.3400,154,30,13,79,92,0.1413,2903.6600,-0.1724,30,0,1695268800,1760428800
sim-b005-061,batch-005,contrarian,contrarian-b005-061,nobel_settled,754,8268.5700,8268.5700,0.0000,-1731.4300,0.0000,617.9400,237,31,16,118,134,0.1194,3369.4300,-0.1731,31,0,1695268800,1760349600
sim-b005-065,batch-005,contrarian,contrarian-b005-065,nobel_settled,755,8261.2500,8261.2500,0.0000,-1738.7500,0.0000,600.2700,231,31,15,116,131,0.1145,3376.7500,-0.1739,31,0,1695268800,1760349600
sim-b005-064,batch-005,contrarian,contrarian-b005-064,nobel_settled,756,8244.4300,8244.4300,0.0000,-1755.5700,0.0000,607.0900,233,31,15,117,132,0.1136,3393.5700,-0.1756,31,0,1695268800,1760349600
sim-b005-062,batch-005,contrarian,contrarian-b005-062,nobel_settled,757,8232.9900,8232.9900,0.0000,-1767.0100,0.0000,608.1200,235,31,15,118,133,0.1128,3405.0100,-0.1767,31,0,1695268800,1760349600
sim-b005-063,batch-005,contrarian,contrarian-b005-063,nobel_settled,757,8232.9900,8232.9900,0.0000,-1767.0100,0.0000,608.1200,235,31,15,118,133,0.1128,3405.0100,-0.1767,31,0,1695268800,1760349600
sim-b008-011,batch-008,volume_momentum_window,volume-momentum-window-b008-011,nobel_settled,759,8213.3800,8213.3800,0.0000,-1786.6200,0.0000,659.8000,261,39,32,118,150,0.2133,5174.6200,-0.1787,39,0,1693972800,1760446800
sim-b008-012,batch-008,volume_momentum_window,volume-momentum-window-b008-012,nobel_settled,759,8213.3800,8213.3800,0.0000,-1786.6200,0.0000,659.8000,261,39,32,118,150,0.2133,5174.6200,-0.1787,39,0,1693972800,1760446800
sim-b004-065,batch-004,momentum,momentum-b004-065,nobel_settled,761,8211.5500,8211.5500,0.0000,-1788.4500,0.0000,593.1200,230,30,30,100,130,0.2308,4453.4500,-0.1788,30,0,1695268800,1760349600
sim-b005-091,batch-005,contrarian,contrarian-b005-091,nobel_settled,762,8210.7700,8210.7700,0.0000,-1789.2300,0.0000,410.6000,158,30,13,81,94,0.1383,2969.2300,-0.1789,30,0,1695268800,1760428800
sim-b004-062,batch-004,momentum,momentum-b004-062,nobel_settled,763,8204.1700,8204.1700,0.0000,-1795.8300,0.0000,598.9900,234,30,30,102,132,0.2273,4460.8300,-0.1796,30,0,1695268800,1760349600
sim-b004-063,batch-004,momentum,momentum-b004-063,nobel_settled,763,8204.1700,8204.1700,0.0000,-1795.8300,0.0000,598.9900,234,30,30,102,132,0.2273,4460.8300,-0.1796,30,0,1695268800,1760349600
sim-b004-064,batch-004,momentum,momentum-b004-064,nobel_settled,765,8203.5700,8203.5700,0.0000,-1796.4300,0.0000,594.5900,232,30,30,101,131,0.2290,4461.4300,-0.1796,30,0,1695268800,1760349600
sim-b010-023,batch-010,tight_value_ranged,tight-value-ranged-b010-023,nobel_settled,766,8202.5100,8202.5100,0.0000,-1797.4900,0.0000,162.9500,55,55,2,53,55,0.0364,2797.4900,-0.1797,55,0,1694059200,1760349600
sim-b010-027,batch-010,tight_value_ranged,tight-value-ranged-b010-027,nobel_settled,766,8202.5100,8202.5100,0.0000,-1797.4900,0.0000,162.9500,55,55,2,53,55,0.0364,2797.4900,-0.1797,55,0,1694059200,1760349600
sim-b010-031,batch-010,tight_value_ranged,tight-value-ranged-b010-031,nobel_settled,766,8202.5100,8202.5100,0.0000,-1797.4900,0.0000,162.9500,55,55,2,53,55,0.0364,2797.4900,-0.1797,55,0,1694059200,1760349600
sim-b010-019,batch-010,tight_value_ranged,tight-value-ranged-b010-019,nobel_settled,769,8201.9000,8201.9000,0.0000,-1798.1000,0.0000,163.3800,55,55,2,53,55,0.0364,2798.1000,-0.1798,55,0,1694059200,1760349600
sim-b008-010,batch-008,volume_momentum_window,volume-momentum-window-b008-010,nobel_settled,770,8199.2000,8199.2000,0.0000,-1800.8000,0.0000,660.0700,261,39,32,118,150,0.2133,5188.8000,-0.1801,39,0,1694145600,1760446800
sim-b008-021,batch-008,volume_momentum_window,volume-momentum-window-b008-021,nobel_settled,771,8181.4500,8181.4500,0.0000,-1818.5500,0.0000,666.2800,263,39,31,120,151,0.2053,5295.5500,-0.1819,39,0,1694145600,1760374800
sim-b005-097,batch-005,contrarian,contrarian-b005-097,nobel_settled,772,8167.4300,8167.4300,0.0000,-1832.5700,0.0000,407.4100,158,30,12,82,94,0.1277,3012.5700,-0.1833,30,0,1695268800,1760428800
sim-b004-061,batch-004,momentum,momentum-b004-061,nobel_settled,773,8166.0300,8166.0300,0.0000,-1833.9700,0.0000,604.1800,236,30,30,103,133,0.2256,4500.9700,-0.1834,30,0,1695268800,1760349600
sim-b006-026,batch-006,mean_reversion,mean-reversion-b006-026,nobel_settled,774,8134.1200,8134.1200,0.0000,-1865.8800,0.0000,441.6900,116,12,3,61,64,0.0469,1865.8800,-0.1866,22,0,1695268800,1760392800
sim-b008-045,batch-008,volume_momentum_window,volume-momentum-window-b008-045,nobel_settled,775,8129.7200,8129.7200,0.0000,-1870.2800,0.0000,664.1500,258,30,28,116,144,0.1944,4529.2800,-0.1870,30,0,1734152400,1760400000
sim-b003-078,batch-003,longshot_band,longshot-band-b003-078,nobel_settled,776,8106.3500,8106.3500,0.0000,-1893.6500,0.0000,168.7500,55,55,2,53,55,0.0364,2893.6500,-0.1894,55,0,1692849600,1760148000
sim-b003-074,batch-003,longshot_band,longshot-band-b003-074,nobel_settled,777,8105.9900,8105.9900,0.0000,-1894.0100,0.0000,169.1700,55,55,2,53,55,0.0364,2894.0100,-0.1894,55,0,1692849600,1760187600
sim-b003-070,batch-003,longshot_band,longshot-band-b003-070,nobel_settled,778,8105.5500,8105.5500,0.0000,-1894.4500,0.0000,169.4500,55,55,2,53,55,0.0364,2894.4500,-0.1894,55,0,1692849600,1760248800
sim-b005-096,batch-005,contrarian,contrarian-b005-096,nobel_settled,779,8101.8600,8101.8600,0.0000,-1898.1400,0.0000,419.6700,162,30,12,84,96,0.1250,3078.1400,-0.1898,30,0,1695268800,1760428800
sim-b010-024,batch-010,tight_value_ranged,tight-value-ranged-b010-024,nobel_settled,780,8090.9300,8090.9300,0.0000,-1909.0700,0.0000,169.3500,56,56,2,54,56,0.0357,2909.0700,-0.1909,56,0,1692244800,1760349600
sim-b010-028,batch-010,tight_value_ranged,tight-value-ranged-b010-028,nobel_settled,780,8090.9300,8090.9300,0.0000,-1909.0700,0.0000,169.3500,56,56,2,54,56,0.0357,2909.0700,-0.1909,56,0,1692244800,1760349600
sim-b010-032,batch-010,tight_value_ranged,tight-value-ranged-b010-032,nobel_settled,780,8090.9300,8090.9300,0.0000,-1909.0700,0.0000,169.3500,56,56,2,54,56,0.0357,2909.0700,-0.1909,56,0,1692244800,1760349600
sim-b010-020,batch-010,tight_value_ranged,tight-value-ranged-b010-020,nobel_settled,783,8090.3200,8090.3200,0.0000,-1909.6800,0.0000,169.7800,56,56,2,54,56,0.0357,2909.6800,-0.1910,56,0,1692244800,1760349600
sim-b006-027,batch-006,mean_reversion,mean-reversion-b006-027,nobel_settled,784,8089.7800,8089.7800,0.0000,-1910.2200,0.0000,450.9900,118,12,3,62,65,0.0462,1910.2200,-0.1910,23,0,1695268800,1760392800
sim-b008-023,batch-008,volume_momentum_window,volume-momentum-window-b008-023,nobel_settled,785,8083.4900,8083.4900,0.0000,-1916.5100,0.0000,693.2800,271,39,30,125,155,0.1935,5303.5100,-0.1917,39,0,1693972800,1760446800
sim-b008-024,batch-008,volume_momentum_window,volume-momentum-window-b008-024,nobel_settled,785,8083.4900,8083.4900,0.0000,-1916.5100,0.0000,693.2800,271,39,30,125,155,0.1935,5303.5100,-0.1917,39,0,1693972800,1760446800
sim-b008-022,batch-008,volume_momentum_window,volume-momentum-window-b008-022,nobel_settled,787,8069.3100,8069.3100,0.0000,-1930.6900,0.0000,693.5500,271,39,30,125,155,0.1935,5317.6900,-0.1931,39,0,1694145600,1760446800
sim-b008-033,batch-008,volume_momentum_window,volume-momentum-window-b008-033,nobel_settled,788,8058.4700,8058.4700,0.0000,-1941.5300,0.0000,752.1100,297,39,34,134,168,0.2024,5618.5300,-0.1942,39,0,1694145600,1760374800
sim-b008-034,batch-008,volume_momentum_window,volume-momentum-window-b008-034,nobel_settled,789,7943.4600,7943.4600,0.0000,-2056.5400,0.0000,779.2500,305,39,33,139,172,0.1919,5643.5400,-0.2057,39,0,1694145600,1760446800
sim-b008-046,batch-008,volume_momentum_window,volume-momentum-window-b008-046,nobel_settled,790,7941.0300,7941.0300,0.0000,-2058.9700,0.0000,694.5000,266,32,28,121,149,0.1879,4738.9700,-0.2059,32,0,1696392000,1760400000
sim-b008-035,batch-008,volume_momentum_window,volume-momentum-window-b008-035,nobel_settled,791,7935.0600,7935.0600,0.0000,-2064.9400,0.0000,792.5800,309,39,33,141,174,0.1897,5651.9400,-0.2065,39,0,1693972800,1760446800
sim-b008-036,batch-008,volume_momentum_window,volume-momentum-window-b008-036,nobel_settled,791,7935.0600,7935.0600,0.0000,-2064.9400,0.0000,792.5800,309,39,33,141,174,0.1897,5651.9400,-0.2065,39,0,1693972800,1760446800
sim-b006-028,batch-006,mean_reversion,mean-reversion-b006-028,nobel_settled,793,7926.2900,7926.2900,0.0000,-2073.7100,0.0000,463.8400,122,12,2,65,67,0.0299,2073.7100,-0.2074,23,0,1695268800,1760425200
sim-b008-047,batch-008,volume_momentum_window,volume-momentum-window-b008-047,nobel_settled,794,7922.2000,7922.2000,0.0000,-2077.8000,0.0000,708.2600,270,32,28,123,151,0.1854,4757.8000,-0.2078,32,0,1696392000,1760400000
sim-b008-048,batch-008,volume_momentum_window,volume-momentum-window-b008-048,nobel_settled,794,7922.2000,7922.2000,0.0000,-2077.8000,0.0000,708.2600,270,32,28,123,151,0.1854,4757.8000,-0.2078,32,0,1696392000,1760400000
sim-b005-070,batch-005,contrarian,contrarian-b005-070,nobel_settled,796,7829.9900,7829.9900,0.0000,-2170.0100,0.0000,680.5200,268,34,17,134,151,0.1126,3921.0100,-0.2170,34,0,1694145600,1760349600
sim-b006-006,batch-006,mean_reversion,mean-reversion-b006-006,nobel_settled,797,7820.5100,7820.5100,0.0000,-2179.4900,0.0000,526.4400,135,9,1,71,72,0.0139,2179.4900,-0.2179,23,0,1695268800,1760389200
sim-b005-068,batch-005,contrarian,contrarian-b005-068,nobel_settled,798,7804.6600,7804.6600,0.0000,-2195.3400,0.0000,707.6300,280,34,18,139,157,0.1146,3946.3400,-0.2195,34,0,1694145600,1760349600
sim-b005-069,batch-005,contrarian,contrarian-b005-069,nobel_settled,799,7777.7600,7777.7600,0.0000,-2222.2400,0.0000,694.2000,276,34,17,138,155,0.1097,3973.2400,-0.2222,34,0,1694145600,1760349600
sim-b005-067,batch-005,contrarian,contrarian-b005-067,nobel_settled,800,7753.2100,7753.2100,0.0000,-2246.7900,0.0000,714.0800,282,34,18,140,158,0.1139,3997.7900,-0.2247,34,0,1694145600,1760349600
sim-b006-008,batch-006,mean_reversion,mean-reversion-b006-008,nobel_settled,801,7734.9200,7734.9200,0.0000,-2265.0800,0.0000,548.0300,139,9,1,73,74,0.0135,2265.0800,-0.2265,24,0,1695268800,1760389200
sim-b005-066,batch-005,contrarian,contrarian-b005-066,nobel_settled,802,7725.5700,7725.5700,0.0000,-2274.4300,0.0000,723.4100,284,34,18,141,159,0.1132,4025.4300,-0.2274,34,0,1694145600,1760349600
sim-b006-007,batch-006,mean_reversion,mean-reversion-b006-007,nobel_settled,803,7714.8300,7714.8300,0.0000,-2285.1700,0.0000,537.2000,137,9,1,72,73,0.0137,2285.1700,-0.2285,24,0,1695268800,1760389200
sim-b004-070,batch-004,momentum,momentum-b004-070,nobel_settled,804,7607.9800,7607.9800,0.0000,-2392.0200,0.0000,692.7600,265,33,30,119,149,0.2013,5186.0200,-0.2392,33,0,1694145600,1760349600
sim-b004-069,batch-004,momentum,momentum-b004-069,nobel_settled,805,7503.4900,7503.4900,0.0000,-2496.5100,0.0000,707.4100,273,33,30,123,153,0.1961,5290.5100,-0.2497,33,0,1694145600,1760349600
sim-b004-068,batch-004,momentum,momentum-b004-068,nobel_settled,806,7470.4400,7470.4400,0.0000,-2529.5600,0.0000,717.1400,277,33,30,125,155,0.1935,5323.5600,-0.2530,33,0,1694145600,1760349600
sim-b005-075,batch-005,contrarian,contrarian-b005-075,nobel_settled,807,7468.2300,7468.2300,0.0000,-2531.7700,0.0000,717.0400,290,34,17,145,162,0.1049,4282.7700,-0.2532,34,0,1694145600,1760450400
sim-b004-067,batch-004,momentum,momentum-b004-067,nobel_settled,808,7459.7500,7459.7500,0.0000,-2540.2500,0.0000,718.3800,279,33,30,126,156,0.1923,5334.2500,-0.2540,33,0,1694145600,1760349600
sim-b004-066,batch-004,momentum,momentum-b004-066,nobel_settled,809,7446.0900,7446.0900,0.0000,-2553.9100,0.0000,723.5700,281,33,30,127,157,0.1911,5349.9100,-0.2554,33,0,1694145600,1760349600
sim-b005-073,batch-005,contrarian,contrarian-b005-073,nobel_settled,810,7442.9000,7442.9000,0.0000,-2557.1000,0.0000,744.1500,302,34,18,150,168,0.1071,4308.1000,-0.2557,34,0,1694145600,1760450400
sim-b005-074,batch-005,contrarian,contrarian-b005-074,nobel_settled,811,7416.0000,7416.0000,0.0000,-2584.0000,0.0000,730.7200,298,34,17,149,166,0.1024,4335.0000,-0.2584,34,0,1694145600,1760450400
sim-b005-080,batch-005,contrarian,contrarian-b005-080,nobel_settled,812,7359.3200,7359.3200,0.0000,-2640.6800,0.0000,726.1100,294,34,16,148,164,0.0976,4391.6800,-0.2641,34,0,1694145600,1760450400
sim-b005-078,batch-005,contrarian,contrarian-b005-078,nobel_settled,813,7333.9900,7333.9900,0.0000,-2666.0100,0.0000,753.2200,306,34,17,153,170,0.1000,4417.0100,-0.2666,34,0,1694145600,1760450400
sim-b005-072,batch-005,contrarian,contrarian-b005-072,nobel_settled,814,7320.1600,7320.1600,0.0000,-2679.8400,0.0000,756.8900,306,34,18,152,170,0.1059,4430.8400,-0.2680,34,0,1694145600,1760450400
sim-b008-005,batch-008,volume_momentum_window,volume-momentum-window-b008-005,nobel_settled,815,7310.2900,7310.2900,0.0000,-2689.7100,0.0000,955.6900,431,43,40,197,237,0.1688,6456.7100,-0.2690,43,0,1694145600,1760400000
sim-b005-079,batch-005,contrarian,contrarian-b005-079,nobel_settled,816,7307.0900,7307.0900,0.0000,-2692.9100,0.0000,739.7900,302,34,16,152,168,0.0952,4443.9100,-0.2693,34,0,1694145600,1760450400
sim-b005-071,batch-005,contrarian,contrarian-b005-071,nobel_settled,817,7292.5200,7292.5200,0.0000,-2707.4800,0.0000,766.2200,308,34,18,153,171,0.1053,4458.4800,-0.2707,34,0,1694145600,1760450400
sim-b005-077,batch-005,contrarian,contrarian-b005-077,nobel_settled,818,7211.2500,7211.2500,0.0000,-2788.7500,0.0000,765.9600,310,34,17,155,172,0.0988,4539.7500,-0.2789,34,0,1694145600,1760450400
sim-b008-006,batch-008,volume_momentum_window,volume-momentum-window-b008-006,nobel_settled,819,7211.1600,7211.1600,0.0000,-2788.8400,0.0000,983.9100,439,43,39,202,241,0.1618,6469.8400,-0.2789,43,0,1694145600,1760446800
sim-b005-076,batch-005,contrarian,contrarian-b005-076,nobel_settled,820,7183.6100,7183.6100,0.0000,-2816.3900,0.0000,775.2900,312,34,17,156,173,0.0983,4567.3900,-0.2816,34,0,1694145600,1760450400
sim-b004-075,batch-004,momentum,momentum-b004-075,nobel_settled,821,7178.3900,7178.3900,0.0000,-2821.6100,0.0000,732.8700,285,33,29,130,159,0.1824,5495.6100,-0.2822,33,0,1694145600,1760450400
sim-b008-007,batch-008,volume_momentum_window,volume-momentum-window-b008-007,nobel_settled,822,7171.6100,7171.6100,0.0000,-2828.3900,0.0000,995.7300,443,43,39,204,243,0.1605,6509.3900,-0.2828,43,0,1693972800,1760446800
sim-b008-008,batch-008,volume_momentum_window,volume-momentum-window-b008-008,nobel_settled,822,7171.6100,7171.6100,0.0000,-2828.3900,0.0000,995.7300,443,43,39,204,243,0.1605,6509.3900,-0.2828,43,0,1693972800,1760446800
sim-b004-080,batch-004,momentum,momentum-b004-080,nobel_settled,824,7159.5100,7159.5100,0.0000,-2840.4900,0.0000,746.6400,289,33,29,132,161,0.1801,5514.4900,-0.2840,33,0,1694145600,1760450400
sim-b008-041,batch-008,volume_momentum_window,volume-momentum-window-b008-041,nobel_settled,825,7110.3200,7110.3200,0.0000,-2889.6800,0.0000,957.5300,425,35,36,194,230,0.1565,5946.6800,-0.2890,35,0,1734152400,1760400000
sim-b004-074,batch-004,momentum,momentum-b004-074,nobel_settled,826,7073.9000,7073.9000,0.0000,-2926.1000,0.0000,747.5200,293,33,29,134,163,0.1779,5600.1000,-0.2926,33,0,1694145600,1760450400
sim-b004-079,batch-004,momentum,momentum-b004-079,nobel_settled,827,7055.0200,7055.0200,0.0000,-2944.9800,0.0000,761.2900,297,33,29,136,165,0.1758,5618.9800,-0.2945,33,0,1694145600,1760450400
sim-b004-073,batch-004,momentum,momentum-b004-073,nobel_settled,828,7040.8500,7040.8500,0.0000,-2959.1500,0.0000,757.2500,297,33,29,136,165,0.1758,5633.1500,-0.2959,33,0,1694145600,1760450400
sim-b004-072,batch-004,momentum,momentum-b004-072,nobel_settled,829,7024.2600,7024.2600,0.0000,-2975.7400,0.0000,759.2400,301,33,29,138,167,0.1737,5649.7400,-0.2976,33,0,1694145600,1760450400
sim-b004-078,batch-004,momentum,momentum-b004-078,nobel_settled,830,7021.9700,7021.9700,0.0000,-2978.0300,0.0000,771.0200,301,33,29,138,167,0.1737,5652.0300,-0.2978,33,0,1694145600,1760450400
sim-b004-071,batch-004,momentum,momentum-b004-071,nobel_settled,831,7010.3300,7010.3300,0.0000,-2989.6700,0.0000,764.4400,303,33,29,139,168,0.1726,5663.6700,-0.2990,33,0,1694145600,1760450400
sim-b004-077,batch-004,momentum,momentum-b004-077,nobel_settled,832,7005.3800,7005.3800,0.0000,-2994.6200,0.0000,773.0100,305,33,29,140,169,0.1716,5668.6200,-0.2995,33,0,1694145600,1760450400
sim-b004-076,batch-004,momentum,momentum-b004-076,nobel_settled,833,6991.4500,6991.4500,0.0000,-3008.5500,0.0000,778.2100,307,33,29,141,170,0.1706,5682.5500,-0.3009,33,0,1694145600,1760450400
sim-b008-042,batch-008,volume_momentum_window,volume-momentum-window-b008-042,nobel_settled,834,6969.5700,6969.5700,0.0000,-3030.4300,0.0000,981.2500,431,37,36,198,234,0.1538,6108.4300,-0.3030,37,0,1696392000,1760400000
sim-b008-017,batch-008,volume_momentum_window,volume-momentum-window-b008-017,nobel_settled,835,6952.6600,6952.6600,0.0000,-3047.3400,0.0000,1018.2700,457,43,39,211,250,0.1560,6819.3400,-0.3047,43,0,1694145600,1760400000
sim-b008-043,batch-008,volume_momentum_window,volume-momentum-window-b008-043,nobel_settled,836,6950.4800,6950.4800,0.0000,-3049.5200,0.0000,995.0200,435,37,36,200,236,0.1525,6127.5200,-0.3050,37,0,1696392000,1760400000
sim-b008-044,batch-008,volume_momentum_window,volume-momentum-window-b008-044,nobel_settled,836,6950.4800,6950.4800,0.0000,-3049.5200,0.0000,995.0200,435,37,36,200,236,0.1525,6127.5200,-0.3050,37,0,1696392000,1760400000
sim-b008-018,batch-008,volume_momentum_window,volume-momentum-window-b008-018,nobel_settled,838,6892.5200,6892.5200,0.0000,-3107.4800,0.0000,1039.0600,463,43,38,215,253,0.1502,6793.4800,-0.3107,43,0,1694145600,1760446800
sim-b008-029,batch-008,volume_momentum_window,volume-momentum-window-b008-029,nobel_settled,839,6886.6500,6886.6500,0.0000,-3113.3500,0.0000,1094.7100,479,43,41,220,261,0.1571,7083.3500,-0.3113,43,0,1694145600,1760400000
sim-b008-019,batch-008,volume_momentum_window,volume-momentum-window-b008-019,nobel_settled,840,6852.9700,6852.9700,0.0000,-3147.0300,0.0000,1050.8800,467,43,38,217,255,0.1490,6833.0300,-0.3147,43,0,1693972800,1760446800
sim-b008-020,batch-008,volume_momentum_window,volume-momentum-window-b008-020,nobel_settled,840,6852.9700,6852.9700,0.0000,-3147.0300,0.0000,1050.8800,467,43,38,217,255,0.1490,6833.0300,-0.3147,43,0,1693972800,1760446800
sim-b008-030,batch-008,volume_momentum_window,volume-momentum-window-b008-030,nobel_settled,842,6820.1300,6820.1300,0.0000,-3179.8700,0.0000,1115.1900,485,43,40,224,264,0.1515,7063.8700,-0.3180,43,0,1694145600,1760446800
sim-b008-031,batch-008,volume_momentum_window,volume-momentum-window-b008-031,nobel_settled,843,6811.4700,6811.4700,0.0000,-3188.5300,0.0000,1128.5300,489,43,40,226,266,0.1504,7072.5300,-0.3189,43,0,1693972800,1760446800
sim-b008-032,batch-008,volume_momentum_window,volume-momentum-window-b008-032,nobel_settled,843,6811.4700,6811.4700,0.0000,-3188.5300,0.0000,1128.5300,489,43,40,226,266,0.1504,7072.5300,-0.3189,43,0,1693972800,1760446800
sim-b006-081,batch-006,mean_reversion,mean-reversion-b006-081,nobel_settled,845,6797.9400,6797.9400,0.0000,-3202.0600,0.0000,886.4200,241,15,4,124,128,0.0313,3202.0600,-0.3202,27,0,1733547600,1760374800
sim-b006-061,batch-006,mean_reversion,mean-reversion-b006-061,nobel_settled,846,6530.6100,6530.6100,0.0000,-3469.3900,0.0000,953.3300,264,16,4,136,140,0.0286,3469.3900,-0.3469,32,0,1696478400,1760414400
sim-b006-082,batch-006,mean_reversion,mean-reversion-b006-082,nobel_settled,847,6464.4400,6464.4400,0.0000,-3535.5600,0.0000,927.5200,255,15,4,131,135,0.0296,3535.5600,-0.3536,28,0,1733547600,1760374800
sim-b004-045,batch-004,momentum,momentum-b004-045,nobel_settled,848,6407.0200,6407.0200,0.0000,-3592.9800,0.0000,1159.5700,475,37,38,218,256,0.1484,7466.9800,-0.3593,37,0,1695268800,1760400000
sim-b006-083,batch-006,mean_reversion,mean-reversion-b006-083,nobel_settled,849,6367.0900,6367.0900,0.0000,-3632.9100,0.0000,945.9500,261,15,5,133,138,0.0362,3632.9100,-0.3633,29,0,1695268800,1760450400
sim-b006-041,batch-006,mean_reversion,mean-reversion-b006-041,nobel_settled,850,6332.2100,6332.2100,0.0000,-3667.7900,0.0000,1010.6200,282,18,5,145,150,0.0333,3667.7900,-0.3668,36,0,1695268800,1760403600
sim-b006-084,batch-006,mean_reversion,mean-reversion-b006-084,nobel_settled,851,6295.1900,6295.1900,0.0000,-3704.8100,0.0000,942.8500,261,15,4,134,138,0.0290,3704.8100,-0.3705,29,0,1695268800,1760450400
sim-b006-021,batch-006,mean_reversion,mean-reversion-b006-021,nobel_settled,852,6292.0700,6292.0700,0.0000,-3707.9300,0.0000,1150.1000,326,18,8,164,172,0.0465,4207.9300,-0.3708,36,0,1694059200,1760410800
sim-b004-044,batch-004,momentum,momentum-b004-044,nobel_settled,853,6192.8000,6192.8000,0.0000,-3807.2000,0.0000,1192.8200,499,37,38,230,268,0.1418,7681.2000,-0.3807,37,0,1694059200,1760400000
sim-b004-042,batch-004,momentum,momentum-b004-042,nobel_settled,854,6156.6700,6156.6700,0.0000,-3843.3300,0.0000,1201.4400,504,38,39,232,271,0.1439,7824.3300,-0.3843,38,0,1694059200,1760400000
sim-b004-043,batch-004,momentum,momentum-b004-043,nobel_settled,855,6151.7700,6151.7700,0.0000,-3848.2300,0.0000,1201.0900,503,37,38,232,270,0.1407,7724.2300,-0.3848,37,0,1694059200,1760400000
sim-b006-062,batch-006,mean_reversion,mean-reversion-b006-062,nobel_settled,856,6147.0600,6147.0600,0.0000,-3852.9400,0.0000,1015.9800,285,15,4,146,150,0.0267,3852.9400,-0.3853,33,0,1696478400,1760414400
sim-b004-041,batch-004,momentum,momentum-b004-041,nobel_settled,857,6116.4300,6116.4300,0.0000,-3883.5700,0.0000,1206.4900,506,38,39,233,272,0.1434,7864.5700,-0.3884,38,0,1694059200,1760400000
sim-b006-063,batch-006,mean_reversion,mean-reversion-b006-063,nobel_settled,858,6048.3300,6048.3300,0.0000,-3951.6700,0.0000,1029.6700,289,15,4,148,152,0.0263,3951.6700,-0.3952,34,0,1695268800,1760450400
sim-b006-064,batch-006,mean_reversion,mean-reversion-b006-064,nobel_settled,859,5976.4300,5976.4300,0.0000,-4023.5700,0.0000,1026.5700,289,15,3,149,152,0.0197,4023.5700,-0.4024,34,0,1695268800,1760450400
sim-b006-042,batch-006,mean_reversion,mean-reversion-b006-042,nobel_settled,860,5963.6500,5963.6500,0.0000,-4036.3500,0.0000,1065.9800,300,18,5,154,159,0.0314,4036.3500,-0.4036,37,0,1695268800,1760403600
sim-b006-043,batch-006,mean_reversion,mean-reversion-b006-043,nobel_settled,861,5805.2700,5805.2700,0.0000,-4194.7300,0.0000,1084.3200,306,18,5,157,162,0.0309,4194.7300,-0.4195,38,0,1695268800,1760450400
sim-b006-022,batch-006,mean_reversion,mean-reversion-b006-022,nobel_settled,862,5751.0000,5751.0000,0.0000,-4249.0000,0.0000,1236.4400,352,18,7,178,185,0.0378,4749.0000,-0.4249,37,0,1694059200,1760450400
sim-b006-044,batch-006,mean_reversion,mean-reversion-b006-044,nobel_settled,863,5733.3700,5733.3700,0.0000,-4266.6300,0.0000,1081.2200,306,18,4,158,162,0.0247,4266.6300,-0.4267,38,0,1695268800,1760450400
sim-b004-050,batch-004,momentum,momentum-b004-050,nobel_settled,864,5711.7000,5711.7000,0.0000,-4288.3000,0.0000,1262.2100,515,39,36,241,277,0.1300,7978.3000,-0.4288,39,0,1694145600,1760400000
sim-b005-045,batch-005,contrarian,contrarian-b005-045,nobel_settled,865,5676.9300,5676.9300,0.0000,-4323.0700,0.0000,1147.8400,476,38,18,239,257,0.0700,5454.0700,-0.4323,38,0,1695268800,1760400000
sim-b008-037,batch-008,volume_momentum_window,volume-momentum-window-b008-037,nobel_settled,866,5595.7700,5595.7700,0.0000,-4404.2300,0.0000,1487.4600,759,39,41,358,399,0.1028,7710.2300,-0.4404,39,0,1694491200,1760400000
sim-b008-001,batch-008,volume_momentum_window,volume-momentum-window-b008-001,nobel_settled,867,5579.5600,5579.5600,0.0000,-4420.4400,0.0000,1516.1700,772,46,44,365,409,0.1076,8296.4400,-0.4420,46,0,1694145600,1760400000
sim-b006-023,batch-006,mean_reversion,mean-reversion-b006-023,nobel_settled,868,5576.8500,5576.8500,0.0000,-4423.1500,0.0000,1255.5500,358,18,7,181,188,0.0372,4923.1500,-0.4423,38,0,1694059200,1760450400
sim-b008-002,batch-008,volume_momentum_window,volume-momentum-window-b008-002,nobel_settled,869,5420.8800,5420.8800,0.0000,-4579.1200,0.0000,1541.0300,780,46,43,370,413,0.1041,8356.1200,-0.4579,46,0,1693022400,1760446800
sim-b008-013,batch-008,volume_momentum_window,volume-momentum-window-b008-013,nobel_settled,870,5419.0400,5419.0400,0.0000,-4580.9600,0.0000,1543.6700,793,45,42,377,419,0.1002,8364.9600,-0.4581,45,0,1694145600,1760400000
sim-b005-044,batch-005,contrarian,contrarian-b005-044,nobel_settled,871,5410.2100,5410.2100,0.0000,-4589.7900,0.0000,1188.3000,500,38,18,251,269,0.0669,5720.7900,-0.4590,38,0,1694059200,1760400000
sim-b006-024,batch-006,mean_reversion,mean-reversion-b006-024,nobel_settled,872,5408.6400,5408.6400,0.0000,-4591.3600,0.0000,1268.0000,362,18,6,184,190,0.0316,5091.3600,-0.4591,38,0,1694059200,1760450400
sim-b004-049,batch-004,momentum,momentum-b004-049,nobel_settled,873,5400.9700,5400.9700,0.0000,-4599.0300,0.0000,1308.6400,545,39,36,256,292,0.1233,8289.0300,-0.4599,39,0,1694059200,1760400000
sim-b005-043,batch-005,contrarian,contrarian-b005-043,nobel_settled,874,5387.6600,5387.6600,0.0000,-4612.3400,0.0000,1190.3700,504,38,18,253,271,0.0664,5743.3400,-0.4612,38,0,1694059200,1760400000
sim-b008-003,batch-008,volume_momentum_window,volume-momentum-window-b008-003,nobel_settled,875,5381.3100,5381.3100,0.0000,-4618.6900,0.0000,1552.8500,784,46,44,371,415,0.1060,8404.5100,-0.4619,46,0,1693022400,1760446800
sim-b005-041,batch-005,contrarian,contrarian-b005-041,nobel_settled,876,5375.3800,5375.3800,0.0000,-4624.6200,0.0000,1203.0500,507,39,19,254,273,0.0696,5755.6200,-0.4625,39,0,1694059200,1760400000
sim-b008-004,batch-008,volume_momentum_window,volume-momentum-window-b008-004,nobel_settled,877,5360.4100,5360.4100,0.0000,-4639.5900,0.0000,1555.6900,788,46,44,373,417,0.1055,8425.4100,-0.4640,46,0,1693022400,1760446800
sim-b008-038,batch-008,volume_momentum_window,volume-momentum-window-b008-038,nobel_settled,878,5355.2000,5355.2000,0.0000,-4644.8000,0.0000,1509.7100,766,40,40,363,403,0.0993,7830.8000,-0.4645,40,0,1694491200,1760400000
sim-b008-039,batch-008,volume_momentum_window,volume-momentum-window-b008-039,nobel_settled,879,5336.0700,5336.0700,0.0000,-4663.9300,0.0000,1523.4800,770,40,40,365,405,0.0988,7849.9300,-0.4664,40,0,1694491200,1760400000
sim-b005-042,batch-005,contrarian,contrarian-b005-042,nobel_settled,880,5334.5100,5334.5100,0.0000,-4665.4900,0.0000,1193.5200,505,39,18,254,272,0.0662,5796.4900,-0.4665,39,0,1694059200,1760400000
sim-b004-048,batch-004,momentum,momentum-b004-048,nobel_settled,881,5326.2900,5326.2900,0.0000,-4673.7100,0.0000,1322.2400,551,39,36,259,295,0.1220,8365.7100,-0.4674,39,0,1694059200,1760400000
sim-b004-047,batch-004,momentum,momentum-b004-047,nobel_settled,882,5320.5000,5320.5000,0.0000,-4679.5000,0.0000,1323.8300,554,40,37,260,297,0.1246,8476.5000,-0.4680,40,0,1694059200,1760400000
sim-b008-040,batch-008,volume_momentum_window,volume-momentum-window-b008-040,nobel_settled,883,5315.1700,5315.1700,0.0000,-4684.8300,0.0000,1526.3200,774,40,40,367,407,0.0983,7870.8300,-0.4685,40,0,1694491200,1760400000
sim-b004-046,batch-004,momentum,momentum-b004-046,nobel_settled,884,5304.7400,5304.7400,0.0000,-4695.2600,0.0000,1328.8800,556,40,37,261,298,0.1242,8492.2600,-0.4695,40,0,1694059200,1760400000
sim-b008-014,batch-008,volume_momentum_window,volume-momentum-window-b008-014,nobel_settled,885,5288.8400,5288.8400,0.0000,-4711.1600,0.0000,1561.6100,799,45,41,381,422,0.0972,8396.1600,-0.4711,45,0,1694145600,1760446800
sim-b004-055,batch-004,momentum,momentum-b004-055,nobel_settled,886,5283.7000,5283.7000,0.0000,-4716.3000,0.0000,1302.2300,535,39,35,252,287,0.1220,8296.3000,-0.4716,39,0,1694145600,1760450400
sim-b004-060,batch-004,momentum,momentum-b004-060,nobel_settled,887,5275.2500,5275.2500,0.0000,-4724.7500,0.0000,1315.5700,539,39,35,254,289,0.1211,8304.7500,-0.4725,39,0,1693972800,1760450400
sim-b008-015,batch-008,volume_momentum_window,volume-momentum-window-b008-015,nobel_settled,888,5249.2700,5249.2700,0.0000,-4750.7300,0.0000,1573.4300,803,45,42,382,424,0.0991,8444.5500,-0.4751,45,0,1693972800,1760446800
sim-b008-016,batch-008,volume_momentum_window,volume-momentum-window-b008-016,nobel_settled,889,5228.3700,5228.3700,0.0000,-4771.6300,0.0000,1576.2700,807,45,42,384,426,0.0986,8465.4500,-0.4772,45,0,1693972800,1760446800
sim-b005-050,batch-005,contrarian,contrarian-b005-050,nobel_settled,890,5162.5800,5162.5800,0.0000,-4837.4200,0.0000,1235.3400,516,40,20,258,278,0.0719,6187.4200,-0.4837,40,0,1694145600,1760400000
sim-b006-001,batch-006,mean_reversion,mean-reversion-b006-001,nobel_settled,891,5095.5200,5095.5200,0.0000,-4904.4800,0.0000,1506.5600,426,20,5,218,223,0.0224,5404.4800,-0.4904,36,0,1694059200,1760407200
sim-b008-025,batch-008,volume_momentum_window,volume-momentum-window-b008-025,nobel_settled,892,5055.0700,5055.0700,0.0000,-4944.9300,0.0000,1718.9500,869,45,43,414,457,0.0941,8934.9300,-0.4945,45,0,1694145600,1760400000
sim-b004-054,batch-004,momentum,momentum-b004-054,nobel_settled,893,4972.9700,4972.9700,0.0000,-5027.0300,0.0000,1348.6600,565,39,35,267,302,0.1159,8607.0300,-0.5027,39,0,1694059200,1760450400
sim-b004-059,batch-004,momentum,momentum-b004-059,nobel_settled,894,4964.5200,4964.5200,0.0000,-5035.4800,0.0000,1362.0000,569,39,35,269,304,0.1151,8615.4800,-0.5035,39,0,1693972800,1760450400
sim-b008-026,batch-008,volume_momentum_window,volume-momentum-window-b008-026,nobel_settled,895,4929.0200,4929.0200,0.0000,-5070.9800,0.0000,1736.0700,875,45,42,418,460,0.0913,8961.9800,-0.5071,45,0,1694145600,1760446800
sim-b008-027,batch-008,volume_momentum_window,volume-momentum-window-b008-027,nobel_settled,896,4920.3200,4920.3200,0.0000,-5079.6800,0.0000,1749.4100,879,45,43,419,462,0.0931,8979.5000,-0.5080,45,0,1693972800,1760446800
sim-b008-028,batch-008,volume_momentum_window,volume-momentum-window-b008-028,nobel_settled,897,4899.4200,4899.4200,0.0000,-5100.5800,0.0000,1752.2500,883,45,43,421,464,0.0927,9000.4000,-0.5101,45,0,1693972800,1760446800
sim-b004-053,batch-004,momentum,momentum-b004-053,nobel_settled,898,4898.0200,4898.0200,0.0000,-5101.9800,0.0000,1362.2700,571,39,35,270,305,0.1148,8681.9800,-0.5102,39,0,1694059200,1760450400
sim-b004-058,batch-004,momentum,momentum-b004-058,nobel_settled,899,4889.5700,4889.5700,0.0000,-5110.4300,0.0000,1375.6100,575,39,35,272,307,0.1140,8690.4300,-0.5110,39,0,1693972800,1760450400
sim-b004-052,batch-004,momentum,momentum-b004-052,nobel_settled,900,4886.3300,4886.3300,0.0000,-5113.6700,0.0000,1364.6100,576,40,36,272,308,0.1169,8798.6700,-0.5114,40,0,1694059200,1760450400
sim-b004-057,batch-004,momentum,momentum-b004-057,nobel_settled,901,4877.8800,4877.8800,0.0000,-5122.1200,0.0000,1377.9500,580,40,36,274,310,0.1161,8807.1200,-0.5122,40,0,1693972800,1760450400
sim-b005-048,batch-005,contrarian,contrarian-b005-048,nobel_settled,902,4876.2400,4876.2400,0.0000,-5123.7600,0.0000,1297.1300,552,40,21,275,296,0.0709,6473.7600,-0.5124,40,0,1694059200,1760400000
sim-b004-051,batch-004,momentum,momentum-b004-051,nobel_settled,903,4870.5700,4870.5700,0.0000,-5129.4300,0.0000,1369.6600,578,40,36,273,309,0.1165,8814.4300,-0.5129,40,0,1694059200,1760450400
sim-b004-056,batch-004,momentum,momentum-b004-056,nobel_settled,904,4862.1200,4862.1200,0.0000,-5137.8800,0.0000,1383.0000,582,40,36,275,311,0.1158,8822.8800,-0.5138,40,0,1693972800,1760450400
sim-b005-049,batch-005,contrarian,contrarian-b005-049,nobel_settled,905,4860.4500,4860.4500,0.0000,-5139.5500,0.0000,1282.6600,546,40,20,273,293,0.0683,6489.5500,-0.5140,40,0,1694059200,1760400000
sim-b005-055,batch-005,contrarian,contrarian-b005-055,nobel_settled,906,4800.8200,4800.8200,0.0000,-5199.1800,0.0000,1271.8600,538,40,20,269,289,0.0692,6549.1800,-0.5199,40,0,1694145600,1760450400
sim-b005-047,batch-005,contrarian,contrarian-b005-047,nobel_settled,907,4771.6400,4771.6400,0.0000,-5228.3600,0.0000,1306.7300,555,41,21,277,298,0.0705,6578.3600,-0.5228,41,0,1694059200,1760400000
sim-b005-046,batch-005,contrarian,contrarian-b005-046,nobel_settled,908,4749.2900,4749.2900,0.0000,-5250.7100,0.0000,1315.7700,557,41,21,278,299,0.0702,6600.7100,-0.5251,41,0,1694059200,1760400000
sim-b005-060,batch-005,contrarian,contrarian-b005-060,nobel_settled,909,4684.6000,4684.6000,0.0000,-5315.4000,0.0000,1280.1700,542,40,19,272,291,0.0653,6665.4000,-0.5315,40,0,1693972800,1760450400
sim-b005-053,batch-005,contrarian,contrarian-b005-053,nobel_settled,910,4514.4800,4514.4800,0.0000,-5485.5200,0.0000,1333.6500,574,40,21,286,307,0.0684,6835.5200,-0.5486,40,0,1694059200,1760450400
sim-b005-054,batch-005,contrarian,contrarian-b005-054,nobel_settled,911,4498.6900,4498.6900,0.0000,-5501.3100,0.0000,1319.1800,568,40,20,284,304,0.0658,6851.3100,-0.5501,40,0,1694059200,1760450400
sim-b006-002,batch-006,mean_reversion,mean-reversion-b006-002,nobel_settled,912,4489.8500,4489.8500,0.0000,-5510.1500,0.0000,1612.8400,457,21,5,234,239,0.0209,6010.1500,-0.5510,38,0,1694059200,1760450400
sim-b005-058,batch-005,contrarian,contrarian-b005-058,nobel_settled,913,4398.2600,4398.2600,0.0000,-5601.7400,0.0000,1341.9600,578,40,20,289,309,0.0647,6951.7400,-0.5602,40,0,1693972800,1760450400
sim-b005-059,batch-005,contrarian,contrarian-b005-059,nobel_settled,914,4382.4700,4382.4700,0.0000,-5617.5300,0.0000,1327.4900,572,40,19,287,306,0.0621,6967.5300,-0.5618,40,0,1693972800,1760450400
sim-b005-052,batch-005,contrarian,contrarian-b005-052,nobel_settled,915,4338.5900,4338.5900,0.0000,-5661.4100,0.0000,1349.5400,579,41,21,289,310,0.0677,7011.4100,-0.5661,41,0,1694059200,1760450400
sim-b005-051,batch-005,contrarian,contrarian-b005-051,nobel_settled,916,4316.2400,4316.2400,0.0000,-5683.7600,0.0000,1358.5800,581,41,21,290,311,0.0675,7033.7600,-0.5684,41,0,1694059200,1760450400
sim-b006-003,batch-006,mean_reversion,mean-reversion-b006-003,nobel_settled,917,4254.3600,4254.3600,0.0000,-5745.6400,0.0000,1633.4100,463,21,5,237,242,0.0207,6245.6400,-0.5746,39,0,1694059200,1760450400
sim-b005-057,batch-005,contrarian,contrarian-b005-057,nobel_settled,918,4222.3700,4222.3700,0.0000,-5777.6300,0.0000,1357.8500,583,41,20,292,312,0.0641,7127.6300,-0.5778,41,0,1693972800,1760450400
sim-b005-056,batch-005,contrarian,contrarian-b005-056,nobel_settled,919,4200.0200,4200.0200,0.0000,-5799.9800,0.0000,1366.8900,585,41,20,293,313,0.0639,7149.9800,-0.5800,41,0,1693972800,1760450400
sim-b006-004,batch-006,mean_reversion,mean-reversion-b006-004,nobel_settled,920,4184.0900,4184.0900,0.0000,-5815.9100,0.0000,1649.7000,467,21,5,239,244,0.0205,6315.9100,-0.5816,39,0,1694059200,1760450400
sim-b004-025,batch-004,momentum,momentum-b004-025,nobel_settled,921,4015.0300,4015.0300,0.0000,-5984.9700,0.0000,1951.3100,882,40,46,415,461,0.0998,9999.9700,-0.5985,40,0,1695268800,1760400000
sim-b004-024,batch-004,momentum,momentum-b004-024,nobel_settled,922,3774.3300,3774.3300,0.0000,-6225.6700,0.0000,1978.9900,923,39,45,436,481,0.0936,9999.6700,-0.6226,40,0,1694059200,1760400000
sim-b004-022,batch-004,momentum,momentum-b004-022,nobel_settled,923,3732.3300,3732.3300,0.0000,-6267.6700,0.0000,2000.5900,938,40,47,442,489,0.0961,9999.6700,-0.6268,41,0,1694059200,1760400000
sim-b004-021,batch-004,momentum,momentum-b004-021,nobel_settled,924,3727.3300,3727.3300,0.0000,-6272.6700,0.0000,2005.6700,942,40,47,444,491,0.0957,9999.6700,-0.6273,41,0,1694059200,1760400000
sim-b004-023,batch-004,momentum,momentum-b004-023,nobel_settled,925,3694.3300,3694.3300,0.0000,-6305.6700,0.0000,2001.0700,935,39,45,442,487,0.0924,9999.6700,-0.6306,40,0,1694059200,1760400000
sim-b004-030,batch-004,momentum,momentum-b004-030,nobel_settled,926,3502.3800,3502.3800,0.0000,-6497.6200,0.0000,2004.5200,939,41,42,448,490,0.0857,9999.6200,-0.6498,42,0,1694059200,1760400000
sim-b004-035,batch-004,momentum,momentum-b004-035,nobel_settled,927,3465.1100,3465.1100,0.0000,-6534.8900,0.0000,1992.5000,931,37,39,445,484,0.0806,9999.8900,-0.6535,38,0,1694059200,1760428800
sim-b004-040,batch-004,momentum,momentum-b004-040,nobel_settled,928,3465.0500,3465.0500,0.0000,-6534.9500,0.0000,1991.1700,935,37,37,448,486,0.0761,9999.9500,-0.6535,40,0,1693972800,1760428800
sim-b004-029,batch-004,momentum,momentum-b004-029,nobel_settled,929,3460.1300,3460.1300,0.0000,-6539.8700,0.0000,1978.0200,949,37,37,456,493,0.0751,9999.8700,-0.6540,39,0,1694059200,1760400000
sim-b004-027,batch-004,momentum,momentum-b004-027,nobel_settled,930,3433.1300,3433.1300,0.0000,-6566.8700,0.0000,2000.4700,966,38,39,463,502,0.0777,9999.8700,-0.6567,41,0,1694059200,1760400000
sim-b004-026,batch-004,momentum,momentum-b004-026,nobel_settled,931,3430.1000,3430.1000,0.0000,-6569.9000,0.0000,2001.4800,966,38,39,463,502,0.0777,9999.9000,-0.6570,41,0,1694059200,1760400000
sim-b004-028,batch-004,momentum,momentum-b004-028,nobel_settled,932,3429.1600,3429.1600,0.0000,-6570.8400,0.0000,1994.8600,962,38,38,462,500,0.0760,9999.8400,-0.6571,41,0,1694059200,1760400000
sim-b004-034,batch-004,momentum,momentum-b004-034,nobel_settled,933,3258.0200,3258.0200,0.0000,-6741.9800,0.0000,1982.7000,910,36,34,439,473,0.0719,9892.9800,-0.6742,36,0,1694059200,1760068800
sim-b004-033,batch-004,momentum,momentum-b004-033,nobel_settled,934,3256.0500,3256.0500,0.0000,-6743.9500,0.0000,1994.8800,933,37,36,449,485,0.0742,9892.9500,-0.6744,39,0,1694059200,1760166000
sim-b004-032,batch-004,momentum,momentum-b004-032,nobel_settled,935,3255.0500,3255.0500,0.0000,-6744.9500,0.0000,2000.9600,927,37,36,446,482,0.0747,9892.9500,-0.6745,38,0,1694059200,1760148000
sim-b004-031,batch-004,momentum,momentum-b004-031,nobel_settled,936,3249.0400,3249.0400,0.0000,-6750.9600,0.0000,2002.2800,935,37,37,449,486,0.0761,9892.9600,-0.6751,39,0,1694059200,1760166000
sim-b004-036,batch-004,momentum,momentum-b004-036,nobel_settled,937,3241.0200,3241.0200,0.0000,-6758.9800,0.0000,2021.4700,937,37,36,451,487,0.0739,9892.9800,-0.6759,38,0,1693972800,1760166000
sim-b004-037,batch-004,momentum,momentum-b004-037,nobel_settled,937,3241.0200,3241.0200,0.0000,-6758.9800,0.0000,2020.5900,935,37,36,450,486,0.0741,9892.9800,-0.6759,38,0,1693972800,1760166000
sim-b004-038,batch-004,momentum,momentum-b004-038,nobel_settled,939,3237.0200,3237.0200,0.0000,-6762.9800,0.0000,2014.6400,927,37,35,447,482,0.0726,9999.9800,-0.6763,38,0,1693972800,1760356800
sim-b004-039,batch-004,momentum,momentum-b004-039,nobel_settled,940,3196.0000,3196.0000,0.0000,-6804.0000,0.0000,2005.1400,921,37,34,445,479,0.0710,10000.0000,-0.6804,38,0,1693972800,1760356800
sim-b005-025,batch-005,contrarian,contrarian-b005-025,nobel_settled,941,2934.7900,2934.7900,0.0000,-7065.2100,0.0000,1985.9500,886,42,20,444,464,0.0431,8287.2100,-0.7065,42,0,1695268800,1760400000
sim-b005-024,batch-005,contrarian,contrarian-b005-024,nobel_settled,942,2583.3700,2583.3700,0.0000,-7416.6300,0.0000,2059.7500,928,42,21,464,485,0.0433,8638.6300,-0.7417,42,0,1694059200,1760400000
sim-b005-023,batch-005,contrarian,contrarian-b005-023,nobel_settled,943,2497.5900,2497.5900,0.0000,-7502.4100,0.0000,2076.9900,940,42,21,470,491,0.0428,8724.4100,-0.7502,42,0,1694059200,1760400000
sim-b005-022,batch-005,contrarian,contrarian-b005-022,nobel_settled,944,2433.6800,2433.6800,0.0000,-7566.3200,0.0000,2080.5600,943,43,21,472,493,0.0426,8788.3200,-0.7566,43,0,1694059200,1760400000
sim-b005-021,batch-005,contrarian,contrarian-b005-021,nobel_settled,945,2393.4800,2393.4800,0.0000,-7606.5200,0.0000,2094.6800,947,43,21,474,495,0.0424,8828.5200,-0.7607,43,0,1694059200,1760400000
sim-b005-030,batch-005,contrarian,contrarian-b005-030,nobel_settled,946,2236.5200,2236.5200,0.0000,-7763.4800,0.0000,2115.2000,944,44,23,471,494,0.0466,9311.4800,-0.7763,44,0,1694059200,1760400000
sim-b005-029,batch-005,contrarian,contrarian-b005-029,nobel_settled,947,1874.2300,1874.2300,0.0000,-8125.7700,0.0000,2191.3200,990,44,24,493,517,0.0464,9673.7700,-0.8126,44,0,1694059200,1760400000
sim-b005-035,batch-005,contrarian,contrarian-b005-035,nobel_settled,948,1850.8300,1850.8300,0.0000,-8149.1700,0.0000,2155.6500,968,44,23,483,506,0.0455,9697.1700,-0.8149,44,0,1694059200,1760450400
sim-b005-040,batch-005,contrarian,contrarian-b005-040,nobel_settled,949,1728.1800,1728.1800,0.0000,-8271.8200,0.0000,2166.2900,974,44,22,487,509,0.0432,9819.8200,-0.8272,44,0,1693972800,1760450400
sim-b005-028,batch-005,contrarian,contrarian-b005-028,nobel_settled,950,1709.3800,1709.3800,0.0000,-8290.6200,0.0000,2223.5700,1005,45,24,501,525,0.0457,9838.6200,-0.8291,45,0,1694059200,1760400000
sim-b005-027,batch-005,contrarian,contrarian-b005-027,nobel_settled,951,1647.1700,1647.1700,0.0000,-8352.8300,0.0000,2230.4400,1009,45,24,503,527,0.0455,9900.8300,-0.8353,45,0,1694059200,1760400000
sim-b005-026,batch-005,contrarian,contrarian-b005-026,nobel_settled,952,1609.6700,1609.6700,0.0000,-8390.3300,0.0000,2244.6300,1013,45,24,505,529,0.0454,9938.3300,-0.8390,45,0,1694059200,1760400000
sim-b005-036,batch-005,contrarian,contrarian-b005-036,nobel_settled,953,1548.1200,1548.1200,0.0000,-8451.8800,0.0000,2203.7800,1039,43,23,518,541,0.0425,9999.8800,-0.8452,44,0,1693972800,1760446800
sim-b005-032,batch-005,contrarian,contrarian-b005-032,nobel_settled,954,1548.0900,1548.0900,0.0000,-8451.9100,0.0000,2232.7100,1032,44,24,514,538,0.0446,9999.9100,-0.8452,44,0,1694059200,1760450400
sim-b005-031,batch-005,contrarian,contrarian-b005-031,nobel_settled,955,1548.0800,1548.0800,0.0000,-8451.9200,0.0000,2237.4800,1036,44,24,516,540,0.0444,9999.9200,-0.8452,44,0,1694059200,1760450400
sim-b005-034,batch-005,contrarian,contrarian-b005-034,nobel_settled,956,1548.0700,1548.0700,0.0000,-8451.9300,0.0000,2228.1100,1014,44,24,505,529,0.0454,9999.9300,-0.8452,44,0,1694059200,1760450400
sim-b005-033,batch-005,contrarian,contrarian-b005-033,nobel_settled,957,1548.0400,1548.0400,0.0000,-8451.9600,0.0000,2246.6700,1027,45,24,512,536,0.0448,9999.9600,-0.8452,45,0,1694059200,1760450400
sim-b005-038,batch-005,contrarian,contrarian-b005-038,nobel_settled,958,1548.0300,1548.0300,0.0000,-8451.9700,0.0000,2232.9200,1031,43,23,514,537,0.0428,9999.9700,-0.8452,43,0,1693972800,1760450400
sim-b005-037,batch-005,contrarian,contrarian-b005-037,nobel_settled,959,1548.0100,1548.0100,0.0000,-8451.9900,0.0000,2203.3500,1036,44,23,517,540,0.0426,9999.9900,-0.8452,44,0,1693972800,1760450400
sim-b005-039,batch-005,contrarian,contrarian-b005-039,nobel_settled,960,1548.0000,1548.0000,0.0000,-8452.0000,0.0000,2227.7700,1018,44,23,508,531,0.0433,10000.0000,-0.8452,44,0,1693972800,1760450400
sim-b004-003,batch-004,momentum,momentum-b004-003,nobel_settled,961,1481.0000,1481.0000,0.0000,-8519.0000,0.0000,2775.3700,1774,36,33,871,905,0.0365,10000.0000,-0.8519,39,0,1694059200,1760356800
sim-b004-001,batch-004,momentum,momentum-b004-001,nobel_settled,962,1479.0300,1479.0300,0.0000,-8520.9700,0.0000,2773.8400,1777,35,33,872,906,0.0364,9986.9700,-0.8521,38,0,1694059200,1760068800
sim-b004-002,batch-004,momentum,momentum-b004-002,nobel_settled,963,1472.0200,1472.0200,0.0000,-8527.9800,0.0000,2775.8500,1776,36,34,871,906,0.0375,9986.9800,-0.8528,38,0,1694059200,1760068800
sim-b004-005,batch-004,momentum,momentum-b004-005,nobel_settled,964,1436.0100,1436.0100,0.0000,-8563.9900,0.0000,2806.0100,1708,36,33,838,872,0.0378,9985.9900,-0.8564,37,0,1694491200,1760166000
sim-b004-004,batch-004,momentum,momentum-b004-004,nobel_settled,965,1403.0500,1403.0500,0.0000,-8596.9500,0.0000,2778.1800,1757,35,32,863,896,0.0357,9986.9500,-0.8597,37,0,1694059200,1760068800
sim-b004-008,batch-004,momentum,momentum-b004-008,nobel_settled,966,1183.0500,1183.0500,0.0000,-8816.9500,0.0000,2789.1400,1814,34,29,894,924,0.0314,9988.9500,-0.8817,39,0,1693022400,1760068800
sim-b004-006,batch-004,momentum,momentum-b004-006,nobel_settled,967,1178.0400,1178.0400,0.0000,-8821.9600,0.0000,2788.4300,1819,33,29,897,926,0.0313,9988.9600,-0.8822,39,0,1693022400,1760068800
sim-b004-007,batch-004,momentum,momentum-b004-007,nobel_settled,968,1178.0100,1178.0100,0.0000,-8821.9900,0.0000,2790.2900,1821,35,30,897,928,0.0323,9988.9900,-0.8822,39,0,1693022400,1760068800
sim-b004-012,batch-004,momentum,momentum-b004-012,nobel_settled,969,1165.0200,1165.0200,0.0000,-8834.9800,0.0000,2790.0800,1824,34,29,900,929,0.0312,9999.9800,-0.8835,40,0,1693022400,1760356800
sim-b004-013,batch-004,momentum,momentum-b004-013,nobel_settled,969,1165.0200,1165.0200,0.0000,-8834.9800,0.0000,2790.9800,1819,33,29,897,926,0.0313,9988.9800,-0.8835,40,0,1693022400,1760148000
sim-b004-011,batch-004,momentum,momentum-b004-011,nobel_settled,971,1163.0100,1163.0100,0.0000,-8836.9900,0.0000,2788.3300,1831,35,30,902,933,0.0322,9988.9900,-0.8837,41,0,1693022400,1760166000
sim-b004-016,batch-004,momentum,momentum-b004-016,nobel_settled,971,1163.0100,1163.0100,0.0000,-8836.9900,0.0000,2799.8100,1839,35,30,906,937,0.0320,9988.9900,-0.8837,40,0,1693022400,1760068800
sim-b004-017,batch-004,momentum,momentum-b004-017,nobel_settled,973,1160.0100,1160.0100,0.0000,-8839.9900,0.0000,2801.0500,1838,32,28,907,935,0.0299,9989.9900,-0.8840,41,0,1693022400,1760148000
sim-b004-018,batch-004,momentum,momentum-b004-018,nobel_settled,974,1159.0100,1159.0100,0.0000,-8840.9900,0.0000,2800.1300,1830,34,29,903,932,0.0311,9999.9900,-0.8841,41,0,1693022400,1760356800
sim-b004-009,batch-004,momentum,momentum-b004-009,nobel_settled,975,1091.0200,1091.0200,0.0000,-8908.9800,0.0000,2793.4600,1791,35,28,884,913,0.0307,9999.9800,-0.8909,39,0,1694059200,1760356800
sim-b004-014,batch-004,momentum,momentum-b004-014,nobel_settled,976,1087.0200,1087.0200,0.0000,-8912.9800,0.0000,2794.3500,1801,33,27,889,917,0.0294,9989.9800,-0.8913,39,0,1694059200,1760166000
sim-b004-010,batch-004,momentum,momentum-b004-010,nobel_settled,977,1075.0500,1075.0500,0.0000,-8924.9500,0.0000,2821.3200,1735,33,27,856,884,0.0305,9986.9500,-0.8925,37,0,1694059200,1760068800
sim-b004-019,batch-004,momentum,momentum-b004-019,nobel_settled,978,1073.0100,1073.0100,0.0000,-8926.9900,0.0000,2804.4300,1814,32,27,896,923,0.0293,9989.9900,-0.8927,40,0,1693972800,1760166000
sim-b004-015,batch-004,momentum,momentum-b004-015,nobel_settled,979,1067.0100,1067.0100,0.0000,-8932.9900,0.0000,2821.3800,1746,34,27,862,890,0.0303,9999.9900,-0.8933,38,0,1694059200,1760356800
sim-b004-020,batch-004,momentum,momentum-b004-020,nobel_settled,980,1063.0000,1063.0000,0.0000,-8937.0000,0.0000,2830.9900,1758,34,27,868,896,0.0301,10000.0000,-0.8937,39,0,1693972800,1760356800
sim-b005-010,batch-005,contrarian,contrarian-b005-010,nobel_settled,981,552.0000,552.0000,0.0000,-9448.0000,0.0000,2962.1900,1761,37,23,875,899,0.0256,10000.0000,-0.9448,41,0,1694059200,1760364000
sim-b005-005,batch-005,contrarian,contrarian-b005-005,nobel_settled,982,530.0000,530.0000,0.0000,-9470.0000,0.0000,2963.8600,1721,39,23,857,880,0.0261,10000.0000,-0.9470,40,0,1694491200,1760198400
sim-b005-015,batch-005,contrarian,contrarian-b005-015,nobel_settled,983,523.0000,523.0000,0.0000,-9477.0000,0.0000,2965.9100,1777,37,24,883,907,0.0265,10000.0000,-0.9477,41,0,1694059200,1760364000
sim-b005-020,batch-005,contrarian,contrarian-b005-020,nobel_settled,984,495.0000,495.0000,0.0000,-9505.0000,0.0000,2960.4500,1782,38,23,887,910,0.0253,10000.0000,-0.9505,41,0,1693972800,1760364000
sim-b005-009,batch-005,contrarian,contrarian-b005-009,nobel_settled,985,482.0000,482.0000,0.0000,-9518.0000,0.0000,2942.9800,1832,36,24,910,934,0.0257,10000.0000,-0.9518,42,0,1694059200,1760349600
sim-b005-006,batch-005,contrarian,contrarian-b005-006,nobel_settled,986,470.0000,470.0000,0.0000,-9530.0000,0.0000,2923.0200,1840,38,23,916,939,0.0245,10000.0000,-0.9530,42,0,1694059200,1760364000
sim-b005-008,batch-005,contrarian,contrarian-b005-008,nobel_settled,987,464.0000,464.0000,0.0000,-9536.0000,0.0000,2932.2600,1846,38,24,918,942,0.0255,10000.0000,-0.9536,44,0,1694059200,1760349600
sim-b005-018,batch-005,contrarian,contrarian-b005-018,nobel_settled,988,462.0100,462.0100,0.0000,-9537.9900,0.0000,2898.8900,1858,38,23,925,948,0.0243,9999.9900,-0.9538,42,0,1693972800,1760166000
sim-b005-007,batch-005,contrarian,contrarian-b005-007,nobel_settled,989,462.0000,462.0000,0.0000,-9538.0000,0.0000,2929.9400,1835,39,23,914,937,0.0245,10000.0000,-0.9538,44,0,1694059200,1760364000
sim-b005-016,batch-005,contrarian,contrarian-b005-016,nobel_settled,990,460.0000,460.0000,0.0000,-9540.0000,0.0000,2889.2100,1871,37,24,930,954,0.0252,10000.0000,-0.9540,43,0,1693972800,1760364000
sim-b005-014,batch-005,contrarian,contrarian-b005-014,nobel_settled,991,457.0000,457.0000,0.0000,-9543.0000,0.0000,2930.6200,1843,37,25,915,940,0.0266,10000.0000,-0.9543,43,0,1694059200,1760349600
sim-b005-013,batch-005,contrarian,contrarian-b005-013,nobel_settled,992,450.0100,450.0100,0.0000,-9549.9900,0.0000,2915.7300,1843,37,24,916,940,0.0255,9999.9900,-0.9550,42,0,1694059200,1760349600
sim-b005-019,batch-005,contrarian,contrarian-b005-019,nobel_settled,993,444.0000,444.0000,0.0000,-9556.0000,0.0000,2901.7900,1842,38,23,917,940,0.0245,10000.0000,-0.9556,42,0,1693972800,1760364000
sim-b005-011,batch-005,contrarian,contrarian-b005-011,nobel_settled,994,441.0100,441.0100,0.0000,-9558.9900,0.0000,2904.1700,1858,36,24,923,947,0.0253,9999.9900,-0.9559,44,0,1694059200,1760349600
sim-b005-012,batch-005,contrarian,contrarian-b005-012,nobel_settled,995,440.0000,440.0000,0.0000,-9560.0000,0.0000,2900.6900,1860,38,25,924,949,0.0263,10000.0000,-0.9560,45,0,1694059200,1760364000
sim-b005-017,batch-005,contrarian,contrarian-b005-017,nobel_settled,995,440.0000,440.0000,0.0000,-9560.0000,0.0000,2887.5900,1878,38,24,934,958,0.0251,10000.0000,-0.9560,43,0,1693972800,1760364000
sim-b005-004,batch-005,contrarian,contrarian-b005-004,nobel_settled,997,412.0100,412.0100,0.0000,-9587.9900,0.0000,2955.9300,1775,39,22,884,907,0.0243,9999.9900,-0.9588,41,0,1694059200,1760349600
sim-b005-001,batch-005,contrarian,contrarian-b005-001,nobel_settled,998,384.0000,384.0000,0.0000,-9616.0000,0.0000,2957.4500,1801,41,22,899,921,0.0239,10000.0000,-0.9616,44,0,1694059200,1760364000
sim-b005-002,batch-005,contrarian,contrarian-b005-002,nobel_settled,998,384.0000,384.0000,0.0000,-9616.0000,0.0000,2961.5600,1797,41,22,897,919,0.0239,10000.0000,-0.9616,44,0,1694059200,1760364000
sim-b005-003,batch-005,contrarian,contrarian-b005-003,nobel_settled,998,384.0000,384.0000,0.0000,-9616.0000,0.0000,2961.2900,1793,41,22,895,917,0.0240,10000.0000,-0.9616,42,0,1694059200,1760364000
sim-b001-066,batch-001,null_model,null-model-b001-066,panel_settled,1,10792.3500,10792.3500,0.0000,792.3500,0.0000,33.9000,19,19,12,7,19,0.6316,1180.6500,0.0792,19,0,1747281600,1787889600
sim-b001-012,batch-001,null_model,null-model-b001-012,panel_settled,2,10705.5600,10705.5600,0.0000,705.5600,0.0000,74.7900,39,39,22,17,39,0.5641,2858.4400,0.0706,39,0,1742788800,1787893200
sim-b001-081,batch-001,null_model,null-model-b001-081,panel_settled,3,10592.9600,10592.9600,0.0000,592.9600,0.0000,101.6500,45,45,24,21,45,0.5333,3254.0400,0.0593,45,0,1742702400,1788807600
sim-b001-003,batch-001,null_model,null-model-b001-003,panel_settled,4,10554.3900,10554.3900,0.0000,554.3900,0.0000,80.4900,37,37,17,20,37,0.4595,2459.6100,0.0554,37,0,1745812800,1788840000
sim-b001-014,batch-001,null_model,null-model-b001-014,panel_settled,5,10554.3600,10554.3600,0.0000,554.3600,0.0000,61.6900,34,34,19,15,34,0.5588,2317.6400,0.0554,34,0,1743220800,1787875200
sim-b001-071,batch-001,null_model,null-model-b001-071,panel_settled,6,10553.8300,10553.8300,0.0000,553.8300,0.0000,53.5400,23,23,9,14,23,0.3913,1273.1700,0.0554,23,0,1747800000,1780113600
sim-b001-055,batch-001,null_model,null-model-b001-055,panel_settled,7,10551.5400,10551.5400,0.0000,551.5400,0.0000,53.3400,19,19,10,9,19,0.5263,1540.4600,0.0552,19,0,1745467200,1782014400
sim-b001-028,batch-001,null_model,null-model-b001-028,panel_settled,8,10526.8200,10526.8200,0.0000,526.8200,0.0000,77.7500,34,34,17,17,34,0.5000,2453.1800,0.0527,34,0,1743912000,1788825600
sim-b001-016,batch-001,null_model,null-model-b001-016,panel_settled,9,10404.1300,10404.1300,0.0000,404.1300,0.0000,76.9200,33,33,14,19,33,0.4242,2187.8700,0.0404,33,0,1743134400,1788807600
sim-b001-018,batch-001,null_model,null-model-b001-018,panel_settled,10,10350.9500,10350.9500,0.0000,350.9500,0.0000,53.0700,31,31,20,11,31,0.6452,2434.0500,0.0351,31,0,1743825600,1788847200
sim-b001-035,batch-001,null_model,null-model-b001-035,panel_settled,11,10349.8900,10349.8900,0.0000,349.8900,0.0000,69.2800,32,32,19,13,32,0.5938,2768.1100,0.0350,32,0,1743566400,1788807600
sim-b001-079,batch-001,null_model,null-model-b001-079,panel_settled,12,10341.6800,10341.6800,0.0000,341.6800,0.0000,95.6600,43,43,23,20,43,0.5349,3471.3200,0.0342,43,0,1744689600,1787893200
sim-b001-060,batch-001,null_model,null-model-b001-060,panel_settled,13,10334.7500,10334.7500,0.0000,334.7500,0.0000,43.2200,19,19,8,11,19,0.4211,1262.2500,0.0335,19,0,1752465600,1775016000
sim-b001-047,batch-001,null_model,null-model-b001-047,panel_settled,14,10306.3700,10306.3700,0.0000,306.3700,0.0000,76.3900,33,33,15,18,33,0.4545,2262.6300,0.0306,33,0,1742702400,1788890400
sim-b001-020,batch-001,null_model,null-model-b001-020,panel_settled,15,10266.9200,10266.9200,0.0000,266.9200,0.0000,99.8700,43,43,20,23,43,0.4651,3155.0800,0.0267,43,0,1742875200,1787767200
sim-b001-022,batch-001,null_model,null-model-b001-022,panel_settled,16,10264.3300,10264.3300,0.0000,264.3300,0.0000,85.5500,34,34,18,16,34,0.5294,2794.6700,0.0264,34,0,1742961600,1788840000
sim-b001-073,batch-001,null_model,null-model-b001-073,panel_settled,17,10257.5000,10257.5000,0.0000,257.5000,0.0000,49.1400,22,22,9,13,22,0.4091,1391.5000,0.0258,22,0,1742702400,1788814800
sim-b001-031,batch-001,null_model,null-model-b001-031,panel_settled,18,10225.7900,10225.7900,0.0000,225.7900,0.0000,78.5300,34,34,13,21,34,0.3824,2394.2100,0.0226,34,0,1746244800,1787778000
sim-b001-005,batch-001,null_model,null-model-b001-005,panel_settled,19,10217.8500,10217.8500,0.0000,217.8500,0.0000,73.3900,36,36,21,15,36,0.5833,2909.1500,0.0218,36,0,1742875200,1788850800
sim-b001-054,batch-001,null_model,null-model-b001-054,panel_settled,20,10212.9700,10212.9700,0.0000,212.9700,0.0000,56.8700,26,26,15,11,26,0.5769,2099.0300,0.0213,26,0,1743134400,1788796800
sim-b008-049,batch-008,volatility_gate,volatility-gate-b008-049,panel_settled,21,10201.2300,10201.2300,0.0000,201.2300,0.0000,17.7700,10,10,9,1,10,0.9000,861.7700,0.0201,10,0,1742702400,1789444800
sim-b001-043,batch-001,null_model,null-model-b001-043,panel_settled,22,10191.9900,10191.9900,0.0000,191.9900,0.0000,73.3300,34,34,17,17,34,0.5000,2443.0100,0.0192,34,0,1742529600,1788872400
sim-b001-068,batch-001,null_model,null-model-b001-068,panel_settled,23,10183.1700,10183.1700,0.0000,183.1700,0.0000,55.1300,21,21,7,14,21,0.3333,1348.8300,0.0183,21,0,1744862400,1788850800
sim-b008-064,batch-008,volatility_gate,volatility-gate-b008-064,panel_settled,24,10172.8300,10172.8300,0.0000,172.8300,0.0000,16.0900,9,9,8,1,9,0.8889,760.1700,0.0173,9,0,1742875200,1768971600
sim-b008-073,batch-008,volatility_gate,volatility-gate-b008-073,panel_settled,25,10170.7900,10170.7900,0.0000,170.7900,0.0000,16.0000,9,9,8,1,9,0.8889,759.2100,0.0171,9,0,1743134400,1773720000
sim-b001-064,batch-001,null_model,null-model-b001-064,panel_settled,26,10170.5200,10170.5200,0.0000,170.5200,0.0000,50.2700,22,22,9,13,22,0.4091,1403.4800,0.0171,22,0,1745726400,1785470400
sim-b008-061,batch-008,volatility_gate,volatility-gate-b008-061,panel_settled,27,10167.9500,10167.9500,0.0000,167.9500,0.0000,15.8800,9,9,8,1,9,0.8889,760.0500,0.0168,9,0,1742875200,1768971600
sim-b001-094,batch-001,null_model,null-model-b001-094,panel_settled,28,10164.1900,10164.1900,0.0000,164.1900,0.0000,97.9500,45,45,23,22,45,0.5111,3513.8100,0.0164,45,0,1742961600,1788804000
sim-b008-058,batch-008,volatility_gate,volatility-gate-b008-058,panel_settled,29,10162.4700,10162.4700,0.0000,162.4700,0.0000,15.5200,9,9,8,1,9,0.8889,759.5300,0.0162,9,0,1742875200,1768971600
sim-b002-086,batch-002,favorite_band,favorite-band-b002-086,panel_settled,30,10145.5200,10145.5200,0.0000,145.5200,0.0000,15.9900,11,11,10,1,11,0.9091,981.4800,0.0146,11,0,1742443200,1789185600
sim-b002-091,batch-002,favorite_band,favorite-band-b002-091,panel_settled,30,10145.5200,10145.5200,0.0000,145.5200,0.0000,15.9900,11,11,10,1,11,0.9091,981.4800,0.0146,11,0,1742443200,1789185600
sim-b001-057,batch-001,null_model,null-model-b001-057,panel_settled,32,10143.4600,10143.4600,0.0000,143.4600,0.0000,50.0200,22,22,11,11,22,0.5000,1504.5400,0.0143,22,0,1744257600,1784865600
sim-b001-087,batch-001,null_model,null-model-b001-087,panel_settled,33,10138.6200,10138.6200,0.0000,138.6200,0.0000,102.9500,44,44,21,23,44,0.4773,3190.3800,0.0139,44,0,1742443200,1787770800
sim-b008-070,batch-008,volatility_gate,volatility-gate-b008-070,panel_settled,34,10132.1900,10132.1900,0.0000,132.1900,0.0000,14.1200,8,8,7,1,8,0.8750,658.8100,0.0132,8,0,1743652800,1774584000
sim-b001-013,batch-001,null_model,null-model-b001-013,panel_settled,35,10131.1500,10131.1500,0.0000,131.1500,0.0000,66.0500,31,31,14,17,31,0.4516,2045.8500,0.0131,31,0,1742961600,1774594800
sim-b001-088,batch-001,null_model,null-model-b001-088,panel_settled,36,10127.0900,10127.0900,0.0000,127.0900,0.0000,93.7200,42,42,22,20,42,0.5238,3368.9100,0.0127,42,0,1743134400,1788883200
sim-b001-036,batch-001,null_model,null-model-b001-036,panel_settled,37,10124.9700,10124.9700,0.0000,124.9700,0.0000,89.2600,38,38,17,21,38,0.4474,2600.0300,0.0125,38,0,1743134400,1788912000
sim-b002-083,batch-002,favorite_band,favorite-band-b002-083,panel_settled,38,10123.1800,10123.1800,0.0000,123.1800,0.0000,14.3900,9,9,8,1,9,0.8889,781.8200,0.0123,9,0,1743652800,1789185600
sim-b002-084,batch-002,favorite_band,favorite-band-b002-084,panel_settled,39,10122.8700,10122.8700,0.0000,122.8700,0.0000,14.4700,9,9,8,1,9,0.8889,782.1300,0.0123,9,0,1743652800,1789185600
sim-b002-085,batch-002,favorite_band,favorite-band-b002-085,panel_settled,39,10122.8700,10122.8700,0.0000,122.8700,0.0000,14.4700,9,9,8,1,9,0.8889,782.1300,0.0123,9,0,1743652800,1789185600
sim-b002-081,batch-002,favorite_band,favorite-band-b002-081,panel_settled,41,10121.4900,10121.4900,0.0000,121.4900,0.0000,14.3100,9,9,8,1,9,0.8889,781.5100,0.0121,9,0,1743652800,1789185600
sim-b002-082,batch-002,favorite_band,favorite-band-b002-082,panel_settled,41,10121.4900,10121.4900,0.0000,121.4900,0.0000,14.3100,9,9,8,1,9,0.8889,781.5100,0.0121,9,0,1743652800,1789185600
sim-b001-069,batch-001,null_model,null-model-b001-069,panel_settled,43,10115.3300,10115.3300,0.0000,115.3300,0.0000,37.3400,18,18,8,10,18,0.4444,1184.6700,0.0115,18,0,1742961600,1788814800
sim-b001-063,batch-001,null_model,null-model-b001-063,panel_settled,44,10084.3700,10084.3700,0.0000,84.3700,0.0000,67.8600,28,28,13,15,28,0.4643,2183.6300,0.0084,28,0,1747540800,1789444800
sim-b007-044,batch-007,stop_loss_favorite,stop-loss-favorite-b007-044,panel_settled,45,10076.2300,10076.2300,0.0000,76.2300,0.0000,25.4000,16,8,8,4,12,0.6667,810.7700,0.0076,12,0,1742443200,1789185600
sim-b001-058,batch-001,null_model,null-model-b001-058,panel_settled,46,10075.4600,10075.4600,0.0000,75.4600,0.0000,44.7100,21,21,12,9,21,0.5714,1680.5400,0.0075,21,0,1745985600,1777003200
sim-b008-067,batch-008,volatility_gate,volatility-gate-b008-067,panel_settled,47,10057.8100,10057.8100,0.0000,57.8100,0.0000,10.4900,7,7,6,1,7,0.8571,555.1900,0.0058,7,0,1745640000,1774584000
sim-b002-088,batch-002,favorite_band,favorite-band-b002-088,panel_settled,48,10046.2200,10046.2200,0.0000,46.2200,0.0000,17.1300,12,12,10,2,12,0.8333,1082.7800,0.0046,12,0,1742443200,1789185600
sim-b002-093,batch-002,favorite_band,favorite-band-b002-093,panel_settled,48,10046.2200,10046.2200,0.0000,46.2200,0.0000,17.1300,12,12,10,2,12,0.8333,1082.7800,0.0046,12,0,1742443200,1789185600
sim-b009-044,batch-009,entry_timing_band,entry-timing-band-b009-044,panel_settled,48,10046.2200,10046.2200,0.0000,46.2200,0.0000,17.1300,12,12,10,2,12,0.8333,1082.7800,0.0046,12,0,1742443200,1789185600
sim-b010-068,batch-010,favorite_band_wide,favorite-band-wide-b010-068,panel_settled,48,10046.2200,10046.2200,0.0000,46.2200,0.0000,17.1300,12,12,10,2,12,0.8333,1082.7800,0.0046,12,0,1742443200,1789185600
sim-b010-071,batch-010,favorite_band_wide,favorite-band-wide-b010-071,panel_settled,48,10046.2200,10046.2200,0.0000,46.2200,0.0000,17.1300,12,12,10,2,12,0.8333,1082.7800,0.0046,12,0,1742443200,1789185600
sim-b009-054,batch-009,entry_timing_band,entry-timing-band-b009-054,panel_settled,53,10046.0100,10046.0100,0.0000,46.0100,0.0000,17.1300,12,12,10,2,12,0.8333,1081.9900,0.0046,12,0,1742529600,1789185600
sim-b002-089,batch-002,favorite_band,favorite-band-b002-089,panel_settled,54,10045.9400,10045.9400,0.0000,45.9400,0.0000,17.4800,12,12,10,2,12,0.8333,1083.0600,0.0046,12,0,1742443200,1789185600
sim-b002-090,batch-002,favorite_band,favorite-band-b002-090,panel_settled,54,10045.9400,10045.9400,0.0000,45.9400,0.0000,17.4800,12,12,10,2,12,0.8333,1083.0600,0.0046,12,0,1742443200,1789185600
sim-b002-094,batch-002,favorite_band,favorite-band-b002-094,panel_settled,54,10045.9400,10045.9400,0.0000,45.9400,0.0000,17.4800,12,12,10,2,12,0.8333,1083.0600,0.0046,12,0,1742443200,1789185600
sim-b002-095,batch-002,favorite_band,favorite-band-b002-095,panel_settled,54,10045.9400,10045.9400,0.0000,45.9400,0.0000,17.4800,12,12,10,2,12,0.8333,1083.0600,0.0046,12,0,1742443200,1789185600
sim-b010-067,batch-010,favorite_band_wide,favorite-band-wide-b010-067,panel_settled,54,10045.9400,10045.9400,0.0000,45.9400,0.0000,17.4800,12,12,10,2,12,0.8333,1083.0600,0.0046,12,0,1742443200,1789185600
sim-b010-070,batch-010,favorite_band_wide,favorite-band-wide-b010-070,panel_settled,54,10045.9400,10045.9400,0.0000,45.9400,0.0000,17.4800,12,12,10,2,12,0.8333,1083.0600,0.0046,12,0,1742443200,1789185600
sim-b002-087,batch-002,favorite_band,favorite-band-b002-087,panel_settled,60,10044.5300,10044.5300,0.0000,44.5300,0.0000,17.0500,12,12,10,2,12,0.8333,1082.4700,0.0045,12,0,1742443200,1789185600
sim-b002-092,batch-002,favorite_band,favorite-band-b002-092,panel_settled,60,10044.5300,10044.5300,0.0000,44.5300,0.0000,17.0500,12,12,10,2,12,0.8333,1082.4700,0.0045,12,0,1742443200,1789185600
sim-b009-043,batch-009,entry_timing_band,entry-timing-band-b009-043,panel_settled,60,10044.5300,10044.5300,0.0000,44.5300,0.0000,17.0500,12,12,10,2,12,0.8333,1082.4700,0.0045,12,0,1742443200,1789185600
sim-b009-053,batch-009,entry_timing_band,entry-timing-band-b009-053,panel_settled,63,10044.3200,10044.3200,0.0000,44.3200,0.0000,17.0500,12,12,10,2,12,0.8333,1081.6800,0.0044,12,0,1742529600,1789185600
sim-b009-084,batch-009,entry_timing_band,entry-timing-band-b009-084,panel_settled,64,10043.8700,10043.8700,0.0000,43.8700,0.0000,16.9900,12,12,10,2,12,0.8333,1082.1300,0.0044,12,0,1743048000,1789185600
sim-b009-064,batch-009,entry_timing_band,entry-timing-band-b009-064,panel_settled,65,10043.4100,10043.4100,0.0000,43.4100,0.0000,16.9900,12,12,10,2,12,0.8333,1082.5900,0.0043,12,0,1742616000,1789185600
sim-b009-083,batch-009,entry_timing_band,entry-timing-band-b009-083,panel_settled,66,10042.1800,10042.1800,0.0000,42.1800,0.0000,16.9100,12,12,10,2,12,0.8333,1081.8200,0.0042,12,0,1743048000,1789185600
sim-b007-039,batch-007,stop_loss_favorite,stop-loss-favorite-b007-039,panel_settled,67,10041.7200,10041.7200,0.0000,41.7200,0.0000,27.4300,17,7,7,5,12,0.5833,712.2800,0.0042,12,0,1742443200,1789185600
sim-b009-063,batch-009,entry_timing_band,entry-timing-band-b009-063,panel_settled,67,10041.7200,10041.7200,0.0000,41.7200,0.0000,16.9100,12,12,10,2,12,0.8333,1082.2800,0.0042,12,0,1742616000,1789185600
sim-b009-074,batch-009,entry_timing_band,entry-timing-band-b009-074,panel_settled,69,10040.8600,10040.8600,0.0000,40.8600,0.0000,16.8500,12,12,10,2,12,0.8333,1083.1400,0.0041,12,0,1742788800,1789185600
sim-b009-073,batch-009,entry_timing_band,entry-timing-band-b009-073,panel_settled,70,10039.1700,10039.1700,0.0000,39.1700,0.0000,16.7700,12,12,10,2,12,0.8333,1082.8300,0.0039,12,0,1742788800,1789185600
sim-b002-098,batch-002,favorite_band,favorite-band-b002-098,panel_settled,71,10036.7200,10036.7200,0.0000,36.7200,0.0000,16.5700,12,12,10,2,12,0.8333,1082.2800,0.0037,12,0,1742443200,1789185600
sim-b002-099,batch-002,favorite_band,favorite-band-b002-099,panel_settled,72,10036.4400,10036.4400,0.0000,36.4400,0.0000,16.9200,12,12,10,2,12,0.8333,1082.5600,0.0036,12,0,1742443200,1789185600
sim-b002-100,batch-002,favorite_band,favorite-band-b002-100,panel_settled,72,10036.4400,10036.4400,0.0000,36.4400,0.0000,16.9200,12,12,10,2,12,0.8333,1082.5600,0.0036,12,0,1742443200,1789185600
sim-b002-096,batch-002,favorite_band,favorite-band-b002-096,panel_settled,74,10035.9200,10035.9200,0.0000,35.9200,0.0000,15.7800,12,12,10,2,12,0.8333,1081.0800,0.0036,12,0,1742443200,1789185600
sim-b002-097,batch-002,favorite_band,favorite-band-b002-097,panel_settled,75,10035.0300,10035.0300,0.0000,35.0300,0.0000,16.4900,12,12,10,2,12,0.8333,1081.9700,0.0035,12,0,1742443200,1789185600
sim-b007-069,batch-007,take_profit_favorite,take-profit-favorite-b007-069,panel_settled,76,10034.7100,10034.7100,0.0000,34.7100,0.0000,17.6800,14,10,10,2,12,0.8333,880.0400,0.0035,12,0,1742443200,1789185600
sim-b007-055,batch-007,take_profit_favorite,take-profit-favorite-b007-055,panel_settled,77,10014.1500,10014.1500,0.0000,14.1500,0.0000,20.5100,21,3,11,1,12,0.9167,302.2800,0.0014,12,0,1742443200,1789272000
sim-b007-054,batch-007,take_profit_favorite,take-profit-favorite-b007-054,panel_settled,78,10007.5600,10007.5600,0.0000,7.5600,0.0000,26.4100,23,1,11,1,12,0.9167,100.9600,0.0008,12,0,1742443200,1789531200
sim-b001-065,batch-001,null_model,null-model-b001-065,panel_settled,79,10002.4200,10002.4200,0.0000,2.4200,0.0000,25.5100,16,16,9,7,16,0.5625,1140.5800,0.0002,16,0,1750737600,1778990400
sim-b008-052,batch-008,volatility_gate,volatility-gate-b008-052,panel_settled,80,9998.3800,9998.3800,0.0000,-1.6200,0.0000,21.5400,12,12,9,3,12,0.7500,1064.6200,-0.0002,12,0,1742702400,1789444800
sim-b007-064,batch-007,take_profit_favorite,take-profit-favorite-b007-064,panel_settled,81,9993.3000,9993.3000,0.0000,-6.7000,0.0000,20.2100,18,6,10,2,12,0.8333,487.7200,-0.0007,12,0,1742443200,1789185600
sim-b007-070,batch-007,take_profit_favorite,take-profit-favorite-b007-070,panel_settled,82,9990.6900,9990.6900,0.0000,-9.3100,0.0000,14.4900,12,12,10,2,12,0.8333,1088.3100,-0.0009,12,0,1742443200,1789272000
sim-b009-045,batch-009,entry_timing_band,entry-timing-band-b009-045,panel_settled,82,9990.6900,9990.6900,0.0000,-9.3100,0.0000,14.4900,12,12,10,2,12,0.8333,1088.3100,-0.0009,12,0,1742443200,1789272000
sim-b009-046,batch-009,entry_timing_band,entry-timing-band-b009-046,panel_settled,82,9990.6900,9990.6900,0.0000,-9.3100,0.0000,14.4900,12,12,10,2,12,0.8333,1088.3100,-0.0009,12,0,1742443200,1789272000
sim-b009-055,batch-009,entry_timing_band,entry-timing-band-b009-055,panel_settled,85,9990.4800,9990.4800,0.0000,-9.5200,0.0000,14.4900,12,12,10,2,12,0.8333,1087.5200,-0.0010,12,0,1742529600,1789272000
sim-b009-056,batch-009,entry_timing_band,entry-timing-band-b009-056,panel_settled,85,9990.4800,9990.4800,0.0000,-9.5200,0.0000,14.4900,12,12,10,2,12,0.8333,1087.5200,-0.0010,12,0,1742529600,1789272000
sim-b001-052,batch-001,null_model,null-model-b001-052,panel_settled,87,9988.5900,9988.5900,0.0000,-11.4100,0.0000,48.9100,23,23,9,14,23,0.3913,1560.4100,-0.0011,23,0,1748145600,1788811200
sim-b009-065,batch-009,entry_timing_band,entry-timing-band-b009-065,panel_settled,88,9987.8800,9987.8800,0.0000,-12.1200,0.0000,14.3500,12,12,10,2,12,0.8333,1088.1200,-0.0012,12,0,1742616000,1789272000
sim-b009-066,batch-009,entry_timing_band,entry-timing-band-b009-066,panel_settled,88,9987.8800,9987.8800,0.0000,-12.1200,0.0000,14.3500,12,12,10,2,12,0.8333,1088.1200,-0.0012,12,0,1742616000,1789272000
sim-b009-075,batch-009,entry_timing_band,entry-timing-band-b009-075,panel_settled,90,9985.3300,9985.3300,0.0000,-14.6700,0.0000,14.2100,12,12,10,2,12,0.8333,1088.6700,-0.0015,12,0,1742788800,1789272000
sim-b009-076,batch-009,entry_timing_band,entry-timing-band-b009-076,panel_settled,90,9985.3300,9985.3300,0.0000,-14.6700,0.0000,14.2100,12,12,10,2,12,0.8333,1088.6700,-0.0015,12,0,1742788800,1789272000
sim-b009-085,batch-009,entry_timing_band,entry-timing-band-b009-085,panel_settled,92,9983.8700,9983.8700,0.0000,-16.1300,0.0000,14.1400,12,12,10,2,12,0.8333,1087.1300,-0.0016,12,0,1743048000,1789272000
sim-b009-086,batch-009,entry_timing_band,entry-timing-band-b009-086,panel_settled,92,9983.8700,9983.8700,0.0000,-16.1300,0.0000,14.1400,12,12,10,2,12,0.8333,1087.1300,-0.0016,12,0,1743048000,1789272000
sim-b007-034,batch-007,stop_loss_favorite,stop-loss-favorite-b007-034,panel_settled,94,9983.0200,9983.0200,0.0000,-16.9800,0.0000,30.5800,19,5,5,7,12,0.4167,521.9800,-0.0017,12,0,1742443200,1789185600
sim-b007-065,batch-007,take_profit_favorite,take-profit-favorite-b007-065,panel_settled,95,9981.4000,9981.4000,0.0000,-18.6000,0.0000,15.0900,14,10,10,2,12,0.8333,885.9500,-0.0019,12,0,1742443200,1789272000
sim-b007-038,batch-007,stop_loss_favorite,stop-loss-favorite-b007-038,panel_settled,96,9978.9800,9978.9800,0.0000,-21.0200,0.0000,33.7500,19,9,8,6,14,0.5714,934.0200,-0.0021,14,0,1742443200,1789185600
sim-b007-099,batch-007,favorite_exit_reentry,favorite-exit-reentry-b007-099,panel_settled,97,9976.7000,9976.7000,0.0000,-23.3000,0.0000,64.4800,46,6,13,13,26,0.5000,634.3000,-0.0023,12,0,1742443200,1789185600
sim-b001-001,batch-001,null_model,null-model-b001-001,panel_settled,98,9975.7800,9975.7800,0.0000,-24.2200,0.0000,91.1000,38,38,15,23,38,0.3947,2811.2200,-0.0024,38,0,1742529600,1788814800
sim-b007-024,batch-007,stop_loss_favorite,stop-loss-favorite-b007-024,panel_settled,99,9970.4800,9970.4800,0.0000,-29.5200,0.0000,31.7600,20,4,4,8,12,0.3333,401.5200,-0.0030,12,0,1742443200,1789185600
sim-b002-066,batch-002,favorite_band,favorite-band-b002-066,panel_settled,100,9968.1100,9968.1100,0.0000,-31.8900,0.0000,21.4100,13,13,10,3,13,0.7692,1184.8900,-0.0032,13,0,1742443200,1789185600
sim-b002-071,batch-002,favorite_band,favorite-band-b002-071,panel_settled,100,9968.1100,9968.1100,0.0000,-31.8900,0.0000,21.4100,13,13,10,3,13,0.7692,1184.8900,-0.0032,13,0,1742443200,1789185600
sim-b007-049,batch-007,take_profit_favorite,take-profit-favorite-b007-049,panel_settled,102,9962.3900,9962.3900,0.0000,-37.6100,0.0000,28.5400,23,1,11,1,12,0.9167,100.9600,-0.0038,12,0,1742443200,1789444800
sim-b010-069,batch-010,favorite_band_wide,favorite-band-wide-b010-069,panel_settled,103,9958.2400,9958.2400,0.0000,-41.7600,0.0000,19.4400,13,13,10,3,13,0.7692,1184.7600,-0.0042,13,0,1742443200,1789185600
sim-b010-072,batch-010,favorite_band_wide,favorite-band-wide-b010-072,panel_settled,103,9958.2400,9958.2400,0.0000,-41.7600,0.0000,19.4400,13,13,10,3,13,0.7692,1184.7600,-0.0042,13,0,1742443200,1789185600
sim-b007-059,batch-007,take_profit_favorite,take-profit-favorite-b007-059,panel_settled,105,9957.1300,9957.1300,0.0000,-42.8700,0.0000,22.3200,21,3,10,2,12,0.8333,302.9300,-0.0043,12,0,1742443200,1789185600
sim-b007-050,batch-007,take_profit_favorite,take-profit-favorite-b007-050,panel_settled,106,9956.5200,9956.5200,0.0000,-43.4800,0.0000,23.6400,23,1,11,1,12,0.9167,100.9600,-0.0043,12,0,1742443200,1789444800
sim-b001-075,batch-001,null_model,null-model-b001-075,panel_settled,107,9954.9400,9954.9400,0.0000,-45.0600,0.0000,34.1300,17,17,11,6,17,0.6471,1400.0600,-0.0045,17,0,1749268800,1773633600
sim-b007-060,batch-007,take_profit_favorite,take-profit-favorite-b007-060,panel_settled,108,9949.2800,9949.2800,0.0000,-50.7200,0.0000,17.0900,19,5,10,2,12,0.8333,381.2000,-0.0051,12,0,1742443200,1789272000
sim-b007-043,batch-007,stop_loss_favorite,stop-loss-favorite-b007-043,panel_settled,109,9945.2900,9945.2900,0.0000,-54.7100,0.0000,33.9800,19,9,8,6,14,0.5714,967.7100,-0.0055,14,0,1742443200,1789185600
sim-b001-074,batch-001,null_model,null-model-b001-074,panel_settled,110,9944.9700,9944.9700,0.0000,-55.0300,0.0000,55.6600,26,26,8,18,26,0.3077,1623.0300,-0.0055,26,0,1744689600,1774598400
sim-b002-061,batch-002,favorite_band,favorite-band-b002-061,panel_settled,111,9944.0800,9944.0800,0.0000,-55.9200,0.0000,19.7300,11,11,8,3,11,0.7273,984.9200,-0.0056,11,0,1743652800,1789185600
sim-b002-062,batch-002,favorite_band,favorite-band-b002-062,panel_settled,111,9944.0800,9944.0800,0.0000,-55.9200,0.0000,19.7300,11,11,8,3,11,0.7273,984.9200,-0.0056,11,0,1743652800,1789185600
sim-b001-038,batch-001,null_model,null-model-b001-038,panel_settled,113,9942.7900,9942.7900,0.0000,-57.2100,0.0000,84.4400,38,38,19,19,38,0.5000,2896.2100,-0.0057,38,0,1742616000,1788800400
sim-b007-029,batch-007,stop_loss_favorite,stop-loss-favorite-b007-029,panel_settled,114,9941.1500,9941.1500,0.0000,-58.8500,0.0000,32.5500,20,4,4,8,12,0.3333,430.8500,-0.0059,12,0,1742443200,1789185600
sim-b002-063,batch-002,favorite_band,favorite-band-b002-063,panel_settled,115,9938.5900,9938.5900,0.0000,-61.4100,0.0000,19.4000,11,11,8,3,11,0.7273,985.4100,-0.0061,11,0,1743652800,1789185600
sim-b001-011,batch-001,null_model,null-model-b001-011,panel_settled,116,9931.9900,9931.9900,0.0000,-68.0100,0.0000,81.3000,36,36,15,21,36,0.4167,2585.0100,-0.0068,36,0,1742443200,1788793200
sim-b001-049,batch-001,null_model,null-model-b001-049,panel_settled,117,9930.4200,9930.4200,0.0000,-69.5800,0.0000,75.6500,35,35,15,20,35,0.4286,2439.5800,-0.0070,35,0,1742616000,1788897600
sim-b007-030,batch-007,stop_loss_favorite,stop-loss-favorite-b007-030,panel_settled,118,9927.2800,9927.2800,0.0000,-72.7200,0.0000,28.6000,20,4,4,8,12,0.3333,439.7200,-0.0073,12,0,1742443200,1789272000
sim-b007-089,batch-007,favorite_exit_reentry,favorite-exit-reentry-b007-089,panel_settled,119,9927.0600,9927.0600,0.0000,-72.9400,0.0000,79.1500,61,3,17,15,32,0.5313,329.9400,-0.0073,12,0,1742443200,1789185600
sim-b007-040,batch-007,stop_loss_favorite,stop-loss-favorite-b007-040,panel_settled,120,9925.6000,9925.6000,0.0000,-74.4000,0.0000,27.9300,19,5,5,7,12,0.4167,561.4000,-0.0074,12,0,1742443200,1789272000
sim-b007-045,batch-007,stop_loss_favorite,stop-loss-favorite-b007-045,panel_settled,121,9923.0800,9923.0800,0.0000,-76.9200,0.0000,27.9900,19,5,5,7,12,0.4167,563.9200,-0.0077,12,0,1742443200,1789272000
sim-b007-053,batch-007,take_profit_favorite,take-profit-favorite-b007-053,panel_settled,122,9917.0100,9917.0100,0.0000,-82.9900,0.0000,34.7100,26,2,12,2,14,0.8571,202.8400,-0.0083,14,0,1742443200,1789531200
sim-b007-025,batch-007,stop_loss_favorite,stop-loss-favorite-b007-025,panel_settled,123,9912.1300,9912.1300,0.0000,-87.8700,0.0000,29.6800,21,3,3,9,12,0.2500,329.8700,-0.0088,12,0,1742443200,1789358400
sim-b001-044,batch-001,null_model,null-model-b001-044,panel_settled,124,9907.8600,9907.8600,0.0000,-92.1400,0.0000,85.6100,36,36,15,21,36,0.4167,2572.1400,-0.0092,36,0,1743134400,1787767200
sim-b007-035,batch-007,stop_loss_favorite,stop-loss-favorite-b007-035,panel_settled,125,9907.3600,9907.3600,0.0000,-92.6400,0.0000,29.1600,20,4,4,8,12,0.3333,459.6400,-0.0093,12,0,1742443200,1789272000
sim-b007-033,batch-007,stop_loss_favorite,stop-loss-favorite-b007-033,panel_settled,126,9906.8100,9906.8100,0.0000,-93.1900,0.0000,37.2300,21,7,6,8,14,0.4286,750.1900,-0.0093,14,0,1742443200,1789185600
sim-b001-023,batch-001,null_model,null-model-b001-023,panel_settled,127,9901.9400,9901.9400,0.0000,-98.0600,0.0000,80.2100,34,34,16,18,34,0.4706,2780.0600,-0.0098,34,0,1744344000,1788883200
sim-b007-028,batch-007,stop_loss_favorite,stop-loss-favorite-b007-028,panel_settled,128,9901.7700,9901.7700,0.0000,-98.2300,0.0000,38.8700,22,6,5,9,14,0.3571,619.2300,-0.0098,14,0,1742443200,1789185600
sim-b001-029,batch-001,null_model,null-model-b001-029,panel_settled,129,9899.4000,9899.4000,0.0000,-100.6000,0.0000,73.0800,36,36,12,24,36,0.3333,2174.6000,-0.0101,36,0,1743134400,1788901200
sim-b008-069,batch-008,volatility_gate,volatility-gate-b008-069,panel_settled,130,9899.3500,9899.3500,0.0000,-100.6500,0.0000,35.6500,13,13,1,12,13,0.0769,600.6500,-0.0101,13,0,1745553600,1788858000
sim-b007-079,batch-007,favorite_exit_reentry,favorite-exit-reentry-b007-079,panel_settled,131,9898.3200,9898.3200,0.0000,-101.6800,0.0000,105.7900,87,3,29,16,45,0.6444,349.4600,-0.0102,12,0,1742443200,1789531200
sim-b008-055,batch-008,volatility_gate,volatility-gate-b008-055,panel_settled,132,9896.9600,9896.9600,0.0000,-103.0400,0.0000,23.5600,13,13,9,4,13,0.6923,1166.0400,-0.0103,13,0,1742702400,1789444800
sim-b008-068,batch-008,volatility_gate,volatility-gate-b008-068,panel_settled,133,9895.7500,9895.7500,0.0000,-104.2500,0.0000,21.6200,6,6,3,3,6,0.5000,620.2500,-0.0104,6,0,1759896000,1772773200
sim-b001-021,batch-001,null_model,null-model-b001-021,panel_settled,134,9876.4200,9876.4200,0.0000,-123.5800,0.0000,83.1900,34,34,13,21,34,0.3824,2379.5800,-0.0124,34,0,1744171200,1788829200
sim-b007-048,batch-007,take_profit_favorite,take-profit-favorite-b007-048,panel_settled,135,9873.5700,9873.5700,0.0000,-126.4300,0.0000,36.6700,26,2,12,2,14,0.8571,202.8400,-0.0126,14,0,1742443200,1789444800
sim-b002-067,batch-002,favorite_band,favorite-band-b002-067,panel_settled,136,9867.1500,9867.1500,0.0000,-132.8500,0.0000,22.7400,14,14,10,4,14,0.7143,1285.8500,-0.0133,14,0,1742443200,1789185600
sim-b002-072,batch-002,favorite_band,favorite-band-b002-072,panel_settled,136,9867.1500,9867.1500,0.0000,-132.8500,0.0000,22.7400,14,14,10,4,14,0.7143,1285.8500,-0.0133,14,0,1742443200,1789185600
sim-b009-041,batch-009,entry_timing_band,entry-timing-band-b009-041,panel_settled,136,9867.1500,9867.1500,0.0000,-132.8500,0.0000,22.7400,14,14,10,4,14,0.7143,1285.8500,-0.0133,14,0,1742443200,1789185600
sim-b009-051,batch-009,entry_timing_band,entry-timing-band-b009-051,panel_settled,139,9866.9400,9866.9400,0.0000,-133.0600,0.0000,22.7400,14,14,10,4,14,0.7143,1285.0600,-0.0133,14,0,1742529600,1789185600
sim-b009-061,batch-009,entry_timing_band,entry-timing-band-b009-061,panel_settled,140,9864.3400,9864.3400,0.0000,-135.6600,0.0000,22.6000,14,14,10,4,14,0.7143,1285.6600,-0.0136,14,0,1742616000,1789185600
sim-b009-071,batch-009,entry_timing_band,entry-timing-band-b009-071,panel_settled,141,9861.7900,9861.7900,0.0000,-138.2100,0.0000,22.4600,14,14,10,4,14,0.7143,1286.2100,-0.0138,14,0,1742788800,1789185600
sim-b002-068,batch-002,favorite_band,favorite-band-b002-068,panel_settled,142,9861.6600,9861.6600,0.0000,-138.3400,0.0000,22.4100,14,14,10,4,14,0.7143,1286.3400,-0.0138,14,0,1742443200,1789185600
sim-b002-073,batch-002,favorite_band,favorite-band-b002-073,panel_settled,142,9861.6600,9861.6600,0.0000,-138.3400,0.0000,22.4100,14,14,10,4,14,0.7143,1286.3400,-0.0138,14,0,1742443200,1789185600
sim-b009-042,batch-009,entry_timing_band,entry-timing-band-b009-042,panel_settled,142,9861.6600,9861.6600,0.0000,-138.3400,0.0000,22.4100,14,14,10,4,14,0.7143,1286.3400,-0.0138,14,0,1742443200,1789185600
sim-b007-094,batch-007,favorite_exit_reentry,favorite-exit-reentry-b007-094,panel_settled,145,9861.6200,9861.6200,0.0000,-138.3800,0.0000,100.2300,68,6,13,24,37,0.3514,751.3800,-0.0138,12,0,1742443200,1789185600
sim-b009-081,batch-009,entry_timing_band,entry-timing-band-b009-081,panel_settled,146,9861.4600,9861.4600,0.0000,-138.5400,0.0000,22.4700,14,14,10,4,14,0.7143,1285.5400,-0.0139,14,0,1743048000,1789185600
sim-b009-052,batch-009,entry_timing_band,entry-timing-band-b009-052,panel_settled,147,9861.4500,9861.4500,0.0000,-138.5500,0.0000,22.4100,14,14,10,4,14,0.7143,1285.5500,-0.0139,14,0,1742529600,1789185600
sim-b009-062,batch-009,entry_timing_band,entry-timing-band-b009-062,panel_settled,148,9858.8500,9858.8500,0.0000,-141.1500,0.0000,22.2700,14,14,10,4,14,0.7143,1286.1500,-0.0141,14,0,1742616000,1789185600
sim-b002-076,batch-002,favorite_band,favorite-band-b002-076,panel_settled,149,9858.5100,9858.5100,0.0000,-141.4900,0.0000,21.2000,14,14,10,4,14,0.7143,1284.4900,-0.0141,14,0,1742443200,1789185600
sim-b002-077,batch-002,favorite_band,favorite-band-b002-077,panel_settled,150,9857.6500,9857.6500,0.0000,-142.3500,0.0000,22.1800,14,14,10,4,14,0.7143,1285.3500,-0.0142,14,0,1742443200,1789185600
sim-b009-072,batch-009,entry_timing_band,entry-timing-band-b009-072,panel_settled,151,9856.3000,9856.3000,0.0000,-143.7000,0.0000,22.1300,14,14,10,4,14,0.7143,1286.7000,-0.0144,14,0,1742788800,1789185600
sim-b009-082,batch-009,entry_timing_band,entry-timing-band-b009-082,panel_settled,152,9855.9700,9855.9700,0.0000,-144.0300,0.0000,22.1400,14,14,10,4,14,0.7143,1286.0300,-0.0144,14,0,1743048000,1789185600
sim-b002-078,batch-002,favorite_band,favorite-band-b002-078,panel_settled,153,9852.1600,9852.1600,0.0000,-147.8400,0.0000,21.8500,14,14,10,4,14,0.7143,1285.8400,-0.0148,14,0,1742443200,1789185600
sim-b001-004,batch-001,null_model,null-model-b001-004,panel_settled,154,9845.6200,9845.6200,0.0000,-154.3800,0.0000,93.2800,40,40,17,23,40,0.4250,2897.3800,-0.0154,40,0,1745294400,1788879600
sim-b002-064,batch-002,favorite_band,favorite-band-b002-064,panel_settled,155,9844.1000,9844.1000,0.0000,-155.9000,0.0000,21.6900,12,12,8,4,12,0.6667,1086.9000,-0.0156,12,0,1743652800,1789185600
sim-b002-065,batch-002,favorite_band,favorite-band-b002-065,panel_settled,155,9844.1000,9844.1000,0.0000,-155.9000,0.0000,21.6900,12,12,8,4,12,0.6667,1086.9000,-0.0156,12,0,1743652800,1789185600
sim-b007-016,batch-007,favorite_exit,favorite-exit-b007-016,panel_settled,157,9841.2700,9841.2700,0.0000,-158.7300,0.0000,56.2600,29,3,5,11,16,0.3125,284.7300,-0.0159,16,0,1742443200,1789185600
sim-b007-068,batch-007,take_profit_favorite,take-profit-favorite-b007-068,panel_settled,158,9839.2700,9839.2700,0.0000,-160.7300,0.0000,24.4600,17,11,10,4,14,0.7143,981.9600,-0.0161,14,0,1742443200,1789185600
sim-b007-100,batch-007,favorite_exit_reentry,favorite-exit-reentry-b007-100,panel_settled,159,9831.4100,9831.4100,0.0000,-168.5900,0.0000,54.3300,40,4,8,14,22,0.3636,535.5900,-0.0169,12,0,1742443200,1789272000
sim-b007-023,batch-007,stop_loss_favorite,stop-loss-favorite-b007-023,panel_settled,160,9824.5900,9824.5900,0.0000,-175.4100,0.0000,42.7100,24,4,3,11,14,0.2143,418.4100,-0.0175,14,0,1742443200,1789185600
sim-b007-011,batch-007,favorite_exit,favorite-exit-b007-011,panel_settled,161,9823.3700,9823.3700,0.0000,-176.6300,0.0000,57.2400,30,2,5,11,16,0.3125,179.1300,-0.0177,16,0,1742443200,1789185600
sim-b007-017,batch-007,favorite_exit,favorite-exit-b007-017,panel_settled,162,9818.6100,9818.6100,0.0000,-181.3900,0.0000,56.6700,29,3,5,11,16,0.3125,307.3900,-0.0181,16,0,1742443200,1789185600
sim-b007-027,batch-007,stop_loss_favorite,stop-loss-favorite-b007-027,panel_settled,163,9814.8200,9814.8200,0.0000,-185.1800,0.0000,56.3500,27,5,4,12,16,0.2500,604.1800,-0.0185,16,0,1742443200,1789185600
sim-b007-018,batch-007,favorite_exit,favorite-exit-b007-018,panel_settled,164,9812.7200,9812.7200,0.0000,-187.2800,0.0000,53.0600,27,5,7,9,16,0.4375,569.2800,-0.0187,16,0,1742443200,1789185600
sim-b001-092,batch-001,null_model,null-model-b001-092,panel_settled,165,9812.2400,9812.2400,0.0000,-187.7600,0.0000,105.3600,46,46,19,27,46,0.4130,3444.7600,-0.0188,46,0,1742443200,1788840000
sim-b007-080,batch-007,favorite_exit_reentry,favorite-exit-reentry-b007-080,panel_settled,166,9811.2400,9811.2400,0.0000,-188.7600,0.0000,85.0400,76,2,23,16,39,0.5897,305.5400,-0.0189,12,0,1742443200,1789531200
sim-b001-096,batch-001,null_model,null-model-b001-096,panel_settled,167,9810.6500,9810.6500,0.0000,-189.3500,0.0000,114.6000,45,45,18,27,45,0.4000,3279.3500,-0.0189,45,0,1742961600,1788847200
sim-b007-084,batch-007,favorite_exit_reentry,favorite-exit-reentry-b007-084,panel_settled,168,9808.9100,9808.9100,0.0000,-191.0900,0.0000,123.3800,92,4,19,29,48,0.3958,558.0900,-0.0191,12,0,1742443200,1789185600
sim-b001-089,batch-001,null_model,null-model-b001-089,panel_settled,169,9803.8900,9803.8900,0.0000,-196.1100,0.0000,83.6200,46,46,18,28,46,0.3913,2956.1100,-0.0196,46,0,1743220800,1788883200
sim-b007-006,batch-007,favorite_exit,favorite-exit-b007-006,panel_settled,170,9801.3400,9801.3400,0.0000,-198.6600,0.0000,58.3700,30,2,5,11,16,0.3125,198.6600,-0.0199,16,0,1742443200,1789185600
sim-b007-012,batch-007,favorite_exit,favorite-exit-b007-012,panel_settled,171,9800.7100,9800.7100,0.0000,-199.2900,0.0000,57.6500,30,2,5,11,16,0.3125,201.7900,-0.0199,16,0,1742443200,1789185600
sim-b007-001,batch-007,favorite_exit,favorite-exit-b007-001,panel_settled,172,9798.9600,9798.9600,0.0000,-201.0400,0.0000,58.9900,31,1,7,9,16,0.4375,208.7400,-0.0201,16,0,1742443200,1789444800
sim-b007-063,batch-007,take_profit_favorite,take-profit-favorite-b007-063,panel_settled,173,9797.9800,9797.9800,0.0000,-202.0200,0.0000,26.9100,20,8,10,4,14,0.7143,690.9100,-0.0202,14,0,1742443200,1789185600
sim-b007-067,batch-007,take_profit_favorite,take-profit-favorite-b007-067,panel_settled,174,9787.7300,9787.7300,0.0000,-212.2700,0.0000,37.3600,22,10,11,5,16,0.6875,1011.9800,-0.0212,16,0,1742443200,1789185600
sim-b010-062,batch-010,favorite_band_wide,favorite-band-wide-b010-062,panel_settled,175,9787.4000,9787.4000,0.0000,-212.6000,0.0000,25.6000,15,15,10,5,15,0.6667,1388.6000,-0.0213,15,0,1742443200,1789185600
sim-b010-065,batch-010,favorite_band_wide,favorite-band-wide-b010-065,panel_settled,175,9787.4000,9787.4000,0.0000,-212.6000,0.0000,25.6000,15,15,10,5,15,0.6667,1388.6000,-0.0213,15,0,1742443200,1789185600
sim-b007-090,batch-007,favorite_exit_reentry,favorite-exit-reentry-b007-090,panel_settled,177,9785.5700,9785.5700,0.0000,-214.4300,0.0000,70.0600,58,2,13,17,30,0.4333,339.4300,-0.0214,12,0,1742443200,1789272000
sim-b007-002,batch-007,favorite_exit,favorite-exit-b007-002,panel_settled,178,9784.6300,9784.6300,0.0000,-215.3700,0.0000,59.2300,31,1,7,9,16,0.4375,223.0700,-0.0215,16,0,1742443200,1789444800
sim-b007-013,batch-007,favorite_exit,favorite-exit-b007-013,panel_settled,179,9781.8000,9781.8000,0.0000,-218.2000,0.0000,54.8200,29,3,7,9,16,0.4375,344.2000,-0.0218,16,0,1742443200,1789185600
sim-b001-042,batch-001,null_model,null-model-b001-042,panel_settled,180,9780.5400,9780.5400,0.0000,-219.4600,0.0000,89.9200,38,38,18,20,38,0.4737,2983.4600,-0.0219,38,0,1745121600,1788865200
sim-b007-007,batch-007,favorite_exit,favorite-exit-b007-007,panel_settled,181,9778.6800,9778.6800,0.0000,-221.3200,0.0000,58.7800,30,2,5,11,16,0.3125,221.3200,-0.0221,16,0,1742443200,1789185600
sim-b001-083,batch-001,null_model,null-model-b001-083,panel_settled,182,9772.8800,9772.8800,0.0000,-227.1200,0.0000,136.4100,47,47,21,26,47,0.4468,4069.1200,-0.0227,47,0,1742443200,1788854400
sim-b002-069,batch-002,favorite_band,favorite-band-b002-069,panel_settled,183,9767.1700,9767.1700,0.0000,-232.8300,0.0000,24.7000,15,15,10,5,15,0.6667,1387.8300,-0.0233,15,0,1742443200,1789185600
sim-b002-070,batch-002,favorite_band,favorite-band-b002-070,panel_settled,183,9767.1700,9767.1700,0.0000,-232.8300,0.0000,24.7000,15,15,10,5,15,0.6667,1387.8300,-0.0233,15,0,1742443200,1789185600
sim-b002-074,batch-002,favorite_band,favorite-band-b002-074,panel_settled,183,9767.1700,9767.1700,0.0000,-232.8300,0.0000,24.7000,15,15,10,5,15,0.6667,1387.8300,-0.0233,15,0,1742443200,1789185600
sim-b002-075,batch-002,favorite_band,favorite-band-b002-075,panel_settled,183,9767.1700,9767.1700,0.0000,-232.8300,0.0000,24.7000,15,15,10,5,15,0.6667,1387.8300,-0.0233,15,0,1742443200,1789185600
sim-b007-058,batch-007,take_profit_favorite,take-profit-favorite-b007-058,panel_settled,187,9765.5100,9765.5100,0.0000,-234.4900,0.0000,28.7500,23,5,10,4,14,0.7143,506.1200,-0.0234,14,0,1742443200,1789185600
sim-b010-061,batch-010,favorite_band_wide,favorite-band-wide-b010-061,panel_settled,188,9765.3200,9765.3200,0.0000,-234.6800,0.0000,24.6300,15,15,10,5,15,0.6667,1387.6800,-0.0235,15,0,1742443200,1789185600
sim-b010-064,batch-010,favorite_band_wide,favorite-band-wide-b010-064,panel_settled,188,9765.3200,9765.3200,0.0000,-234.6800,0.0000,24.6300,15,15,10,5,15,0.6667,1387.6800,-0.0235,15,0,1742443200,1789185600
sim-b001-050,batch-001,null_model,null-model-b001-050,panel_settled,190,9761.5900,9761.5900,0.0000,-238.4100,0.0000,80.6400,32,32,8,24,32,0.2500,1958.4100,-0.0238,32,0,1745121600,1780081200
sim-b007-019,batch-007,favorite_exit,favorite-exit-b007-019,panel_settled,191,9761.0800,9761.0800,0.0000,-238.9200,0.0000,52.9400,27,5,7,9,16,0.4375,620.9200,-0.0239,16,0,1742443200,1789185600
sim-b002-079,batch-002,favorite_band,favorite-band-b002-079,panel_settled,192,9757.6700,9757.6700,0.0000,-242.3300,0.0000,24.1400,15,15,10,5,15,0.6667,1387.3300,-0.0242,15,0,1742443200,1789185600
sim-b002-080,batch-002,favorite_band,favorite-band-b002-080,panel_settled,192,9757.6700,9757.6700,0.0000,-242.3300,0.0000,24.1400,15,15,10,5,15,0.6667,1387.3300,-0.0242,15,0,1742443200,1789185600
sim-b007-022,batch-007,stop_loss_favorite,stop-loss-favorite-b007-022,panel_settled,194,9756.0700,9756.0700,0.0000,-243.9300,0.0000,60.9600,29,3,2,14,16,0.1250,369.9300,-0.0244,16,0,1742443200,1789185600
sim-b007-098,batch-007,favorite_exit_reentry,favorite-exit-reentry-b007-098,panel_settled,195,9749.9400,9749.9400,0.0000,-250.0600,0.0000,97.9200,61,7,14,20,34,0.4118,867.0600,-0.0250,14,0,1742443200,1789185600
sim-b001-093,batch-001,null_model,null-model-b001-093,panel_settled,196,9747.7900,9747.7900,0.0000,-252.2100,0.0000,108.9100,43,43,21,22,43,0.4884,3676.2100,-0.0252,43,0,1742702400,1788807600
sim-b007-008,batch-007,favorite_exit,favorite-exit-b007-008,panel_settled,197,9746.1700,9746.1700,0.0000,-253.8300,0.0000,56.7100,30,2,7,9,16,0.4375,253.8300,-0.0254,16,0,1742443200,1789185600
sim-b007-074,batch-007,favorite_exit_reentry,favorite-exit-reentry-b007-074,panel_settled,198,9744.6200,9744.6200,0.0000,-255.3800,0.0000,149.7000,117,3,28,32,60,0.4667,505.1600,-0.0255,12,0,1742443200,1789531200
sim-b007-062,batch-007,take_profit_favorite,take-profit-favorite-b007-062,panel_settled,199,9744.3300,9744.3300,0.0000,-255.6700,0.0000,39.7200,24,8,11,5,16,0.6875,809.8600,-0.0256,16,0,1742443200,1789185600
sim-b002-047,batch-002,favorite_band,favorite-band-b002-047,panel_settled,200,9742.4000,9742.4000,0.0000,-257.6000,0.0000,31.3400,16,16,10,6,16,0.6250,1470.6000,-0.0258,16,0,1742443200,1789185600
sim-b002-052,batch-002,favorite_band,favorite-band-b002-052,panel_settled,200,9742.4000,9742.4000,0.0000,-257.6000,0.0000,31.3400,16,16,10,6,16,0.6250,1470.6000,-0.0258,16,0,1742443200,1789185600
sim-b009-039,batch-009,entry_timing_band,entry-timing-band-b009-039,panel_settled,200,9742.4000,9742.4000,0.0000,-257.6000,0.0000,31.3400,16,16,10,6,16,0.6250,1470.6000,-0.0258,16,0,1742443200,1789185600
sim-b009-049,batch-009,entry_timing_band,entry-timing-band-b009-049,panel_settled,203,9742.1900,9742.1900,0.0000,-257.8100,0.0000,31.3400,16,16,10,6,16,0.6250,1469.8100,-0.0258,16,0,1742529600,1789185600
sim-b007-020,batch-007,favorite_exit,favorite-exit-b007-020,panel_settled,204,9741.0000,9741.0000,0.0000,-259.0000,0.0000,52.9400,27,5,7,9,16,0.4375,641.0000,-0.0259,16,0,1742443200,1789185600
sim-b002-048,batch-002,favorite_band,favorite-band-b002-048,panel_settled,205,9739.8400,9739.8400,0.0000,-260.1600,0.0000,31.1500,16,16,10,6,16,0.6250,1471.1600,-0.0260,16,0,1742443200,1789185600
sim-b002-053,batch-002,favorite_band,favorite-band-b002-053,panel_settled,205,9739.8400,9739.8400,0.0000,-260.1600,0.0000,31.1500,16,16,10,6,16,0.6250,1471.1600,-0.0260,16,0,1742443200,1789185600
sim-b009-040,batch-009,entry_timing_band,entry-timing-band-b009-040,panel_settled,205,9739.8400,9739.8400,0.0000,-260.1600,0.0000,31.1500,16,16,10,6,16,0.6250,1471.1600,-0.0260,16,0,1742443200,1789185600
sim-b009-050,batch-009,entry_timing_band,entry-timing-band-b009-050,panel_settled,208,9739.6300,9739.6300,0.0000,-260.3700,0.0000,31.1500,16,16,10,6,16,0.6250,1470.3700,-0.0260,16,0,1742529600,1789185600
sim-b009-059,batch-009,entry_timing_band,entry-timing-band-b009-059,panel_settled,209,9739.5900,9739.5900,0.0000,-260.4100,0.0000,31.2000,16,16,10,6,16,0.6250,1470.4100,-0.0260,16,0,1742616000,1789185600
sim-b002-046,batch-002,favorite_band,favorite-band-b002-046,panel_settled,210,9737.1900,9737.1900,0.0000,-262.8100,0.0000,31.5500,16,16,10,6,16,0.6250,1479.8100,-0.0263,16,0,1742443200,1789185600
sim-b002-051,batch-002,favorite_band,favorite-band-b002-051,panel_settled,210,9737.1900,9737.1900,0.0000,-262.8100,0.0000,31.5500,16,16,10,6,16,0.6250,1479.8100,-0.0263,16,0,1742443200,1789185600
sim-b009-069,batch-009,entry_timing_band,entry-timing-band-b009-069,panel_settled,212,9737.0400,9737.0400,0.0000,-262.9600,0.0000,31.0600,16,16,10,6,16,0.6250,1470.9600,-0.0263,16,0,1742788800,1789185600
sim-b009-060,batch-009,entry_timing_band,entry-timing-band-b009-060,panel_settled,213,9737.0300,9737.0300,0.0000,-262.9700,0.0000,31.0100,16,16,10,6,16,0.6250,1470.9700,-0.0263,16,0,1742616000,1789185600
sim-b009-079,batch-009,entry_timing_band,entry-timing-band-b009-079,panel_settled,214,9736.7100,9736.7100,0.0000,-263.2900,0.0000,31.0700,16,16,10,6,16,0.6250,1470.2900,-0.0263,16,0,1743048000,1789185600
sim-b002-042,batch-002,favorite_band,favorite-band-b002-042,panel_settled,215,9734.8700,9734.8700,0.0000,-265.1300,0.0000,30.7100,15,15,9,6,15,0.6000,1371.1300,-0.0265,15,0,1743652800,1789185600
sim-b009-070,batch-009,entry_timing_band,entry-timing-band-b009-070,panel_settled,216,9734.4800,9734.4800,0.0000,-265.5200,0.0000,30.8700,16,16,10,6,16,0.6250,1471.5200,-0.0266,16,0,1742788800,1789185600
sim-b009-080,batch-009,entry_timing_band,entry-timing-band-b009-080,panel_settled,217,9734.1500,9734.1500,0.0000,-265.8500,0.0000,30.8800,16,16,10,6,16,0.6250,1470.8500,-0.0266,16,0,1743048000,1789185600
sim-b002-057,batch-002,favorite_band,favorite-band-b002-057,panel_settled,218,9732.9000,9732.9000,0.0000,-267.1000,0.0000,30.7800,16,16,10,6,16,0.6250,1470.1000,-0.0267,16,0,1742443200,1789185600
sim-b002-043,batch-002,favorite_band,favorite-band-b002-043,panel_settled,219,9732.3100,9732.3100,0.0000,-267.6900,0.0000,30.5200,15,15,9,6,15,0.6000,1371.6900,-0.0268,15,0,1743652800,1789185600
sim-b001-026,batch-001,null_model,null-model-b001-026,panel_settled,220,9730.9000,9730.9000,0.0000,-269.1000,0.0000,77.1800,35,35,15,20,35,0.4286,2760.1000,-0.0269,35,0,1752984000,1787828400
sim-b002-058,batch-002,favorite_band,favorite-band-b002-058,panel_settled,221,9730.3400,9730.3400,0.0000,-269.6600,0.0000,30.5900,16,16,10,6,16,0.6250,1470.6600,-0.0270,16,0,1742443200,1789185600
sim-b007-014,batch-007,favorite_exit,favorite-exit-b007-014,panel_settled,222,9730.1600,9730.1600,0.0000,-269.8400,0.0000,54.7000,29,3,7,9,16,0.4375,395.8400,-0.0270,16,0,1742443200,1789185600
sim-b007-095,batch-007,favorite_exit_reentry,favorite-exit-reentry-b007-095,panel_settled,223,9729.8800,9729.8800,0.0000,-270.1200,0.0000,89.2500,64,4,7,27,34,0.2059,637.1200,-0.0270,12,0,1742443200,1789272000
sim-b002-041,batch-002,favorite_band,favorite-band-b002-041,panel_settled,224,9729.6600,9729.6600,0.0000,-270.3400,0.0000,30.9200,15,15,9,6,15,0.6000,1380.3400,-0.0270,15,0,1743652800,1789185600
sim-b002-056,batch-002,favorite_band,favorite-band-b002-056,panel_settled,225,9727.6900,9727.6900,0.0000,-272.3100,0.0000,30.9900,16,16,10,6,16,0.6250,1479.3100,-0.0272,16,0,1742443200,1789185600
sim-b007-032,batch-007,stop_loss_favorite,stop-loss-favorite-b007-032,panel_settled,226,9727.4900,9727.4900,0.0000,-272.5100,0.0000,56.5100,27,5,4,12,16,0.2500,691.5100,-0.0273,16,0,1742443200,1789185600
sim-b007-052,batch-007,take_profit_favorite,take-profit-favorite-b007-052,panel_settled,227,9727.4300,9727.4300,0.0000,-272.5700,0.0000,47.4400,28,4,12,4,16,0.7500,406.2500,-0.0273,16,0,1742443200,1789531200
sim-b007-003,batch-007,favorite_exit,favorite-exit-b007-003,panel_settled,228,9727.4200,9727.4200,0.0000,-272.5800,0.0000,58.1400,31,1,8,8,16,0.5000,291.3300,-0.0273,16,0,1742443200,1789444800
sim-b001-059,batch-001,null_model,null-model-b001-059,panel_settled,229,9720.4600,9720.4600,0.0000,-279.5400,0.0000,45.1700,22,22,8,14,22,0.3636,1453.5400,-0.0280,22,0,1744689600,1779336000
sim-b001-030,batch-001,null_model,null-model-b001-030,panel_settled,230,9719.2000,9719.2000,0.0000,-280.8000,0.0000,64.1400,34,34,12,22,34,0.3529,2198.8000,-0.0281,34,0,1744948800,1788840000
sim-b008-063,batch-008,volatility_gate,volatility-gate-b008-063,panel_settled,231,9715.6500,9715.6500,0.0000,-284.3500,0.0000,74.3500,23,23,2,21,23,0.0870,1284.3500,-0.0284,23,0,1742875200,1788811200
sim-b007-015,batch-007,favorite_exit,favorite-exit-b007-015,panel_settled,232,9710.0800,9710.0800,0.0000,-289.9200,0.0000,54.7000,29,3,7,9,16,0.4375,415.9200,-0.0290,16,0,1742443200,1789185600
sim-b001-046,batch-001,null_model,null-model-b001-046,panel_settled,233,9708.2800,9708.2800,0.0000,-291.7200,0.0000,86.6800,35,35,13,22,35,0.3714,2741.7200,-0.0292,35,0,1749096000,1787799600
sim-b007-037,batch-007,stop_loss_favorite,stop-loss-favorite-b007-037,panel_settled,234,9706.6800,9706.6800,0.0000,-293.3200,0.0000,50.5300,24,8,6,10,16,0.3750,968.3200,-0.0293,16,0,1742443200,1789185600
sim-b007-088,batch-007,favorite_exit_reentry,favorite-exit-reentry-b007-088,panel_settled,235,9704.4000,9704.4000,0.0000,-295.6000,0.0000,115.4900,75,5,19,21,40,0.4750,666.6000,-0.0296,14,0,1742443200,1789185600
sim-b007-085,batch-007,favorite_exit_reentry,favorite-exit-reentry-b007-085,panel_settled,236,9695.2100,9695.2100,0.0000,-304.7900,0.0000,103.8100,81,3,12,30,42,0.2857,537.7900,-0.0305,12,0,1742443200,1789272000
sim-b007-009,batch-007,favorite_exit,favorite-exit-b007-009,panel_settled,237,9694.5300,9694.5300,0.0000,-305.4700,0.0000,56.5900,30,2,7,9,16,0.4375,305.4700,-0.0305,16,0,1742443200,1789185600
sim-b010-063,batch-010,favorite_band_wide,favorite-band-wide-b010-063,panel_settled,238,9688.0900,9688.0900,0.0000,-311.9100,0.0000,27.3500,16,16,10,6,16,0.6250,1489.9100,-0.0312,16,0,1742443200,1789185600
sim-b010-066,batch-010,favorite_band_wide,favorite-band-wide-b010-066,panel_settled,238,9688.0900,9688.0900,0.0000,-311.9100,0.0000,27.3500,16,16,10,6,16,0.6250,1489.9100,-0.0312,16,0,1742443200,1789185600
sim-b007-047,batch-007,take_profit_favorite,take-profit-favorite-b007-047,panel_settled,240,9684.3900,9684.3900,0.0000,-315.6100,0.0000,49.1500,28,4,12,4,16,0.7500,406.2500,-0.0316,16,0,1742443200,1789444800
sim-b007-075,batch-007,favorite_exit_reentry,favorite-exit-reentry-b007-075,panel_settled,241,9682.2000,9682.2000,0.0000,-317.8000,0.0000,126.4500,106,2,21,33,54,0.3889,434.5800,-0.0318,12,0,1742443200,1789531200
sim-b007-057,batch-007,take_profit_favorite,take-profit-favorite-b007-057,panel_settled,242,9681.7000,9681.7000,0.0000,-318.3000,0.0000,42.8000,26,6,11,5,16,0.6875,608.5700,-0.0318,16,0,1742443200,1789185600
sim-b007-004,batch-007,favorite_exit,favorite-exit-b007-004,panel_settled,243,9675.7800,9675.7800,0.0000,-324.2200,0.0000,58.0200,31,1,8,8,16,0.5000,342.9700,-0.0324,16,0,1742443200,1789444800
sim-b007-010,batch-007,favorite_exit,favorite-exit-b007-010,panel_settled,244,9674.4500,9674.4500,0.0000,-325.5500,0.0000,56.5900,30,2,7,9,16,0.4375,325.5500,-0.0326,16,0,1742443200,1789185600
sim-b001-009,batch-001,null_model,null-model-b001-009,panel_settled,245,9673.6100,9673.6100,0.0000,-326.3900,0.0000,71.1300,38,38,16,22,38,0.4211,2735.3900,-0.0326,38,0,1743652800,1788829200
sim-b007-005,batch-007,favorite_exit,favorite-exit-b007-005,panel_settled,246,9659.4500,9659.4500,0.0000,-340.5500,0.0000,57.9600,31,1,8,8,16,0.5000,359.3000,-0.0341,16,0,1742443200,1789444800
sim-b007-042,batch-007,stop_loss_favorite,stop-loss-favorite-b007-042,panel_settled,247,9656.5300,9656.5300,0.0000,-343.4700,0.0000,50.4100,24,8,6,10,16,0.3750,1018.4700,-0.0343,16,0,1742443200,1789185600
sim-b007-078,batch-007,favorite_exit_reentry,favorite-exit-reentry-b007-078,panel_settled,248,9648.1900,9648.1900,0.0000,-351.8100,0.0000,144.4300,102,4,30,23,53,0.5660,599.5900,-0.0352,14,0,1742443200,1789531200
sim-b001-008,batch-001,null_model,null-model-b001-008,panel_settled,249,9638.7300,9638.7300,0.0000,-361.2700,0.0000,81.5300,35,35,13,22,35,0.3714,2507.2700,-0.0361,35,0,1743825600,1787767200
sim-b002-049,batch-002,favorite_band,favorite-band-b002-049,panel_settled,250,9638.4200,9638.4200,0.0000,-361.5800,0.0000,33.1700,17,17,10,7,17,0.5882,1572.5800,-0.0362,17,0,1742443200,1789185600
sim-b002-050,batch-002,favorite_band,favorite-band-b002-050,panel_settled,250,9638.4200,9638.4200,0.0000,-361.5800,0.0000,33.1700,17,17,10,7,17,0.5882,1572.5800,-0.0362,17,0,1742443200,1789185600
sim-b002-054,batch-002,favorite_band,favorite-band-b002-054,panel_settled,250,9638.4200,9638.4200,0.0000,-361.5800,0.0000,33.1700,17,17,10,7,17,0.5882,1572.5800,-0.0362,17,0,1742443200,1789185600
sim-b002-055,batch-002,favorite_band,favorite-band-b002-055,panel_settled,250,9638.4200,9638.4200,0.0000,-361.5800,0.0000,33.1700,17,17,10,7,17,0.5882,1572.5800,-0.0362,17,0,1742443200,1789185600
sim-b010-055,batch-010,favorite_band_wide,favorite-band-wide-b010-055,panel_settled,250,9638.4200,9638.4200,0.0000,-361.5800,0.0000,33.1700,17,17,10,7,17,0.5882,1572.5800,-0.0362,17,0,1742443200,1789185600
sim-b010-056,batch-010,favorite_band_wide,favorite-band-wide-b010-056,panel_settled,250,9638.4200,9638.4200,0.0000,-361.5800,0.0000,33.1700,17,17,10,7,17,0.5882,1572.5800,-0.0362,17,0,1742443200,1789185600
sim-b010-058,batch-010,favorite_band_wide,favorite-band-wide-b010-058,panel_settled,250,9638.4200,9638.4200,0.0000,-361.5800,0.0000,33.1700,17,17,10,7,17,0.5882,1572.5800,-0.0362,17,0,1742443200,1789185600
sim-b010-059,batch-010,favorite_band_wide,favorite-band-wide-b010-059,panel_settled,250,9638.4200,9638.4200,0.0000,-361.5800,0.0000,33.1700,17,17,10,7,17,0.5882,1572.5800,-0.0362,17,0,1742443200,1789185600
sim-b002-026,batch-002,favorite_band,favorite-band-b002-026,panel_settled,258,9634.2700,9634.2700,0.0000,-365.7300,0.0000,41.8800,18,18,10,8,18,0.5556,1670.7300,-0.0366,18,0,1742443200,1788321600
sim-b002-031,batch-002,favorite_band,favorite-band-b002-031,panel_settled,258,9634.2700,9634.2700,0.0000,-365.7300,0.0000,41.8800,18,18,10,8,18,0.5556,1670.7300,-0.0366,18,0,1742443200,1788321600
sim-b002-044,batch-002,favorite_band,favorite-band-b002-044,panel_settled,260,9630.8900,9630.8900,0.0000,-369.1100,0.0000,32.5400,16,16,9,7,16,0.5625,1473.1100,-0.0369,16,0,1743652800,1789185600
sim-b002-045,batch-002,favorite_band,favorite-band-b002-045,panel_settled,260,9630.8900,9630.8900,0.0000,-369.1100,0.0000,32.5400,16,16,9,7,16,0.5625,1473.1100,-0.0369,16,0,1743652800,1789185600
sim-b010-057,batch-010,favorite_band_wide,favorite-band-wide-b010-057,panel_settled,262,9630.2500,9630.2500,0.0000,-369.7500,0.0000,32.4000,17,17,10,7,17,0.5882,1571.7500,-0.0370,17,0,1742443200,1789185600
sim-b010-060,batch-010,favorite_band_wide,favorite-band-wide-b010-060,panel_settled,262,9630.2500,9630.2500,0.0000,-369.7500,0.0000,32.4000,17,17,10,7,17,0.5882,1571.7500,-0.0370,17,0,1742443200,1789185600
sim-b001-019,batch-001,null_model,null-model-b001-019,panel_settled,264,9629.9300,9629.9300,0.0000,-370.0700,0.0000,89.2400,38,38,18,20,38,0.4737,3005.0700,-0.0370,38,0,1742788800,1788904800
sim-b002-059,batch-002,favorite_band,favorite-band-b002-059,panel_settled,265,9628.9200,9628.9200,0.0000,-371.0800,0.0000,32.6100,17,17,10,7,17,0.5882,1572.0800,-0.0371,17,0,1742443200,1789185600
sim-b002-060,batch-002,favorite_band,favorite-band-b002-060,panel_settled,265,9628.9200,9628.9200,0.0000,-371.0800,0.0000,32.6100,17,17,10,7,17,0.5882,1572.0800,-0.0371,17,0,1742443200,1789185600
sim-b002-021,batch-002,favorite_band,favorite-band-b002-021,panel_settled,267,9626.7400,9626.7400,0.0000,-373.2600,0.0000,41.2500,17,17,9,8,17,0.5294,1571.2600,-0.0373,17,0,1743652800,1788321600
sim-b002-036,batch-002,favorite_band,favorite-band-b002-036,panel_settled,268,9624.7700,9624.7700,0.0000,-375.2300,0.0000,41.3200,18,18,10,8,18,0.5556,1670.2300,-0.0375,18,0,1742443200,1788321600
sim-b009-077,batch-009,entry_timing_band,entry-timing-band-b009-077,panel_settled,269,9615.9200,9615.9200,0.0000,-384.0800,0.0000,40.3600,18,18,10,8,18,0.5556,1676.0800,-0.0384,18,0,1743048000,1788321600
sim-b009-057,batch-009,entry_timing_band,entry-timing-band-b009-057,panel_settled,270,9615.8600,9615.8600,0.0000,-384.1400,0.0000,40.8900,18,18,10,8,18,0.5556,1679.1400,-0.0384,18,0,1742616000,1788321600
sim-b001-095,batch-001,null_model,null-model-b001-095,panel_settled,271,9615.2700,9615.2700,0.0000,-384.7300,0.0000,80.2100,43,43,20,23,43,0.4651,3153.7300,-0.0385,43,0,1742788800,1788836400
sim-b009-067,batch-009,entry_timing_band,entry-timing-band-b009-067,panel_settled,272,9613.3100,9613.3100,0.0000,-386.6900,0.0000,40.7500,18,18,10,8,18,0.5556,1679.6900,-0.0387,18,0,1742788800,1788321600
sim-b009-078,batch-009,entry_timing_band,entry-timing-band-b009-078,panel_settled,273,9608.3000,9608.3000,0.0000,-391.7000,0.0000,40.0300,18,18,10,8,18,0.5556,1676.7000,-0.0392,18,0,1743048000,1788321600
sim-b009-058,batch-009,entry_timing_band,entry-timing-band-b009-058,panel_settled,274,9608.2400,9608.2400,0.0000,-391.7600,0.0000,40.5600,18,18,10,8,18,0.5556,1679.7600,-0.0392,18,0,1742616000,1788321600
sim-b007-097,batch-007,favorite_exit_reentry,favorite-exit-reentry-b007-097,panel_settled,275,9607.9300,9607.9300,0.0000,-392.0700,0.0000,152.1700,85,5,18,27,45,0.4000,778.0700,-0.0392,16,0,1742443200,1789185600
sim-b009-068,batch-009,entry_timing_band,entry-timing-band-b009-068,panel_settled,276,9605.6900,9605.6900,0.0000,-394.3100,0.0000,40.4200,18,18,10,8,18,0.5556,1680.3100,-0.0394,18,0,1742788800,1788321600
sim-b001-100,batch-001,null_model,null-model-b001-100,panel_settled,277,9603.0200,9603.0200,0.0000,-396.9800,0.0000,94.4700,44,44,20,24,44,0.4545,3372.9800,-0.0397,44,0,1742702400,1788793200
sim-b001-051,batch-001,null_model,null-model-b001-051,panel_settled,278,9592.1500,9592.1500,0.0000,-407.8500,0.0000,82.3800,30,30,13,17,30,0.4333,2482.8500,-0.0408,30,0,1744344000,1785988800
sim-b001-045,batch-001,null_model,null-model-b001-045,panel_settled,279,9590.0900,9590.0900,0.0000,-409.9100,0.0000,86.7100,37,37,16,21,37,0.4324,2786.9100,-0.0410,37,0,1744084800,1787871600
sim-b001-039,batch-001,null_model,null-model-b001-039,panel_settled,280,9585.9800,9585.9800,0.0000,-414.0200,0.0000,67.2500,33,33,15,18,33,0.4545,2505.0200,-0.0414,33,0,1742616000,1788843600
sim-b002-007,batch-002,favorite_band,favorite-band-b002-007,panel_settled,281,9584.4100,9584.4100,0.0000,-415.5900,0.0000,47.8500,19,19,10,9,19,0.5263,1786.5900,-0.0416,19,0,1742443200,1787835600
sim-b002-012,batch-002,favorite_band,favorite-band-b002-012,panel_settled,281,9584.4100,9584.4100,0.0000,-415.5900,0.0000,47.8500,19,19,10,9,19,0.5263,1786.5900,-0.0416,19,0,1742443200,1787835600
sim-b001-085,batch-001,null_model,null-model-b001-085,panel_settled,283,9584.0000,9584.0000,0.0000,-416.0000,0.0000,120.4200,47,47,18,29,47,0.3830,3357.0000,-0.0416,47,0,1743480000,1788879600
sim-b008-060,batch-008,volatility_gate,volatility-gate-b008-060,panel_settled,284,9580.7900,9580.7900,0.0000,-419.2100,0.0000,54.2100,19,19,1,18,19,0.0526,919.2100,-0.0419,19,0,1745294400,1788814800
sim-b002-008,batch-002,favorite_band,favorite-band-b002-008,panel_settled,285,9579.9600,9579.9600,0.0000,-420.0400,0.0000,48.8400,19,19,10,9,19,0.5263,1788.0400,-0.0420,19,0,1742443200,1787835600
sim-b002-013,batch-002,favorite_band,favorite-band-b002-013,panel_settled,285,9579.9600,9579.9600,0.0000,-420.0400,0.0000,48.8400,19,19,10,9,19,0.5263,1788.0400,-0.0420,19,0,1742443200,1787835600
sim-b002-002,batch-002,favorite_band,favorite-band-b002-002,panel_settled,287,9576.8800,9576.8800,0.0000,-423.1200,0.0000,47.2200,18,18,9,9,18,0.5000,1687.1200,-0.0423,18,0,1743652800,1787835600
sim-b001-070,batch-001,null_model,null-model-b001-070,panel_settled,288,9575.6500,9575.6500,0.0000,-424.3500,0.0000,42.2400,17,17,7,10,17,0.4118,1317.3500,-0.0424,17,0,1752292800,1785297600
sim-b002-017,batch-002,favorite_band,favorite-band-b002-017,panel_settled,289,9574.9100,9574.9100,0.0000,-425.0900,0.0000,47.2900,19,19,10,9,19,0.5263,1786.0900,-0.0425,19,0,1742443200,1787835600
sim-b002-003,batch-002,favorite_band,favorite-band-b002-003,panel_settled,290,9572.4300,9572.4300,0.0000,-427.5700,0.0000,48.2100,18,18,9,9,18,0.5000,1688.5700,-0.0428,18,0,1743652800,1787835600
sim-b002-018,batch-002,favorite_band,favorite-band-b002-018,panel_settled,291,9570.4600,9570.4600,0.0000,-429.5400,0.0000,48.2800,19,19,10,9,19,0.5263,1787.5400,-0.0430,19,0,1742443200,1787835600
sim-b002-006,batch-002,favorite_band,favorite-band-b002-006,panel_settled,292,9567.2900,9567.2900,0.0000,-432.7100,0.0000,47.8500,19,19,10,9,19,0.5263,1776.7100,-0.0433,19,0,1742443200,1787835600
sim-b002-011,batch-002,favorite_band,favorite-band-b002-011,panel_settled,292,9567.2900,9567.2900,0.0000,-432.7100,0.0000,47.8500,19,19,10,9,19,0.5263,1776.7100,-0.0433,19,0,1742443200,1787835600
sim-b008-059,batch-008,volatility_gate,volatility-gate-b008-059,panel_settled,294,9560.5500,9560.5500,0.0000,-439.4500,0.0000,38.9000,11,11,4,7,11,0.3636,1136.4500,-0.0439,11,0,1755748800,1785297600
sim-b002-001,batch-002,favorite_band,favorite-band-b002-001,panel_settled,295,9559.7600,9559.7600,0.0000,-440.2400,0.0000,47.2200,18,18,9,9,18,0.5000,1677.2400,-0.0440,18,0,1743652800,1787835600
sim-b001-080,batch-001,null_model,null-model-b001-080,panel_settled,296,9559.3800,9559.3800,0.0000,-440.6200,0.0000,108.5900,47,47,19,28,47,0.4043,3360.6200,-0.0441,47,0,1743048000,1788861600
sim-b002-016,batch-002,favorite_band,favorite-band-b002-016,panel_settled,297,9557.7900,9557.7900,0.0000,-442.2100,0.0000,47.2900,19,19,10,9,19,0.5263,1776.2100,-0.0442,19,0,1742443200,1787835600
sim-b008-051,batch-008,volatility_gate,volatility-gate-b008-051,panel_settled,298,9557.5100,9557.5100,0.0000,-442.4900,0.0000,82.4900,24,24,2,22,24,0.0833,1442.4900,-0.0442,24,0,1742788800,1789444800
sim-b007-051,batch-007,take_profit_favorite,take-profit-favorite-b007-051,panel_settled,299,9554.1600,9554.1600,0.0000,-445.8400,0.0000,65.5900,32,6,13,6,19,0.6842,612.2600,-0.0446,19,0,1742443200,1789185600
sim-b008-071,batch-008,volatility_gate,volatility-gate-b008-071,panel_settled,300,9544.8100,9544.8100,0.0000,-455.1900,0.0000,43.9200,12,12,4,8,12,0.3333,1241.1900,-0.0455,12,0,1755403200,1783569600
sim-b008-074,batch-008,volatility_gate,volatility-gate-b008-074,panel_settled,301,9533.9100,9533.9100,0.0000,-466.0900,0.0000,58.9100,16,16,6,10,16,0.3750,1460.0900,-0.0466,16,0,1755316800,1787832000
sim-b007-087,batch-007,favorite_exit_reentry,favorite-exit-reentry-b007-087,panel_settled,302,9528.8700,9528.8700,0.0000,-471.1300,0.0000,167.5400,97,5,22,29,51,0.4314,842.1300,-0.0471,16,0,1742443200,1789185600
sim-b002-027,batch-002,favorite_band,favorite-band-b002-027,panel_settled,303,9516.2800,9516.2800,0.0000,-483.7200,0.0000,43.8200,19,19,10,9,19,0.5263,1781.7200,-0.0484,19,0,1742443200,1788321600
sim-b002-032,batch-002,favorite_band,favorite-band-b002-032,panel_settled,303,9516.2800,9516.2800,0.0000,-483.7200,0.0000,43.8200,19,19,10,9,19,0.5263,1781.7200,-0.0484,19,0,1742443200,1788321600
sim-b009-037,batch-009,entry_timing_band,entry-timing-band-b009-037,panel_settled,303,9516.2800,9516.2800,0.0000,-483.7200,0.0000,43.8200,19,19,10,9,19,0.5263,1781.7200,-0.0484,19,0,1742443200,1788321600
sim-b009-047,batch-009,entry_timing_band,entry-timing-band-b009-047,panel_settled,306,9516.0700,9516.0700,0.0000,-483.9300,0.0000,43.8200,19,19,10,9,19,0.5263,1780.9300,-0.0484,19,0,1742529600,1788321600
sim-b002-022,batch-002,favorite_band,favorite-band-b002-022,panel_settled,307,9508.7500,9508.7500,0.0000,-491.2500,0.0000,43.1900,18,18,9,9,18,0.5000,1682.2500,-0.0491,18,0,1743652800,1788321600
sim-b002-028,batch-002,favorite_band,favorite-band-b002-028,panel_settled,308,9508.6600,9508.6600,0.0000,-491.3400,0.0000,43.4900,19,19,10,9,19,0.5263,1782.3400,-0.0491,19,0,1742443200,1788321600
sim-b002-033,batch-002,favorite_band,favorite-band-b002-033,panel_settled,308,9508.6600,9508.6600,0.0000,-491.3400,0.0000,43.4900,19,19,10,9,19,0.5263,1782.3400,-0.0491,19,0,1742443200,1788321600
sim-b009-038,batch-009,entry_timing_band,entry-timing-band-b009-038,panel_settled,308,9508.6600,9508.6600,0.0000,-491.3400,0.0000,43.4900,19,19,10,9,19,0.5263,1782.3400,-0.0491,19,0,1742443200,1788321600
sim-b009-048,batch-009,entry_timing_band,entry-timing-band-b009-048,panel_settled,311,9508.4500,9508.4500,0.0000,-491.5500,0.0000,43.4900,19,19,10,9,19,0.5263,1781.5500,-0.0492,19,0,1742529600,1788321600
sim-b001-048,batch-001,null_model,null-model-b001-048,panel_settled,312,9506.8500,9506.8500,0.0000,-493.1500,0.0000,94.7200,38,38,17,21,38,0.4474,3035.1500,-0.0493,38,0,1744084800,1788876000
sim-b002-037,batch-002,favorite_band,favorite-band-b002-037,panel_settled,313,9506.7800,9506.7800,0.0000,-493.2200,0.0000,43.2600,19,19,10,9,19,0.5263,1781.2200,-0.0493,19,0,1742443200,1788321600
sim-b002-023,batch-002,favorite_band,favorite-band-b002-023,panel_settled,314,9501.1300,9501.1300,0.0000,-498.8700,0.0000,42.8600,18,18,9,9,18,0.5000,1682.8700,-0.0499,18,0,1743652800,1788321600
sim-b007-066,batch-007,take_profit_favorite,take-profit-favorite-b007-066,panel_settled,315,9501.0800,9501.0800,0.0000,-498.9200,0.0000,53.7500,26,12,11,8,19,0.5789,1219.3700,-0.0499,19,0,1742443200,1789444800
sim-b002-038,batch-002,favorite_band,favorite-band-b002-038,panel_settled,316,9499.1600,9499.1600,0.0000,-500.8400,0.0000,42.9300,19,19,10,9,19,0.5263,1781.8400,-0.0501,19,0,1742443200,1788321600
sim-b007-046,batch-007,take_profit_favorite,take-profit-favorite-b007-046,panel_settled,317,9493.4700,9493.4700,0.0000,-506.5300,0.0000,67.7200,32,6,13,6,19,0.6842,612.2600,-0.0507,19,0,1742443200,1789185600
sim-b007-021,batch-007,stop_loss_favorite,stop-loss-favorite-b007-021,panel_settled,318,9483.4600,9483.4600,0.0000,-516.5400,0.0000,82.8800,35,3,1,18,19,0.0526,516.5400,-0.0517,19,0,1742443200,1788408000
sim-b001-041,batch-001,null_model,null-model-b001-041,panel_settled,319,9481.1500,9481.1500,0.0000,-518.8500,0.0000,71.4400,34,34,14,20,34,0.4118,2654.8500,-0.0519,34,0,1748059200,1788854400
sim-b002-009,batch-002,favorite_band,favorite-band-b002-009,panel_settled,320,9478.5400,9478.5400,0.0000,-521.4600,0.0000,50.8600,20,20,10,10,20,0.5000,1889.4600,-0.0521,20,0,1742443200,1787835600
sim-b002-010,batch-002,favorite_band,favorite-band-b002-010,panel_settled,320,9478.5400,9478.5400,0.0000,-521.4600,0.0000,50.8600,20,20,10,10,20,0.5000,1889.4600,-0.0521,20,0,1742443200,1787835600
sim-b002-014,batch-002,favorite_band,favorite-band-b002-014,panel_settled,320,9478.5400,9478.5400,0.0000,-521.4600,0.0000,50.8600,20,20,10,10,20,0.5000,1889.4600,-0.0521,20,0,1742443200,1787835600
sim-b002-015,batch-002,favorite_band,favorite-band-b002-015,panel_settled,320,9478.5400,9478.5400,0.0000,-521.4600,0.0000,50.8600,20,20,10,10,20,0.5000,1889.4600,-0.0521,20,0,1742443200,1787835600
sim-b008-066,batch-008,volatility_gate,volatility-gate-b008-066,panel_settled,324,9478.3500,9478.3500,0.0000,-521.6500,0.0000,86.6500,24,24,2,22,24,0.0833,1521.6500,-0.0522,24,0,1742875200,1788811200
sim-b001-082,batch-001,null_model,null-model-b001-082,panel_settled,325,9477.6700,9477.6700,0.0000,-522.3300,0.0000,95.7400,43,43,20,23,43,0.4651,3477.3300,-0.0522,43,0,1743566400,1788840000
sim-b001-032,batch-001,null_model,null-model-b001-032,panel_settled,326,9471.4200,9471.4200,0.0000,-528.5800,0.0000,90.0700,38,38,15,23,38,0.3947,2812.5800,-0.0529,38,0,1743739200,1788793200
sim-b001-006,batch-001,null_model,null-model-b001-006,panel_settled,327,9471.2400,9471.2400,0.0000,-528.7600,0.0000,75.4200,34,34,12,22,34,0.3529,2543.7600,-0.0529,34,0,1742875200,1788850800
sim-b002-004,batch-002,favorite_band,favorite-band-b002-004,panel_settled,328,9471.0100,9471.0100,0.0000,-528.9900,0.0000,50.2300,19,19,9,10,19,0.4737,1789.9900,-0.0529,19,0,1743652800,1787835600
sim-b002-005,batch-002,favorite_band,favorite-band-b002-005,panel_settled,328,9471.0100,9471.0100,0.0000,-528.9900,0.0000,50.2300,19,19,9,10,19,0.4737,1789.9900,-0.0529,19,0,1743652800,1787835600
sim-b001-076,batch-001,null_model,null-model-b001-076,panel_settled,330,9470.8900,9470.8900,0.0000,-529.1100,0.0000,125.9500,45,45,15,30,45,0.3333,3499.1100,-0.0529,45,0,1742616000,1788832800
sim-b002-019,batch-002,favorite_band,favorite-band-b002-019,panel_settled,331,9469.0400,9469.0400,0.0000,-530.9600,0.0000,50.3000,20,20,10,10,20,0.5000,1888.9600,-0.0531,20,0,1742443200,1787835600
sim-b002-020,batch-002,favorite_band,favorite-band-b002-020,panel_settled,331,9469.0400,9469.0400,0.0000,-530.9600,0.0000,50.3000,20,20,10,10,20,0.5000,1888.9600,-0.0531,20,0,1742443200,1787835600
sim-b007-061,batch-007,take_profit_favorite,take-profit-favorite-b007-061,panel_settled,333,9457.4600,9457.4600,0.0000,-542.5400,0.0000,55.9200,28,10,11,8,19,0.5789,1017.2500,-0.0543,19,0,1742443200,1789185600
sim-b007-077,batch-007,favorite_exit_reentry,favorite-exit-reentry-b007-077,panel_settled,334,9447.0500,9447.0500,0.0000,-552.9500,0.0000,223.4600,138,4,39,32,71,0.5493,800.7300,-0.0553,16,0,1742443200,1789531200
sim-b001-097,batch-001,null_model,null-model-b001-097,panel_settled,335,9442.4200,9442.4200,0.0000,-557.5800,0.0000,103.9800,44,44,15,29,44,0.3409,3167.5800,-0.0558,44,0,1742702400,1788836400
sim-b007-036,batch-007,stop_loss_favorite,stop-loss-favorite-b007-036,panel_settled,336,9423.2200,9423.2200,0.0000,-576.7800,0.0000,70.8100,30,8,5,14,19,0.2632,1161.7800,-0.0577,19,0,1742443200,1788494400
sim-b002-029,batch-002,favorite_band,favorite-band-b002-029,panel_settled,337,9420.8000,9420.8000,0.0000,-579.2000,0.0000,46.8200,20,20,10,10,20,0.5000,1884.2000,-0.0579,20,0,1742443200,1788321600
sim-b002-030,batch-002,favorite_band,favorite-band-b002-030,panel_settled,337,9420.8000,9420.8000,0.0000,-579.2000,0.0000,46.8200,20,20,10,10,20,0.5000,1884.2000,-0.0579,20,0,1742443200,1788321600
sim-b002-034,batch-002,favorite_band,favorite-band-b002-034,panel_settled,337,9420.8000,9420.8000,0.0000,-579.2000,0.0000,46.8200,20,20,10,10,20,0.5000,1884.2000,-0.0579,20,0,1742443200,1788321600
sim-b002-035,batch-002,favorite_band,favorite-band-b002-035,panel_settled,337,9420.8000,9420.8000,0.0000,-579.2000,0.0000,46.8200,20,20,10,10,20,0.5000,1884.2000,-0.0579,20,0,1742443200,1788321600
sim-b010-049,batch-010,favorite_band_wide,favorite-band-wide-b010-049,panel_settled,337,9420.8000,9420.8000,0.0000,-579.2000,0.0000,46.8200,20,20,10,10,20,0.5000,1884.2000,-0.0579,20,0,1742443200,1788321600
sim-b010-052,batch-010,favorite_band_wide,favorite-band-wide-b010-052,panel_settled,337,9420.8000,9420.8000,0.0000,-579.2000,0.0000,46.8200,20,20,10,10,20,0.5000,1884.2000,-0.0579,20,0,1742443200,1788321600
sim-b008-072,batch-008,volatility_gate,volatility-gate-b008-072,panel_settled,343,9418.0200,9418.0200,0.0000,-581.9800,0.0000,61.9800,18,18,1,17,18,0.0556,1081.9800,-0.0582,18,0,1743393600,1788822000
sim-b002-024,batch-002,favorite_band,favorite-band-b002-024,panel_settled,344,9413.2700,9413.2700,0.0000,-586.7300,0.0000,46.1900,19,19,9,10,19,0.4737,1784.7300,-0.0587,19,0,1743652800,1788321600
sim-b002-025,batch-002,favorite_band,favorite-band-b002-025,panel_settled,344,9413.2700,9413.2700,0.0000,-586.7300,0.0000,46.1900,19,19,9,10,19,0.4737,1784.7300,-0.0587,19,0,1743652800,1788321600
sim-b002-039,batch-002,favorite_band,favorite-band-b002-039,panel_settled,346,9411.3000,9411.3000,0.0000,-588.7000,0.0000,46.2600,20,20,10,10,20,0.5000,1883.7000,-0.0589,20,0,1742443200,1788321600
sim-b002-040,batch-002,favorite_band,favorite-band-b002-040,panel_settled,346,9411.3000,9411.3000,0.0000,-588.7000,0.0000,46.2600,20,20,10,10,20,0.5000,1883.7000,-0.0589,20,0,1742443200,1788321600
sim-b007-026,batch-007,stop_loss_favorite,stop-loss-favorite-b007-026,panel_settled,348,9408.8100,9408.8100,0.0000,-591.1900,0.0000,77.3600,33,5,2,17,19,0.1053,757.1900,-0.0591,19,0,1742443200,1788408000
sim-b001-034,batch-001,null_model,null-model-b001-034,panel_settled,349,9400.2100,9400.2100,0.0000,-599.7900,0.0000,91.0400,33,33,10,23,33,0.3030,2338.7900,-0.0600,33,0,1743998400,1780084800
sim-b006-097,batch-006,mean_reversion,mean-reversion-b006-097,panel_settled,350,9398.9600,9398.9600,0.0000,-601.0400,0.0000,199.0600,61,19,14,26,40,0.3500,1114.4000,-0.0601,28,0,1743998400,1789185600
sim-b001-053,batch-001,null_model,null-model-b001-053,panel_settled,351,9397.1000,9397.1000,0.0000,-602.9000,0.0000,41.9400,19,19,6,13,19,0.3158,1478.9000,-0.0603,19,0,1743048000,1788667200
sim-b006-077,batch-006,mean_reversion,mean-reversion-b006-077,panel_settled,352,9396.8600,9396.8600,0.0000,-603.1400,0.0000,215.6400,65,17,12,29,41,0.2927,960.6800,-0.0603,26,0,1743998400,1789185600
sim-b001-037,batch-001,null_model,null-model-b001-037,panel_settled,353,9392.7300,9392.7300,0.0000,-607.2700,0.0000,82.1100,35,35,11,24,35,0.3143,2374.2700,-0.0607,35,0,1744344000,1788814800
sim-b001-056,batch-001,null_model,null-model-b001-056,panel_settled,354,9388.5900,9388.5900,0.0000,-611.4100,0.0000,52.0800,23,23,7,16,23,0.3043,1499.4100,-0.0611,23,0,1745035200,1787767200
sim-b001-040,batch-001,null_model,null-model-b001-040,panel_settled,355,9383.9200,9383.9200,0.0000,-616.0800,0.0000,83.4000,37,37,10,27,37,0.2703,2420.0800,-0.0616,37,0,1744603200,1780192800
sim-b003-081,batch-003,longshot_band,longshot-band-b003-081,panel_settled,356,9377.9100,9377.9100,0.0000,-622.0900,0.0000,67.0900,23,23,1,22,23,0.0435,1122.0900,-0.0622,23,0,1746072000,1788796800
sim-b003-021,batch-003,longshot_band,longshot-band-b003-021,panel_settled,357,9376.7500,9376.7500,0.0000,-623.2500,0.0000,68.2500,32,32,1,31,32,0.0313,1123.2500,-0.0623,32,0,1746072000,1788796800
sim-b007-056,batch-007,take_profit_favorite,take-profit-favorite-b007-056,panel_settled,358,9373.8300,9373.8300,0.0000,-626.1700,0.0000,59.7400,30,8,11,8,19,0.5789,815.9600,-0.0626,19,0,1742443200,1789185600
sim-b007-041,batch-007,stop_loss_favorite,stop-loss-favorite-b007-041,panel_settled,359,9370.2600,9370.2600,0.0000,-629.7400,0.0000,69.9900,30,8,5,14,19,0.2632,1214.7400,-0.0630,19,0,1742443200,1788494400
sim-b008-050,batch-008,volatility_gate,volatility-gate-b008-050,panel_settled,360,9355.0200,9355.0200,0.0000,-644.9800,0.0000,65.0100,18,18,6,12,18,0.3333,1634.9800,-0.0645,18,0,1754712000,1787792400
sim-b001-002,batch-001,null_model,null-model-b001-002,panel_settled,361,9353.8900,9353.8900,0.0000,-646.1100,0.0000,81.8600,40,40,15,25,40,0.3750,2903.1100,-0.0646,40,0,1743480000,1787828400
sim-b001-077,batch-001,null_model,null-model-b001-077,panel_settled,362,9352.9600,9352.9600,0.0000,-647.0400,0.0000,114.9200,46,46,16,30,46,0.3478,3358.0400,-0.0647,46,0,1742961600,1788904800
sim-b001-024,batch-001,null_model,null-model-b001-024,panel_settled,363,9349.0100,9349.0100,0.0000,-650.9900,0.0000,92.0100,35,35,13,22,35,0.3714,2673.9900,-0.0651,35,0,1743652800,1788847200
sim-b001-007,batch-001,null_model,null-model-b001-007,panel_settled,364,9339.4200,9339.4200,0.0000,-660.5800,0.0000,92.7800,38,38,11,27,38,0.2895,2627.5800,-0.0661,38,0,1743393600,1788908400
sim-b003-001,batch-003,longshot_band,longshot-band-b003-001,panel_settled,365,9339.3000,9339.3000,0.0000,-660.7000,0.0000,70.7000,39,39,1,38,39,0.0256,1160.7000,-0.0661,39,0,1746072000,1788796800
sim-b001-027,batch-001,null_model,null-model-b001-027,panel_settled,366,9323.6200,9323.6200,0.0000,-676.3800,0.0000,97.3400,37,37,13,24,37,0.3514,2847.3800,-0.0676,37,0,1743652800,1788840000
sim-b007-031,batch-007,stop_loss_favorite,stop-loss-favorite-b007-031,panel_settled,367,9321.5400,9321.5400,0.0000,-678.4600,0.0000,77.3900,33,5,2,17,19,0.1053,844.4600,-0.0678,19,0,1742443200,1788408000
sim-b003-022,batch-003,longshot_band,longshot-band-b003-022,panel_settled,368,9318.3100,9318.3100,0.0000,-681.6900,0.0000,71.6900,33,33,1,32,33,0.0303,1181.6900,-0.0682,33,0,1746072000,1788796800
sim-b003-023,batch-003,longshot_band,longshot-band-b003-023,panel_settled,368,9318.3100,9318.3100,0.0000,-681.6900,0.0000,71.6900,33,33,1,32,33,0.0303,1181.6900,-0.0682,33,0,1746072000,1788796800
sim-b003-024,batch-003,longshot_band,longshot-band-b003-024,panel_settled,368,9318.3100,9318.3100,0.0000,-681.6900,0.0000,71.6900,33,33,1,32,33,0.0303,1181.6900,-0.0682,33,0,1746072000,1788796800
sim-b006-017,batch-006,mean_reversion,mean-reversion-b006-017,panel_settled,371,9309.5400,9309.5400,0.0000,-690.4600,0.0000,289.2400,77,15,10,36,46,0.2174,879.5000,-0.0690,28,0,1751601600,1789358400
sim-b003-041,batch-003,longshot_band,longshot-band-b003-041,panel_settled,372,9307.6300,9307.6300,0.0000,-692.3700,0.0000,72.3700,31,31,1,30,31,0.0323,1192.3700,-0.0692,31,0,1746072000,1788796800
sim-b001-061,batch-001,null_model,null-model-b001-061,panel_settled,373,9295.5000,9295.5000,0.0000,-704.5000,0.0000,64.8100,26,26,11,15,26,0.4231,2221.5000,-0.0705,26,0,1746072000,1788235200
sim-b007-096,batch-007,favorite_exit_reentry,favorite-exit-reentry-b007-096,panel_settled,374,9295.1500,9295.1500,0.0000,-704.8500,0.0000,195.3700,96,6,19,32,51,0.3725,1089.8500,-0.0705,19,0,1742443200,1789272000
sim-b003-061,batch-003,longshot_band,longshot-band-b003-061,panel_settled,375,9292.1200,9292.1200,0.0000,-707.8800,0.0000,72.8800,28,28,1,27,28,0.0357,1207.8800,-0.0708,28,0,1746072000,1788796800
sim-b003-002,batch-003,longshot_band,longshot-band-b003-002,panel_settled,376,9286.2100,9286.2100,0.0000,-713.7900,0.0000,73.7900,39,39,1,38,39,0.0256,1213.7900,-0.0714,39,0,1746072000,1788796800
sim-b003-003,batch-003,longshot_band,longshot-band-b003-003,panel_settled,376,9286.2100,9286.2100,0.0000,-713.7900,0.0000,73.7900,39,39,1,38,39,0.0256,1213.7900,-0.0714,39,0,1746072000,1788796800
sim-b003-004,batch-003,longshot_band,longshot-band-b003-004,panel_settled,376,9286.2100,9286.2100,0.0000,-713.7900,0.0000,73.7900,39,39,1,38,39,0.0256,1213.7900,-0.0714,39,0,1746072000,1788796800
sim-b001-090,batch-001,null_model,null-model-b001-090,panel_settled,379,9284.9300,9284.9300,0.0000,-715.0700,0.0000,116.0100,46,46,14,32,46,0.3043,3185.0700,-0.0715,46,0,1742443200,1788876000
sim-b003-082,batch-003,longshot_band,longshot-band-b003-082,panel_settled,380,9282.1900,9282.1900,0.0000,-717.8100,0.0000,72.8100,25,25,1,24,25,0.0400,1217.8100,-0.0718,25,0,1746072000,1788796800
sim-b003-083,batch-003,longshot_band,longshot-band-b003-083,panel_settled,381,9271.6200,9271.6200,0.0000,-728.3800,0.0000,73.3800,25,25,1,24,25,0.0400,1228.3800,-0.0728,25,0,1746072000,1788796800
sim-b003-084,batch-003,longshot_band,longshot-band-b003-084,panel_settled,381,9271.6200,9271.6200,0.0000,-728.3800,0.0000,73.3800,25,25,1,24,25,0.0400,1228.3800,-0.0728,25,0,1746072000,1788796800
sim-b001-025,batch-001,null_model,null-model-b001-025,panel_settled,383,9257.6900,9257.6900,0.0000,-742.3100,0.0000,87.3800,39,39,13,26,39,0.3333,2866.3100,-0.0742,39,0,1744171200,1788897600
sim-b008-054,batch-008,volatility_gate,volatility-gate-b008-054,panel_settled,384,9244.8000,9244.8000,0.0000,-755.2000,0.0000,100.2000,29,29,2,27,29,0.0690,1755.2000,-0.0755,29,0,1742702400,1789444800
sim-b003-042,batch-003,longshot_band,longshot-band-b003-042,panel_settled,385,9227.9100,9227.9100,0.0000,-772.0900,0.0000,77.0900,32,32,1,31,32,0.0313,1272.0900,-0.0772,32,0,1746072000,1788796800
sim-b003-043,batch-003,longshot_band,longshot-band-b003-043,panel_settled,385,9227.9100,9227.9100,0.0000,-772.0900,0.0000,77.0900,32,32,1,31,32,0.0313,1272.0900,-0.0772,32,0,1746072000,1788796800
sim-b003-044,batch-003,longshot_band,longshot-band-b003-044,panel_settled,385,9227.9100,9227.9100,0.0000,-772.0900,0.0000,77.0900,32,32,1,31,32,0.0313,1272.0900,-0.0772,32,0,1746072000,1788796800
sim-b010-050,batch-010,favorite_band_wide,favorite-band-wide-b010-050,panel_settled,388,9216.0200,9216.0200,0.0000,-783.9800,0.0000,52.4000,22,22,10,12,22,0.4545,2088.9800,-0.0784,22,0,1742443200,1788321600
sim-b010-053,batch-010,favorite_band_wide,favorite-band-wide-b010-053,panel_settled,388,9216.0200,9216.0200,0.0000,-783.9800,0.0000,52.4000,22,22,10,12,22,0.4545,2088.9800,-0.0784,22,0,1742443200,1788321600
sim-b001-084,batch-001,null_model,null-model-b001-084,panel_settled,390,9214.3800,9214.3800,0.0000,-785.6200,0.0000,109.1000,45,45,19,26,45,0.4222,3716.6200,-0.0786,45,0,1745121600,1788822000
sim-b010-051,batch-010,favorite_band_wide,favorite-band-wide-b010-051,panel_settled,391,9203.1700,9203.1700,0.0000,-796.8300,0.0000,51.4900,22,22,10,12,22,0.4545,2087.8300,-0.0797,22,0,1742443200,1788321600
sim-b010-054,batch-010,favorite_band_wide,favorite-band-wide-b010-054,panel_settled,391,9203.1700,9203.1700,0.0000,-796.8300,0.0000,51.4900,22,22,10,12,22,0.4545,2087.8300,-0.0797,22,0,1742443200,1788321600
sim-b008-062,batch-008,volatility_gate,volatility-gate-b008-062,panel_settled,393,9202.9800,9202.9800,0.0000,-797.0200,0.0000,54.1400,15,15,4,11,15,0.2667,1551.0200,-0.0797,15,0,1754884800,1782187200
sim-b008-075,batch-008,volatility_gate,volatility-gate-b008-075,panel_settled,394,9200.9700,9200.9700,0.0000,-799.0300,0.0000,74.0300,21,21,1,20,21,0.0476,1299.0300,-0.0799,21,0,1743134400,1788822000
sim-b006-037,batch-006,mean_reversion,mean-reversion-b006-037,panel_settled,395,9189.9900,9189.9900,0.0000,-810.0100,0.0000,221.3500,64,16,10,30,40,0.2500,945.0300,-0.0810,27,0,1751601600,1789185600
sim-b007-086,batch-007,favorite_exit_reentry,favorite-exit-reentry-b007-086,panel_settled,396,9167.6100,9167.6100,0.0000,-832.3900,0.0000,230.2600,120,6,26,37,63,0.4127,1202.3900,-0.0832,19,0,1742443200,1789272000
sim-b001-078,batch-001,null_model,null-model-b001-078,panel_settled,397,9162.8400,9162.8400,0.0000,-837.1600,0.0000,110.5200,48,48,17,31,48,0.3542,3614.1600,-0.0837,48,0,1742443200,1788894000
sim-b001-098,batch-001,null_model,null-model-b001-098,panel_settled,398,9156.8300,9156.8300,0.0000,-843.1700,0.0000,122.1500,45,45,16,29,45,0.3556,3458.1700,-0.0843,45,0,1742443200,1787799600
sim-b008-065,batch-008,volatility_gate,volatility-gate-b008-065,panel_settled,399,9155.3900,9155.3900,0.0000,-844.6100,0.0000,75.7300,20,20,6,14,20,0.3000,1875.6100,-0.0845,20,0,1754884800,1787814000
sim-b003-062,batch-003,longshot_band,longshot-band-b003-062,panel_settled,400,9153.8500,9153.8500,0.0000,-846.1500,0.0000,81.1500,31,31,1,30,31,0.0323,1346.1500,-0.0846,31,0,1746072000,1788796800
sim-b003-063,batch-003,longshot_band,longshot-band-b003-063,panel_settled,400,9153.8500,9153.8500,0.0000,-846.1500,0.0000,81.1500,31,31,1,30,31,0.0323,1346.1500,-0.0846,31,0,1746072000,1788796800
sim-b003-064,batch-003,longshot_band,longshot-band-b003-064,panel_settled,400,9153.8500,9153.8500,0.0000,-846.1500,0.0000,81.1500,31,31,1,30,31,0.0323,1346.1500,-0.0846,31,0,1746072000,1788796800
sim-b003-026,batch-003,longshot_band,longshot-band-b003-026,panel_settled,403,9151.8400,9151.8400,0.0000,-848.1600,0.0000,108.1600,38,38,2,36,38,0.0526,1848.1600,-0.0848,38,0,1742875200,1789444800
sim-b003-027,batch-003,longshot_band,longshot-band-b003-027,panel_settled,403,9151.8400,9151.8400,0.0000,-848.1600,0.0000,108.1600,38,38,2,36,38,0.0526,1848.1600,-0.0848,38,0,1742875200,1789444800
sim-b003-028,batch-003,longshot_band,longshot-band-b003-028,panel_settled,403,9151.8400,9151.8400,0.0000,-848.1600,0.0000,108.1600,38,38,2,36,38,0.0526,1848.1600,-0.0848,38,0,1742875200,1789444800
sim-b006-013,batch-006,mean_reversion,mean-reversion-b006-013,panel_settled,406,9137.9700,9137.9700,0.0000,-862.0300,0.0000,429.8300,118,18,15,53,68,0.2206,1121.9800,-0.0862,34,0,1743998400,1789358400
sim-b003-006,batch-003,longshot_band,longshot-band-b003-006,panel_settled,407,9135.7900,9135.7900,0.0000,-864.2100,0.0000,109.2100,41,41,2,39,41,0.0488,1864.2100,-0.0864,41,0,1742875200,1789444800
sim-b003-007,batch-003,longshot_band,longshot-band-b003-007,panel_settled,407,9135.7900,9135.7900,0.0000,-864.2100,0.0000,109.2100,41,41,2,39,41,0.0488,1864.2100,-0.0864,41,0,1742875200,1789444800
sim-b003-008,batch-003,longshot_band,longshot-band-b003-008,panel_settled,407,9135.7900,9135.7900,0.0000,-864.2100,0.0000,109.2100,41,41,2,39,41,0.0488,1864.2100,-0.0864,41,0,1742875200,1789444800
sim-b010-073,batch-010,longshot_band_wide,longshot-band-wide-b010-073,panel_settled,407,9135.7900,9135.7900,0.0000,-864.2100,0.0000,109.2100,41,41,2,39,41,0.0488,1864.2100,-0.0864,41,0,1742875200,1789444800
sim-b010-074,batch-010,longshot_band_wide,longshot-band-wide-b010-074,panel_settled,407,9135.7900,9135.7900,0.0000,-864.2100,0.0000,109.2100,41,41,2,39,41,0.0488,1864.2100,-0.0864,41,0,1742875200,1789444800
sim-b006-057,batch-006,mean_reversion,mean-reversion-b006-057,panel_settled,412,9131.9800,9131.9800,0.0000,-868.0200,0.0000,252.6000,72,18,13,32,45,0.2889,1101.7200,-0.0868,30,0,1743998400,1789185600
sim-b007-076,batch-007,favorite_exit_reentry,favorite-exit-reentry-b007-076,panel_settled,413,9130.6700,9130.6700,0.0000,-869.3300,0.0000,296.4600,165,5,46,39,85,0.5412,1117.1100,-0.0869,19,0,1742443200,1789531200
sim-b006-098,batch-006,mean_reversion,mean-reversion-b006-098,panel_settled,414,9124.1900,9124.1900,0.0000,-875.8100,0.0000,226.7100,67,19,13,30,43,0.3023,1211.4100,-0.0876,30,0,1743998400,1789185600
sim-b006-099,batch-006,mean_reversion,mean-reversion-b006-099,panel_settled,414,9124.1900,9124.1900,0.0000,-875.8100,0.0000,226.7100,67,19,13,30,43,0.3023,1211.4100,-0.0876,30,0,1743998400,1789185600
sim-b001-017,batch-001,null_model,null-model-b001-017,panel_settled,416,9123.2300,9123.2300,0.0000,-876.7700,0.0000,86.8800,39,39,13,26,39,0.3333,2812.7700,-0.0877,39,0,1743912000,1788886800
sim-b001-033,batch-001,null_model,null-model-b001-033,panel_settled,417,9090.3600,9090.3600,0.0000,-909.6400,0.0000,94.0500,38,38,12,26,38,0.3158,2932.6400,-0.0910,38,0,1743652800,1788847200
sim-b001-010,batch-001,null_model,null-model-b001-010,panel_settled,418,9088.5900,9088.5900,0.0000,-911.4100,0.0000,78.3900,34,34,12,22,34,0.3529,2513.4100,-0.0911,34,0,1742961600,1787871600
sim-b006-100,batch-006,mean_reversion,mean-reversion-b006-100,panel_settled,419,9087.3600,9087.3600,0.0000,-912.6400,0.0000,234.0300,69,19,13,31,44,0.2955,1211.4100,-0.0913,30,0,1743998400,1789185600
sim-b006-073,batch-006,mean_reversion,mean-reversion-b006-073,panel_settled,420,9085.3300,9085.3300,0.0000,-914.6700,0.0000,346.0600,102,20,17,44,61,0.2787,1147.3400,-0.0915,35,0,1743739200,1789099200
sim-b001-091,batch-001,null_model,null-model-b001-091,panel_settled,421,9080.1600,9080.1600,0.0000,-919.8400,0.0000,100.4300,43,43,16,27,43,0.3721,3422.8400,-0.0920,43,0,1742616000,1787767200
sim-b006-078,batch-006,mean_reversion,mean-reversion-b006-078,panel_settled,422,9078.0700,9078.0700,0.0000,-921.9300,0.0000,261.5700,75,17,13,33,46,0.2826,1057.6900,-0.0922,28,0,1743998400,1789185600
sim-b009-034,batch-009,breakout_hold,breakout-hold-b009-034,panel_settled,423,9069.4500,9069.4500,0.0000,-930.5500,0.0000,73.8900,17,17,4,13,17,0.2353,1771.5500,-0.0931,17,0,1755316800,1788897600
sim-b010-097,batch-010,slice_band,slice-band-b010-097,panel_settled,424,9068.5400,9068.5400,0.0000,-931.4600,0.0000,86.1900,26,26,10,16,26,0.3846,2527.4600,-0.0931,26,0,1742443200,1787770800
sim-b003-046,batch-003,longshot_band,longshot-band-b003-046,panel_settled,425,9061.4400,9061.4400,0.0000,-938.5600,0.0000,113.5600,37,37,2,35,37,0.0541,1938.5600,-0.0939,37,0,1742875200,1789444800
sim-b003-047,batch-003,longshot_band,longshot-band-b003-047,panel_settled,425,9061.4400,9061.4400,0.0000,-938.5600,0.0000,113.5600,37,37,2,35,37,0.0541,1938.5600,-0.0939,37,0,1742875200,1789444800
sim-b003-048,batch-003,longshot_band,longshot-band-b003-048,panel_settled,425,9061.4400,9061.4400,0.0000,-938.5600,0.0000,113.5600,37,37,2,35,37,0.0541,1938.5600,-0.0939,37,0,1742875200,1789444800
sim-b010-077,batch-010,longshot_band_wide,longshot-band-wide-b010-077,panel_settled,425,9061.4400,9061.4400,0.0000,-938.5600,0.0000,113.5600,37,37,2,35,37,0.0541,1938.5600,-0.0939,37,0,1742875200,1789444800
sim-b010-078,batch-010,longshot_band_wide,longshot-band-wide-b010-078,panel_settled,425,9061.4400,9061.4400,0.0000,-938.5600,0.0000,113.5600,37,37,2,35,37,0.0541,1938.5600,-0.0939,37,0,1742875200,1789444800
sim-b008-076,batch-008,relative_spread_value,relative-spread-value-b008-076,panel_settled,430,9058.0700,9058.0700,0.0000,-941.9300,0.0000,128.9000,25,25,5,20,25,0.2000,2303.9300,-0.0942,25,0,1743739200,1789185600
sim-b006-053,batch-006,mean_reversion,mean-reversion-b006-053,panel_settled,431,9057.5500,9057.5500,0.0000,-942.4500,0.0000,351.4300,103,19,17,44,61,0.2787,1181.7500,-0.0942,34,0,1743998400,1789185600
sim-b001-062,batch-001,null_model,null-model-b001-062,panel_settled,432,9056.8300,9056.8300,0.0000,-943.1700,0.0000,39.9400,23,23,5,18,23,0.2174,1473.1700,-0.0943,23,0,1743307200,1788861600
sim-b001-099,batch-001,null_model,null-model-b001-099,panel_settled,433,9045.7300,9045.7300,0.0000,-954.2700,0.0000,108.7400,44,44,18,26,44,0.4091,3543.2700,-0.0954,44,0,1742788800,1788894000
sim-b001-015,batch-001,null_model,null-model-b001-015,panel_settled,434,9035.3200,9035.3200,0.0000,-964.6800,0.0000,87.2800,41,41,13,28,41,0.3171,2852.6800,-0.0965,41,0,1743048000,1787770800
sim-b006-079,batch-006,mean_reversion,mean-reversion-b006-079,panel_settled,435,9031.3000,9031.3000,0.0000,-968.7000,0.0000,259.2500,77,17,13,34,47,0.2766,1047.7900,-0.0969,29,0,1743998400,1789185600
sim-b006-018,batch-006,mean_reversion,mean-reversion-b006-018,panel_settled,436,9029.8000,9029.8000,0.0000,-970.2000,0.0000,338.7000,89,15,11,41,52,0.2115,1006.0000,-0.0970,32,0,1751601600,1789358400
sim-b009-099,batch-009,entry_timing_slice,entry-timing-slice-b009-099,panel_settled,437,9008.7500,9008.7500,0.0000,-991.2500,0.0000,113.8400,30,30,8,22,30,0.2667,2611.2500,-0.0991,30,0,1744171200,1788865200
sim-b006-080,batch-006,mean_reversion,mean-reversion-b006-080,panel_settled,438,8994.4700,8994.4700,0.0000,-1005.5300,0.0000,266.5700,79,17,13,35,48,0.2708,1047.7900,-0.1006,29,0,1743998400,1789185600
sim-b006-033,batch-006,mean_reversion,mean-reversion-b006-033,panel_settled,439,8992.2100,8992.2100,0.0000,-1007.7900,0.0000,402.8400,117,19,18,50,68,0.2647,1165.8700,-0.1008,35,0,1743998400,1789185600
sim-b006-019,batch-006,mean_reversion,mean-reversion-b006-019,panel_settled,440,8983.0300,8983.0300,0.0000,-1016.9700,0.0000,336.3800,91,15,11,42,53,0.2075,1016.9700,-0.1017,33,0,1751601600,1789358400
sim-b006-020,batch-006,mean_reversion,mean-reversion-b006-020,panel_settled,440,8983.0300,8983.0300,0.0000,-1016.9700,0.0000,336.3800,91,15,11,42,53,0.2075,1016.9700,-0.1017,33,0,1751601600,1789358400
sim-b008-057,batch-008,volatility_gate,volatility-gate-b008-057,panel_settled,442,8975.0700,8975.0700,0.0000,-1024.9300,0.0000,114.9300,32,32,2,30,32,0.0625,2024.9300,-0.1025,32,0,1742702400,1789444800
sim-b003-066,batch-003,longshot_band,longshot-band-b003-066,panel_settled,443,8966.3100,8966.3100,0.0000,-1033.6900,0.0000,118.6900,36,36,2,34,36,0.0556,2033.6900,-0.1034,36,0,1742875200,1789444800
sim-b006-093,batch-006,mean_reversion,mean-reversion-b006-093,panel_settled,444,8965.5100,8965.5100,0.0000,-1034.4900,0.0000,293.6400,88,22,17,38,55,0.3091,1356.7400,-0.1034,35,0,1743739200,1789099200
sim-b010-098,batch-010,slice_band,slice-band-b010-098,panel_settled,445,8960.2500,8960.2500,0.0000,-1039.7500,0.0000,91.1000,27,27,10,17,27,0.3704,2632.7500,-0.1040,27,0,1742443200,1787770800
sim-b003-067,batch-003,longshot_band,longshot-band-b003-067,panel_settled,446,8955.7600,8955.7600,0.0000,-1044.2400,0.0000,119.2400,36,36,2,34,36,0.0556,2044.2400,-0.1044,36,0,1742875200,1789444800
sim-b003-068,batch-003,longshot_band,longshot-band-b003-068,panel_settled,446,8955.7600,8955.7600,0.0000,-1044.2400,0.0000,119.2400,36,36,2,34,36,0.0556,2044.2400,-0.1044,36,0,1742875200,1789444800
sim-b009-100,batch-009,entry_timing_slice,entry-timing-slice-b009-100,panel_settled,448,8929.2800,8929.2800,0.0000,-1070.7200,0.0000,118.3100,31,31,8,23,31,0.2581,2690.7200,-0.1071,31,0,1744171200,1788865200
sim-b003-029,batch-003,longshot_band,longshot-band-b003-029,panel_settled,449,8921.8200,8921.8200,0.0000,-1078.1800,0.0000,118.1800,37,37,2,35,37,0.0541,2078.1800,-0.1078,37,0,1742443200,1789444800
sim-b003-086,batch-003,longshot_band,longshot-band-b003-086,panel_settled,450,8914.2900,8914.2900,0.0000,-1085.7100,0.0000,120.7100,33,33,2,31,33,0.0606,2085.7100,-0.1086,33,0,1742875200,1789444800
sim-b003-009,batch-003,longshot_band,longshot-band-b003-009,panel_settled,451,8900.4200,8900.4200,0.0000,-1099.5800,0.0000,119.5800,41,41,2,39,41,0.0488,2099.5800,-0.1100,41,0,1742443200,1789444800
sim-b003-087,batch-003,longshot_band,longshot-band-b003-087,panel_settled,452,8893.1700,8893.1700,0.0000,-1106.8300,0.0000,121.8300,33,33,2,31,33,0.0606,2106.8300,-0.1107,33,0,1742875200,1789444800
sim-b007-093,batch-007,favorite_exit_reentry,favorite-exit-reentry-b007-093,panel_settled,453,8888.5600,8888.5600,0.0000,-1111.4400,0.0000,372.8100,202,6,14,90,104,0.1346,1616.4400,-0.1111,14,0,1742443200,1789185600
sim-b010-005,batch-010,tight_value_ranged,tight-value-ranged-b010-005,panel_settled,454,8886.2100,8886.2100,0.0000,-1113.7900,0.0000,156.2100,43,43,6,37,43,0.1395,2856.7900,-0.1114,43,0,1742529600,1788793200
sim-b008-053,batch-008,volatility_gate,volatility-gate-b008-053,panel_settled,455,8884.3100,8884.3100,0.0000,-1115.6900,0.0000,87.8000,23,23,6,17,23,0.2609,2166.6900,-0.1116,23,0,1754712000,1787767200
sim-b006-038,batch-006,mean_reversion,mean-reversion-b006-038,panel_settled,456,8878.4600,8878.4600,0.0000,-1121.5400,0.0000,264.9700,74,16,10,35,45,0.2222,1121.5400,-0.1122,31,0,1751601600,1789185600
sim-b009-035,batch-009,breakout_hold,breakout-hold-b009-035,panel_settled,457,8871.4800,8871.4800,0.0000,-1128.5200,0.0000,81.5000,21,21,6,15,21,0.2857,2024.5200,-0.1129,21,0,1755316800,1788897600
sim-b008-056,batch-008,volatility_gate,volatility-gate-b008-056,panel_settled,458,8863.0400,8863.0400,0.0000,-1136.9600,0.0000,88.0000,23,23,6,17,23,0.2609,2187.9600,-0.1137,23,0,1754712000,1787767200
sim-b003-049,batch-003,longshot_band,longshot-band-b003-049,panel_settled,459,8852.7000,8852.7000,0.0000,-1147.3000,0.0000,122.3000,36,36,2,34,36,0.0556,2147.3000,-0.1147,36,0,1742443200,1789444800
sim-b007-083,batch-007,favorite_exit_reentry,favorite-exit-reentry-b007-083,panel_settled,460,8847.8800,8847.8800,0.0000,-1152.1200,0.0000,389.7600,218,6,20,92,112,0.1786,1627.1200,-0.1152,14,0,1742443200,1789185600
sim-b006-058,batch-006,mean_reversion,mean-reversion-b006-058,panel_settled,461,8847.0700,8847.0700,0.0000,-1152.9300,0.0000,296.9200,82,18,14,36,50,0.2800,1198.7300,-0.1153,33,0,1743998400,1789185600
sim-b009-097,batch-009,entry_timing_slice,entry-timing-slice-b009-097,panel_settled,462,8835.1500,8835.1500,0.0000,-1164.8500,0.0000,147.8100,40,40,11,29,40,0.2750,3419.8500,-0.1165,40,0,1743480000,1788858000
sim-b006-039,batch-006,mean_reversion,mean-reversion-b006-039,panel_settled,463,8831.6900,8831.6900,0.0000,-1168.3100,0.0000,262.6500,76,16,10,36,46,0.2174,1168.3100,-0.1168,32,0,1751601600,1789185600
sim-b003-069,batch-003,longshot_band,longshot-band-b003-069,panel_settled,464,8816.1200,8816.1200,0.0000,-1183.8800,0.0000,123.8800,33,33,2,31,33,0.0606,2183.8800,-0.1184,33,0,1742443200,1789444800
sim-b003-088,batch-003,longshot_band,longshot-band-b003-088,panel_settled,465,8813.7000,8813.7000,0.0000,-1186.3000,0.0000,126.3000,34,34,2,32,34,0.0588,2186.3000,-0.1186,34,0,1742875200,1789444800
sim-b010-081,batch-010,longshot_band_wide,longshot-band-wide-b010-081,panel_settled,465,8813.7000,8813.7000,0.0000,-1186.3000,0.0000,126.3000,34,34,2,32,34,0.0588,2186.3000,-0.1186,34,0,1742875200,1789444800
sim-b010-082,batch-010,longshot_band_wide,longshot-band-wide-b010-082,panel_settled,465,8813.7000,8813.7000,0.0000,-1186.3000,0.0000,126.3000,34,34,2,32,34,0.0588,2186.3000,-0.1186,34,0,1742875200,1789444800
sim-b001-072,batch-001,null_model,null-model-b001-072,panel_settled,468,8813.3800,8813.3800,0.0000,-1186.6200,0.0000,59.1100,23,23,4,19,23,0.1739,1701.6200,-0.1187,23,0,1747454400,1787882400
sim-b001-067,batch-001,null_model,null-model-b001-067,panel_settled,469,8810.5100,8810.5100,0.0000,-1189.4900,0.0000,50.7800,20,20,5,15,20,0.2500,1727.4900,-0.1189,20,0,1743566400,1788818400
sim-b001-086,batch-001,null_model,null-model-b001-086,panel_settled,470,8807.8500,8807.8500,0.0000,-1192.1500,0.0000,114.8300,43,43,14,29,43,0.3256,3440.1500,-0.1192,43,0,1742961600,1788793200
sim-b003-025,batch-003,longshot_band,longshot-band-b003-025,panel_settled,471,8805.4400,8805.4400,0.0000,-1194.5600,0.0000,99.5600,36,36,1,35,36,0.0278,1694.5600,-0.1195,36,0,1742875200,1789444800
sim-b006-059,batch-006,mean_reversion,mean-reversion-b006-059,panel_settled,472,8800.3000,8800.3000,0.0000,-1199.7000,0.0000,294.6000,84,18,14,37,51,0.2745,1207.3800,-0.1200,33,0,1743998400,1789185600
sim-b006-040,batch-006,mean_reversion,mean-reversion-b006-040,panel_settled,473,8794.8600,8794.8600,0.0000,-1205.1400,0.0000,269.9700,78,16,10,37,47,0.2128,1205.1400,-0.1205,32,0,1751601600,1789185600
sim-b006-014,batch-006,mean_reversion,mean-reversion-b006-014,panel_settled,474,8790.2400,8790.2400,0.0000,-1209.7600,0.0000,485.5500,133,19,16,60,76,0.2105,1358.3400,-0.1210,37,0,1743998400,1789358400
sim-b010-021,batch-010,tight_value_ranged,tight-value-ranged-b010-021,panel_settled,475,8785.3600,8785.3600,0.0000,-1214.6400,0.0000,162.0600,40,40,6,34,40,0.1500,2957.6400,-0.1215,40,0,1742529600,1788793200
sim-b003-005,batch-003,longshot_band,longshot-band-b003-005,panel_settled,476,8784.0400,8784.0400,0.0000,-1215.9600,0.0000,100.9600,40,40,1,39,40,0.0250,1715.9600,-0.1216,40,0,1742875200,1789444800
sim-b006-054,batch-006,mean_reversion,mean-reversion-b006-054,panel_settled,477,8772.6400,8772.6400,0.0000,-1227.3600,0.0000,395.7500,113,19,18,48,66,0.2727,1295.6000,-0.1227,36,0,1743998400,1789185600
sim-b009-036,batch-009,breakout_hold,breakout-hold-b009-036,panel_settled,478,8771.5000,8771.5000,0.0000,-1228.5000,0.0000,81.8500,22,22,6,16,22,0.2727,2124.5000,-0.1229,22,0,1755316800,1788897600
sim-b010-006,batch-010,tight_value_ranged,tight-value-ranged-b010-006,panel_settled,479,8768.0300,8768.0300,0.0000,-1231.9700,0.0000,159.4900,44,44,6,38,44,0.1364,2944.9700,-0.1232,44,0,1742443200,1788793200
sim-b008-077,batch-008,relative_spread_value,relative-spread-value-b008-077,panel_settled,480,8767.5100,8767.5100,0.0000,-1232.4900,0.0000,132.9200,28,28,6,22,28,0.2143,2702.4900,-0.1232,28,0,1743739200,1787760000
sim-b010-009,batch-010,tight_value_ranged,tight-value-ranged-b010-009,panel_settled,481,8765.5800,8765.5800,0.0000,-1234.4200,0.0000,152.7300,43,43,6,37,43,0.1395,2948.4200,-0.1234,43,0,1742529600,1788793200
sim-b003-089,batch-003,longshot_band,longshot-band-b003-089,panel_settled,482,8763.7900,8763.7900,0.0000,-1236.2100,0.0000,126.2100,31,31,2,29,31,0.0645,2236.2100,-0.1236,31,0,1742443200,1789444800
sim-b006-060,batch-006,mean_reversion,mean-reversion-b006-060,panel_settled,483,8763.4700,8763.4700,0.0000,-1236.5300,0.0000,301.9200,86,18,14,38,52,0.2692,1244.2100,-0.1237,33,0,1743998400,1789185600
sim-b003-030,batch-003,longshot_band,longshot-band-b003-030,panel_settled,484,8758.4200,8758.4200,0.0000,-1241.5800,0.0000,126.5800,38,38,2,36,38,0.0526,2241.5800,-0.1242,38,0,1742443200,1789444800
sim-b003-031,batch-003,longshot_band,longshot-band-b003-031,panel_settled,484,8758.4200,8758.4200,0.0000,-1241.5800,0.0000,126.5800,38,38,2,36,38,0.0526,2241.5800,-0.1242,38,0,1742443200,1789444800
sim-b003-032,batch-003,longshot_band,longshot-band-b003-032,panel_settled,484,8758.4200,8758.4200,0.0000,-1241.5800,0.0000,126.5800,38,38,2,36,38,0.0526,2241.5800,-0.1242,38,0,1742443200,1789444800
sim-b010-100,batch-010,slice_band,slice-band-b010-100,panel_settled,487,8757.0400,8757.0400,0.0000,-1242.9600,0.0000,103.4700,31,31,11,20,31,0.3548,3043.9600,-0.1243,31,0,1742443200,1787770800
sim-b009-098,batch-009,entry_timing_slice,entry-timing-slice-b009-098,panel_settled,488,8755.6800,8755.6800,0.0000,-1244.3200,0.0000,152.2800,41,41,11,30,41,0.2683,3499.3200,-0.1244,41,0,1743480000,1788858000
sim-b010-099,batch-010,slice_band,slice-band-b010-099,panel_settled,489,8755.0800,8755.0800,0.0000,-1244.9200,0.0000,97.1100,29,29,10,19,29,0.3448,2837.9200,-0.1245,29,0,1742443200,1787770800
sim-b006-074,batch-006,mean_reversion,mean-reversion-b006-074,panel_settled,490,8747.5600,8747.5600,0.0000,-1252.4400,0.0000,398.3000,114,20,18,49,67,0.2687,1263.3400,-0.1252,37,0,1743739200,1789099200
sim-b009-031,batch-009,breakout_hold,breakout-hold-b009-031,panel_settled,491,8743.3300,8743.3300,0.0000,-1256.6700,0.0000,95.7700,22,22,4,18,22,0.1818,2153.6700,-0.1257,22,0,1743739200,1788897600
sim-b003-010,batch-003,longshot_band,longshot-band-b003-010,panel_settled,492,8742.3700,8742.3700,0.0000,-1257.6300,0.0000,127.6300,41,41,2,39,41,0.0488,2257.6300,-0.1258,41,0,1742443200,1789444800
sim-b003-011,batch-003,longshot_band,longshot-band-b003-011,panel_settled,492,8742.3700,8742.3700,0.0000,-1257.6300,0.0000,127.6300,41,41,2,39,41,0.0488,2257.6300,-0.1258,41,0,1742443200,1789444800
sim-b003-012,batch-003,longshot_band,longshot-band-b003-012,panel_settled,492,8742.3700,8742.3700,0.0000,-1257.6300,0.0000,127.6300,41,41,2,39,41,0.0488,2257.6300,-0.1258,41,0,1742443200,1789444800
sim-b006-015,batch-006,mean_reversion,mean-reversion-b006-015,panel_settled,495,8736.8900,8736.8900,0.0000,-1263.1100,0.0000,483.4100,135,19,16,61,77,0.2078,1345.5100,-0.1263,37,0,1743998400,1789358400
sim-b003-045,batch-003,longshot_band,longshot-band-b003-045,panel_settled,496,8736.3200,8736.3200,0.0000,-1263.6800,0.0000,103.6800,35,35,1,34,35,0.0286,1763.6800,-0.1264,35,0,1742875200,1789444800
sim-b007-073,batch-007,favorite_exit_reentry,favorite-exit-reentry-b007-073,panel_settled,497,8733.7000,8733.7000,0.0000,-1266.3000,0.0000,438.1300,258,4,32,99,131,0.2443,1516.0800,-0.1266,14,0,1742443200,1789531200
sim-b010-022,batch-010,tight_value_ranged,tight-value-ranged-b010-022,panel_settled,498,8720.3300,8720.3300,0.0000,-1279.6700,0.0000,162.1900,41,41,6,35,41,0.1463,2992.6700,-0.1280,41,0,1742443200,1788793200
sim-b010-007,batch-010,tight_value_ranged,tight-value-ranged-b010-007,panel_settled,499,8711.1100,8711.1100,0.0000,-1288.8900,0.0000,161.4100,44,44,6,38,44,0.1364,3001.8900,-0.1289,44,0,1742443200,1788793200
sim-b006-016,batch-006,mean_reversion,mean-reversion-b006-016,panel_settled,500,8700.0600,8700.0600,0.0000,-1299.9400,0.0000,490.7300,137,19,16,62,78,0.2051,1382.3400,-0.1300,37,0,1743998400,1789358400
sim-b003-065,batch-003,longshot_band,longshot-band-b003-065,panel_settled,501,8699.7400,8699.7400,0.0000,-1300.2600,0.0000,105.2600,32,32,1,31,32,0.0313,1800.2600,-0.1300,32,0,1742875200,1789444800
sim-b010-037,batch-010,tight_value_ranged,tight-value-ranged-b010-037,panel_settled,502,8696.3500,8696.3500,0.0000,-1303.6500,0.0000,166.0700,37,37,6,31,37,0.1622,3046.6500,-0.1304,37,0,1742529600,1788793200
sim-b006-069,batch-006,mean_reversion,mean-reversion-b006-069,panel_settled,503,8693.4200,8693.4200,0.0000,-1306.5800,0.0000,533.3400,157,23,24,66,90,0.2667,1484.8300,-0.1307,39,0,1743739200,1789099200
sim-b006-075,batch-006,mean_reversion,mean-reversion-b006-075,panel_settled,504,8683.1800,8683.1800,0.0000,-1316.8200,0.0000,399.5100,118,20,18,51,69,0.2609,1327.7200,-0.1317,37,0,1743739200,1789099200
sim-b006-055,batch-006,mean_reversion,mean-reversion-b006-055,panel_settled,505,8682.9500,8682.9500,0.0000,-1317.0500,0.0000,395.1800,115,19,17,50,67,0.2537,1385.2900,-0.1317,36,0,1743998400,1789185600
sim-b003-050,batch-003,longshot_band,longshot-band-b003-050,panel_settled,506,8668.0200,8668.0200,0.0000,-1331.9800,0.0000,131.9800,37,37,2,35,37,0.0541,2331.9800,-0.1332,37,0,1742443200,1789444800
sim-b003-051,batch-003,longshot_band,longshot-band-b003-051,panel_settled,506,8668.0200,8668.0200,0.0000,-1331.9800,0.0000,131.9800,37,37,2,35,37,0.0541,2331.9800,-0.1332,37,0,1742443200,1789444800
sim-b003-052,batch-003,longshot_band,longshot-band-b003-052,panel_settled,506,8668.0200,8668.0200,0.0000,-1331.9800,0.0000,131.9800,37,37,2,35,37,0.0541,2331.9800,-0.1332,37,0,1742443200,1789444800
sim-b010-025,batch-010,tight_value_ranged,tight-value-ranged-b010-025,panel_settled,509,8664.7300,8664.7300,0.0000,-1335.2700,0.0000,158.5800,40,40,6,34,40,0.1500,3049.2700,-0.1335,40,0,1742529600,1788793200
sim-b009-028,batch-009,breakout_hold,breakout-hold-b009-028,panel_settled,510,8654.9200,8654.9200,0.0000,-1345.0800,0.0000,106.3400,26,26,4,22,26,0.1538,2414.0800,-0.1345,26,0,1743739200,1788865200
sim-b005-085,batch-005,contrarian,contrarian-b005-085,panel_settled,511,8651.7500,8651.7500,0.0000,-1348.2500,0.0000,1208.8600,387,43,85,130,215,0.3953,3582.6600,-0.1348,43,0,1743739200,1788901200
sim-b010-010,batch-010,tight_value_ranged,tight-value-ranged-b010-010,panel_settled,512,8647.6200,8647.6200,0.0000,-1352.3800,0.0000,156.0100,44,44,6,38,44,0.1364,3036.3800,-0.1352,44,0,1742443200,1788793200
sim-b003-085,batch-003,longshot_band,longshot-band-b003-085,panel_settled,513,8647.4100,8647.4100,0.0000,-1352.5900,0.0000,107.5900,30,30,1,29,30,0.0333,1852.5900,-0.1353,30,0,1742875200,1789444800
sim-b006-076,batch-006,mean_reversion,mean-reversion-b006-076,panel_settled,514,8646.3500,8646.3500,0.0000,-1353.6500,0.0000,406.8300,120,20,18,52,70,0.2571,1364.5500,-0.1354,37,0,1743739200,1789099200
sim-b006-056,batch-006,mean_reversion,mean-reversion-b006-056,panel_settled,515,8646.1200,8646.1200,0.0000,-1353.8800,0.0000,402.5000,117,19,17,51,68,0.2500,1422.1200,-0.1354,36,0,1743998400,1789185600
sim-b006-049,batch-006,mean_reversion,mean-reversion-b006-049,panel_settled,516,8643.2900,8643.2900,0.0000,-1356.7100,0.0000,580.2300,170,22,25,71,96,0.2604,1413.5100,-0.1357,41,0,1743739200,1789099200
sim-b008-091,batch-008,relative_spread_value,relative-spread-value-b008-091,panel_settled,517,8634.4400,8634.4400,0.0000,-1365.5600,0.0000,160.4700,39,39,5,34,39,0.1282,2855.5600,-0.1366,39,0,1742443200,1789185600
sim-b006-094,batch-006,mean_reversion,mean-reversion-b006-094,panel_settled,518,8628.8600,8628.8600,0.0000,-1371.1400,0.0000,336.4700,98,22,16,44,60,0.2667,1518.5500,-0.1371,36,0,1743739200,1789099200
sim-b006-034,batch-006,mean_reversion,mean-reversion-b006-034,panel_settled,519,8621.3600,8621.3600,0.0000,-1378.6400,0.0000,449.2700,128,20,18,56,74,0.2432,1446.8800,-0.1379,38,0,1743998400,1789185600
sim-b008-086,batch-008,relative_spread_value,relative-spread-value-b008-086,panel_settled,520,8611.7400,8611.7400,0.0000,-1388.2600,0.0000,163.4200,38,38,5,33,38,0.1316,2928.2600,-0.1388,38,0,1742529600,1789185600
sim-b010-023,batch-010,tight_value_ranged,tight-value-ranged-b010-023,panel_settled,521,8610.0700,8610.0700,0.0000,-1389.9300,0.0000,167.4500,43,43,6,37,43,0.1395,3102.9300,-0.1390,43,0,1742443200,1788793200
sim-b008-078,batch-008,relative_spread_value,relative-spread-value-b008-078,panel_settled,522,8609.5300,8609.5300,0.0000,-1390.4700,0.0000,138.7200,31,31,7,24,31,0.2258,3038.4700,-0.1390,31,0,1743739200,1787760000
sim-b010-026,batch-010,tight_value_ranged,tight-value-ranged-b010-026,panel_settled,523,8599.9200,8599.9200,0.0000,-1400.0800,0.0000,158.7100,41,41,6,35,41,0.1463,3084.0800,-0.1400,41,0,1742443200,1788793200
sim-b006-089,batch-006,mean_reversion,mean-reversion-b006-089,panel_settled,524,8597.1100,8597.1100,0.0000,-1402.8900,0.0000,469.0700,138,24,28,53,81,0.3457,1625.8000,-0.1403,39,0,1743739200,1789099200
sim-b009-030,batch-009,breakout_hold,breakout-hold-b009-030,panel_settled,525,8596.9700,8596.9700,0.0000,-1403.0300,0.0000,116.8600,32,32,8,24,32,0.2500,2877.0300,-0.1403,32,0,1743739200,1788865200
sim-b009-022,batch-009,breakout_hold,breakout-hold-b009-022,panel_settled,526,8594.2700,8594.2700,0.0000,-1405.7300,0.0000,94.5900,22,22,4,18,22,0.1818,2246.7300,-0.1406,22,0,1755316800,1788894000
sim-b006-096,batch-006,mean_reversion,mean-reversion-b006-096,panel_settled,527,8592.0300,8592.0300,0.0000,-1407.9700,0.0000,343.7900,100,22,16,45,61,0.2623,1555.3800,-0.1408,36,0,1743739200,1789099200
sim-b008-096,batch-008,relative_spread_value,relative-spread-value-b008-096,panel_settled,528,8591.7700,8591.7700,0.0000,-1408.2300,0.0000,162.8800,39,39,5,34,39,0.1282,2898.2300,-0.1408,39,0,1742443200,1789185600
sim-b006-095,batch-006,mean_reversion,mean-reversion-b006-095,panel_settled,529,8590.6000,8590.6000,0.0000,-1409.4000,0.0000,343.6500,100,22,16,45,61,0.2623,1556.8100,-0.1409,36,0,1743739200,1789099200
sim-b010-011,batch-010,tight_value_ranged,tight-value-ranged-b010-011,panel_settled,530,8589.3300,8589.3300,0.0000,-1410.6700,0.0000,158.9700,44,44,6,38,44,0.1364,3094.6700,-0.1411,44,0,1742443200,1788793200
sim-b006-009,batch-006,mean_reversion,mean-reversion-b006-009,panel_settled,531,8588.5100,8588.5100,0.0000,-1411.4900,0.0000,720.7900,204,20,28,84,112,0.2500,1477.3700,-0.1411,41,0,1743739200,1789444800
sim-b010-008,batch-010,tight_value_ranged,tight-value-ranged-b010-008,panel_settled,532,8586.2800,8586.2800,0.0000,-1413.7200,0.0000,166.3600,45,45,6,39,45,0.1333,3126.7200,-0.1414,45,0,1742443200,1788793200
sim-b007-092,batch-007,favorite_exit_reentry,favorite-exit-reentry-b007-092,panel_settled,533,8584.8000,8584.8000,0.0000,-1415.2000,0.0000,494.1600,251,5,18,110,128,0.1406,1803.2000,-0.1415,16,0,1742443200,1789185600
sim-b010-041,batch-010,tight_value_ranged,tight-value-ranged-b010-041,panel_settled,534,8575.7200,8575.7200,0.0000,-1424.2800,0.0000,162.5900,37,37,6,31,37,0.1622,3138.2800,-0.1424,37,0,1742529600,1788793200
sim-b003-070,batch-003,longshot_band,longshot-band-b003-070,panel_settled,535,8572.8900,8572.8900,0.0000,-1427.1100,0.0000,137.1100,36,36,2,34,36,0.0556,2427.1100,-0.1427,36,0,1742443200,1789444800
sim-b008-079,batch-008,relative_spread_value,relative-spread-value-b008-079,panel_settled,536,8572.8800,8572.8800,0.0000,-1427.1200,0.0000,145.2800,35,35,10,25,35,0.2857,3476.1200,-0.1427,35,0,1743739200,1787760000
sim-b008-080,batch-008,relative_spread_value,relative-spread-value-b008-080,panel_settled,537,8564.2900,8564.2900,0.0000,-1435.7100,0.0000,145.2200,36,36,11,25,36,0.3056,3575.7100,-0.1436,36,0,1742443200,1787760000
sim-b003-071,batch-003,longshot_band,longshot-band-b003-071,panel_settled,538,8562.3400,8562.3400,0.0000,-1437.6600,0.0000,137.6600,36,36,2,34,36,0.0556,2437.6600,-0.1438,36,0,1742443200,1789444800
sim-b003-072,batch-003,longshot_band,longshot-band-b003-072,panel_settled,538,8562.3400,8562.3400,0.0000,-1437.6600,0.0000,137.6600,36,36,2,34,36,0.0556,2437.6600,-0.1438,36,0,1742443200,1789444800
sim-b003-090,batch-003,longshot_band,longshot-band-b003-090,panel_settled,540,8557.8500,8557.8500,0.0000,-1442.1500,0.0000,137.1500,33,33,2,31,33,0.0606,2442.1500,-0.1442,33,0,1742443200,1789444800
sim-b009-029,batch-009,breakout_hold,breakout-hold-b009-029,panel_settled,541,8556.8700,8556.8700,0.0000,-1443.1300,0.0000,114.4100,30,30,6,24,30,0.2000,2675.1300,-0.1443,30,0,1743739200,1788865200
sim-b010-013,batch-010,tight_value_ranged,tight-value-ranged-b010-013,panel_settled,542,8540.6300,8540.6300,0.0000,-1459.3700,0.0000,158.8800,45,45,6,39,45,0.1333,3173.3700,-0.1459,45,0,1742529600,1788793200
sim-b003-091,batch-003,longshot_band,longshot-band-b003-091,panel_settled,543,8536.7300,8536.7300,0.0000,-1463.2700,0.0000,138.2700,33,33,2,31,33,0.0606,2463.2700,-0.1463,33,0,1742443200,1789444800
sim-b008-092,batch-008,relative_spread_value,relative-spread-value-b008-092,panel_settled,544,8531.6900,8531.6900,0.0000,-1468.3100,0.0000,161.5700,41,41,6,35,41,0.1463,3152.3100,-0.1468,41,0,1742443200,1788793200
sim-b006-035,batch-006,mean_reversion,mean-reversion-b006-035,panel_settled,545,8531.6700,8531.6700,0.0000,-1468.3300,0.0000,448.7000,130,20,17,58,75,0.2267,1536.5700,-0.1468,38,0,1743998400,1789185600
sim-b010-014,batch-010,tight_value_ranged,tight-value-ranged-b010-014,panel_settled,546,8526.8200,8526.8200,0.0000,-1473.1800,0.0000,157.8900,45,45,6,39,45,0.1333,3157.1800,-0.1473,45,0,1742443200,1788793200
sim-b007-082,batch-007,favorite_exit_reentry,favorite-exit-reentry-b007-082,panel_settled,547,8519.3300,8519.3300,0.0000,-1480.6700,0.0000,518.1500,272,6,25,114,139,0.1799,1955.6700,-0.1481,16,0,1742443200,1789185600
sim-b008-081,batch-008,relative_spread_value,relative-spread-value-b008-081,panel_settled,548,8517.2000,8517.2000,0.0000,-1482.8000,0.0000,167.5400,36,36,5,31,36,0.1389,3022.8000,-0.1483,36,0,1742529600,1789185600
sim-b009-006,batch-009,breakout_hold,breakout-hold-b009-006,panel_settled,549,8513.5200,8513.5200,0.0000,-1486.4800,0.0000,157.5700,42,42,11,31,42,0.2619,3757.4800,-0.1486,42,0,1742875200,1788832800
sim-b008-087,batch-008,relative_spread_value,relative-spread-value-b008-087,panel_settled,550,8508.2800,8508.2800,0.0000,-1491.7200,0.0000,165.2800,40,40,6,34,40,0.1500,3225.7200,-0.1492,40,0,1742529600,1788796800
sim-b009-023,batch-009,breakout_hold,breakout-hold-b009-023,panel_settled,551,8499.7000,8499.7000,0.0000,-1500.3000,0.0000,98.4900,25,25,6,19,25,0.2400,2396.3000,-0.1500,25,0,1755316800,1788894000
sim-b006-036,batch-006,mean_reversion,mean-reversion-b006-036,panel_settled,552,8494.8400,8494.8400,0.0000,-1505.1600,0.0000,456.0200,132,20,17,59,76,0.2237,1573.4000,-0.1505,38,0,1743998400,1789185600
sim-b010-038,batch-010,tight_value_ranged,tight-value-ranged-b010-038,panel_settled,553,8494.5000,8494.5000,0.0000,-1505.5000,0.0000,173.1800,39,39,6,33,39,0.1538,3218.5000,-0.1506,39,0,1742443200,1788793200
sim-b009-027,batch-009,breakout_hold,breakout-hold-b009-027,panel_settled,554,8491.8700,8491.8700,0.0000,-1508.1300,0.0000,124.7600,38,38,9,29,38,0.2368,3081.1300,-0.1508,38,0,1743739200,1788858000
sim-b010-027,batch-010,tight_value_ranged,tight-value-ranged-b010-027,panel_settled,555,8488.2900,8488.2900,0.0000,-1511.7100,0.0000,165.0100,43,43,6,37,43,0.1395,3195.7100,-0.1512,43,0,1742443200,1788793200
sim-b010-024,batch-010,tight_value_ranged,tight-value-ranged-b010-024,panel_settled,556,8485.2400,8485.2400,0.0000,-1514.7600,0.0000,172.4000,44,44,6,38,44,0.1364,3227.7600,-0.1515,44,0,1742443200,1788793200
sim-b010-039,batch-010,tight_value_ranged,tight-value-ranged-b010-039,panel_settled,557,8484.3800,8484.3800,0.0000,-1515.6200,0.0000,173.1400,39,39,6,33,39,0.1538,3228.6200,-0.1516,39,0,1742443200,1788793200
sim-b009-025,batch-009,breakout_hold,breakout-hold-b009-025,panel_settled,558,8482.6700,8482.6700,0.0000,-1517.3300,0.0000,118.5500,33,33,5,28,33,0.1515,2735.3300,-0.1517,33,0,1743739200,1788858000
sim-b010-030,batch-010,tight_value_ranged,tight-value-ranged-b010-030,panel_settled,559,8479.1200,8479.1200,0.0000,-1520.8800,0.0000,160.5900,42,42,6,36,42,0.1429,3204.8800,-0.1521,42,0,1742443200,1788793200
sim-b008-094,batch-008,relative_spread_value,relative-spread-value-b008-094,panel_settled,560,8478.9400,8478.9400,0.0000,-1521.0600,0.0000,167.0800,46,46,10,36,46,0.2174,3729.0600,-0.1521,46,0,1742443200,1788793200
sim-b010-085,batch-010,slice_band,slice-band-b010-085,panel_settled,561,8474.1300,8474.1300,0.0000,-1525.8700,0.0000,166.7400,47,47,11,36,47,0.2340,3827.8700,-0.1526,47,0,1742443200,1788793200
sim-b008-095,batch-008,relative_spread_value,relative-spread-value-b008-095,panel_settled,562,8470.3500,8470.3500,0.0000,-1529.6500,0.0000,167.0200,47,47,11,36,47,0.2340,3828.6500,-0.1530,47,0,1742443200,1788793200
sim-b006-029,batch-006,mean_reversion,mean-reversion-b006-029,panel_settled,563,8469.8600,8469.8600,0.0000,-1530.1400,0.0000,672.9800,194,22,27,81,108,0.2500,1586.9400,-0.1530,41,0,1743739200,1789099200
sim-b009-005,batch-009,breakout_hold,breakout-hold-b009-005,panel_settled,564,8468.7300,8468.7300,0.0000,-1531.2700,0.0000,154.7000,39,39,8,31,39,0.2051,3456.2700,-0.1531,39,0,1743739200,1788832800
sim-b010-015,batch-010,tight_value_ranged,tight-value-ranged-b010-015,panel_settled,565,8467.8500,8467.8500,0.0000,-1532.1500,0.0000,161.4900,45,45,6,39,45,0.1333,3216.1500,-0.1532,45,0,1742443200,1788793200
sim-b009-004,batch-009,breakout_hold,breakout-hold-b009-004,panel_settled,566,8459.8400,8459.8400,0.0000,-1540.1600,0.0000,154.6400,38,38,7,31,38,0.1842,3332.1600,-0.1540,38,0,1743739200,1788832800
sim-b008-089,batch-008,relative_spread_value,relative-spread-value-b008-089,panel_settled,567,8459.5700,8459.5700,0.0000,-1540.4300,0.0000,169.6700,45,45,10,35,45,0.2222,3801.4300,-0.1540,45,0,1742529600,1788796800
sim-b003-092,batch-003,longshot_band,longshot-band-b003-092,panel_settled,568,8457.2600,8457.2600,0.0000,-1542.7400,0.0000,142.7400,34,34,2,32,34,0.0588,2542.7400,-0.1543,34,0,1742443200,1789444800
sim-b008-093,batch-008,relative_spread_value,relative-spread-value-b008-093,panel_settled,569,8454.1000,8454.1000,0.0000,-1545.9000,0.0000,164.4400,44,44,8,36,44,0.1818,3484.9000,-0.1546,44,0,1742443200,1788793200
sim-b008-090,batch-008,relative_spread_value,relative-spread-value-b008-090,panel_settled,570,8450.9800,8450.9800,0.0000,-1549.0200,0.0000,169.6100,46,46,11,35,46,0.2391,3901.0200,-0.1549,46,0,1742443200,1788796800
sim-b008-084,batch-008,relative_spread_value,relative-spread-value-b008-084,panel_settled,571,8440.5000,8440.5000,0.0000,-1559.5000,0.0000,173.6200,43,43,10,33,43,0.2326,3894.5000,-0.1560,43,0,1742529600,1788858000
sim-b010-029,batch-010,tight_value_ranged,tight-value-ranged-b010-029,panel_settled,572,8439.7800,8439.7800,0.0000,-1560.2200,0.0000,164.7300,42,42,6,36,42,0.1429,3274.2200,-0.1560,42,0,1742529600,1788793200
sim-b009-026,batch-009,breakout_hold,breakout-hold-b009-026,panel_settled,573,8438.9100,8438.9100,0.0000,-1561.0900,0.0000,121.4700,35,35,6,29,35,0.1714,2779.0900,-0.1561,35,0,1743739200,1788858000
sim-b008-099,batch-008,relative_spread_value,relative-spread-value-b008-099,panel_settled,574,8436.8500,8436.8500,0.0000,-1563.1500,0.0000,169.3300,46,46,10,36,46,0.2174,3771.1500,-0.1563,46,0,1742443200,1788793200
sim-b008-088,batch-008,relative_spread_value,relative-spread-value-b008-088,panel_settled,575,8433.6900,8433.6900,0.0000,-1566.3100,0.0000,168.2900,43,43,8,35,43,0.1860,3558.3100,-0.1566,43,0,1742529600,1788796800
sim-b010-086,batch-010,slice_band,slice-band-b010-086,panel_settled,576,8433.2800,8433.2800,0.0000,-1566.7200,0.0000,169.0700,47,47,11,36,47,0.2340,3865.7200,-0.1567,47,0,1742443200,1788793200
sim-b008-085,batch-008,relative_spread_value,relative-spread-value-b008-085,panel_settled,577,8431.9100,8431.9100,0.0000,-1568.0900,0.0000,173.5600,44,44,11,33,44,0.2500,3994.0900,-0.1568,44,0,1742443200,1788858000
sim-b010-087,batch-010,slice_band,slice-band-b010-087,panel_settled,578,8430.0000,8430.0000,0.0000,-1570.0000,0.0000,167.4700,47,47,11,36,47,0.2340,3869.0000,-0.1570,47,0,1742443200,1788793200
sim-b008-083,batch-008,relative_spread_value,relative-spread-value-b008-083,panel_settled,579,8428.6000,8428.6000,0.0000,-1571.4000,0.0000,172.4700,41,41,8,33,41,0.1951,3652.4000,-0.1571,41,0,1742529600,1788858000
sim-b008-100,batch-008,relative_spread_value,relative-spread-value-b008-100,panel_settled,580,8428.2600,8428.2600,0.0000,-1571.7400,0.0000,169.2700,47,47,11,36,47,0.2340,3870.7400,-0.1572,47,0,1742443200,1788793200
sim-b010-088,batch-010,slice_band,slice-band-b010-088,panel_settled,581,8427.1100,8427.1100,0.0000,-1572.8900,0.0000,165.6400,47,47,11,36,47,0.2340,3871.8900,-0.1573,47,0,1742443200,1788793200
sim-b010-012,batch-010,tight_value_ranged,tight-value-ranged-b010-012,panel_settled,582,8417.9700,8417.9700,0.0000,-1582.0300,0.0000,162.3100,45,45,6,39,45,0.1333,3218.0300,-0.1582,45,0,1742443200,1788793200
sim-b009-010,batch-009,breakout_hold,breakout-hold-b009-010,panel_settled,583,8416.5100,8416.5100,0.0000,-1583.4900,0.0000,106.1800,24,24,4,20,24,0.1667,2438.4900,-0.1583,24,0,1750478400,1788894000
sim-b008-082,batch-008,relative_spread_value,relative-spread-value-b008-082,panel_settled,584,8414.9900,8414.9900,0.0000,-1585.0100,0.0000,168.7700,38,38,6,32,38,0.1579,3319.0100,-0.1585,38,0,1742529600,1788858000
sim-b008-098,batch-008,relative_spread_value,relative-spread-value-b008-098,panel_settled,585,8412.0100,8412.0100,0.0000,-1587.9900,0.0000,166.6900,44,44,8,36,44,0.1818,3526.9900,-0.1588,44,0,1742443200,1788793200
sim-b010-016,batch-010,tight_value_ranged,tight-value-ranged-b010-016,panel_settled,586,8399.9900,8399.9900,0.0000,-1600.0100,0.0000,161.3300,45,45,6,39,45,0.1333,3236.0100,-0.1600,45,0,1742443200,1788793200
sim-b010-093,batch-010,slice_band,slice-band-b010-093,panel_settled,587,8399.1000,8399.1000,0.0000,-1600.9000,0.0000,163.1900,39,39,11,28,39,0.2821,3902.9000,-0.1601,39,0,1742443200,1788897600
sim-b009-024,batch-009,breakout_hold,breakout-hold-b009-024,panel_settled,588,8398.7400,8398.7400,0.0000,-1601.2600,0.0000,99.8200,26,26,6,20,26,0.2308,2497.2600,-0.1601,26,0,1755316800,1788894000
sim-b009-011,batch-009,breakout_hold,breakout-hold-b009-011,panel_settled,589,8398.0600,8398.0600,0.0000,-1601.9400,0.0000,112.5200,28,28,7,21,28,0.2500,2689.9400,-0.1602,28,0,1750478400,1788894000
sim-b009-089,batch-009,entry_timing_slice,entry-timing-slice-b009-089,panel_settled,590,8379.5100,8379.5100,0.0000,-1620.4900,0.0000,176.4500,45,45,11,34,45,0.2444,3997.4900,-0.1620,45,0,1742529600,1788858000
sim-b010-042,batch-010,tight_value_ranged,tight-value-ranged-b010-042,panel_settled,591,8374.0900,8374.0900,0.0000,-1625.9100,0.0000,169.7000,39,39,6,33,39,0.1538,3309.9100,-0.1626,39,0,1742443200,1788793200
sim-b007-072,batch-007,favorite_exit_reentry,favorite-exit-reentry-b007-072,panel_settled,592,8369.1400,8369.1400,0.0000,-1630.8600,0.0000,597.7700,326,4,41,124,165,0.2485,1880.6400,-0.1631,16,0,1742443200,1789531200
sim-b010-031,batch-010,tight_value_ranged,tight-value-ranged-b010-031,panel_settled,593,8366.8100,8366.8100,0.0000,-1633.1900,0.0000,167.5300,44,44,6,38,44,0.1364,3317.1900,-0.1633,44,0,1742443200,1788793200
sim-b003-033,batch-003,longshot_band,longshot-band-b003-033,panel_settled,594,8366.2300,8366.2300,0.0000,-1633.7700,0.0000,138.8300,38,38,2,36,38,0.0526,2567.7700,-0.1634,38,0,1742443200,1789185600
sim-b009-033,batch-009,breakout_hold,breakout-hold-b009-033,panel_settled,595,8363.6000,8363.6000,0.0000,-1636.4000,0.0000,107.8400,29,29,7,22,29,0.2414,2718.4000,-0.1636,29,0,1743739200,1788897600
sim-b010-043,batch-010,tight_value_ranged,tight-value-ranged-b010-043,panel_settled,596,8362.6000,8362.6000,0.0000,-1637.4000,0.0000,170.7000,39,39,6,33,39,0.1538,3321.4000,-0.1637,39,0,1742443200,1788793200
sim-b006-065,batch-006,mean_reversion,mean-reversion-b006-065,panel_settled,597,8361.5100,8361.5100,0.0000,-1638.4900,0.0000,747.1500,220,24,33,89,122,0.2705,1814.4800,-0.1638,41,0,1742961600,1789012800
sim-b010-045,batch-010,tight_value_ranged,tight-value-ranged-b010-045,panel_settled,598,8350.7700,8350.7700,0.0000,-1649.2300,0.0000,168.7400,39,39,6,33,39,0.1538,3363.2300,-0.1649,39,0,1742529600,1788793200
sim-b003-013,batch-003,longshot_band,longshot-band-b003-013,panel_settled,599,8350.1800,8350.1800,0.0000,-1649.8200,0.0000,139.8800,41,41,2,39,41,0.0488,2583.8200,-0.1650,41,0,1742443200,1789185600
sim-b009-032,batch-009,breakout_hold,breakout-hold-b009-032,panel_settled,600,8346.9400,8346.9400,0.0000,-1653.0600,0.0000,108.0500,28,28,6,22,28,0.2143,2619.0600,-0.1653,28,0,1743739200,1788897600
sim-b005-084,batch-005,contrarian,contrarian-b005-084,panel_settled,601,8341.7800,8341.7800,0.0000,-1658.2200,0.0000,1331.1300,426,44,91,144,235,0.3872,3790.1700,-0.1658,44,0,1742875200,1788901200
sim-b005-083,batch-005,contrarian,contrarian-b005-083,panel_settled,602,8341.0000,8341.0000,0.0000,-1659.0000,0.0000,1369.6000,438,44,93,148,241,0.3859,3784.9400,-0.1659,44,0,1742875200,1788901200
sim-b008-097,batch-008,relative_spread_value,relative-spread-value-b008-097,panel_settled,603,8338.7700,8338.7700,0.0000,-1661.2300,0.0000,166.6900,42,42,6,36,42,0.1429,3297.2300,-0.1661,42,0,1742443200,1788793200
sim-b005-081,batch-005,contrarian,contrarian-b005-081,panel_settled,604,8336.7300,8336.7300,0.0000,-1663.2700,0.0000,1440.8500,462,44,99,154,253,0.3913,3754.2000,-0.1663,44,0,1742875200,1788901200
sim-b009-095,batch-009,entry_timing_slice,entry-timing-slice-b009-095,panel_settled,605,8328.6800,8328.6800,0.0000,-1671.3200,0.0000,164.3600,44,44,11,33,44,0.2500,3877.3200,-0.1671,44,0,1743048000,1788858000
sim-b010-028,batch-010,tight_value_ranged,tight-value-ranged-b010-028,panel_settled,606,8316.9300,8316.9300,0.0000,-1683.0700,0.0000,168.3500,44,44,6,38,44,0.1364,3319.0700,-0.1683,44,0,1742443200,1788793200
sim-b003-037,batch-003,longshot_band,longshot-band-b003-037,panel_settled,607,8315.1600,8315.1600,0.0000,-1684.8400,0.0000,135.7800,38,38,2,36,38,0.0526,2568.8400,-0.1685,38,0,1742443200,1789185600
sim-b010-002,batch-010,tight_value_ranged,tight-value-ranged-b010-002,panel_settled,607,8315.1600,8315.1600,0.0000,-1684.8400,0.0000,135.7800,38,38,2,36,38,0.0526,2568.8400,-0.1685,38,0,1742443200,1789185600
sim-b010-040,batch-010,tight_value_ranged,tight-value-ranged-b010-040,panel_settled,609,8306.4000,8306.4000,0.0000,-1693.6000,0.0000,181.2400,41,41,6,35,41,0.1463,3406.6000,-0.1694,41,0,1742443200,1788793200
sim-b010-089,batch-010,slice_band,slice-band-b010-089,panel_settled,610,8305.7100,8305.7100,0.0000,-1694.2900,0.0000,175.1600,45,45,11,34,45,0.2444,3996.2900,-0.1694,45,0,1742443200,1788793200
sim-b009-090,batch-009,entry_timing_slice,entry-timing-slice-b009-090,panel_settled,611,8300.4800,8300.4800,0.0000,-1699.5200,0.0000,180.4400,46,46,11,35,46,0.2391,4076.5200,-0.1700,46,0,1742529600,1788858000
sim-b003-017,batch-003,longshot_band,longshot-band-b003-017,panel_settled,612,8299.1100,8299.1100,0.0000,-1700.8900,0.0000,136.8300,41,41,2,39,41,0.0488,2584.8900,-0.1701,41,0,1742443200,1789185600
sim-b010-032,batch-010,tight_value_ranged,tight-value-ranged-b010-032,panel_settled,613,8298.9500,8298.9500,0.0000,-1701.0500,0.0000,167.3700,44,44,6,38,44,0.1364,3337.0500,-0.1701,44,0,1742443200,1788793200
sim-b003-053,batch-003,longshot_band,longshot-band-b003-053,panel_settled,614,8297.1100,8297.1100,0.0000,-1702.8900,0.0000,142.9500,37,37,2,35,37,0.0541,2636.8900,-0.1703,37,0,1742443200,1789185600
sim-b009-012,batch-009,breakout_hold,breakout-hold-b009-012,panel_settled,615,8297.1000,8297.1000,0.0000,-1702.9000,0.0000,113.8500,29,29,7,22,29,0.2414,2790.9000,-0.1703,29,0,1750478400,1788894000
sim-b010-095,batch-010,slice_band,slice-band-b010-095,panel_settled,616,8290.3000,8290.3000,0.0000,-1709.7000,0.0000,168.3900,40,40,11,29,40,0.2750,4008.7000,-0.1710,40,0,1742443200,1788897600
sim-b010-094,batch-010,slice_band,slice-band-b010-094,panel_settled,617,8288.9700,8288.9700,0.0000,-1711.0300,0.0000,169.6400,40,40,11,29,40,0.2750,4010.0300,-0.1711,40,0,1742443200,1788897600
sim-b010-001,batch-010,tight_value_ranged,tight-value-ranged-b010-001,panel_settled,618,8285.6900,8285.6900,0.0000,-1714.3100,0.0000,139.7500,38,38,2,36,38,0.0526,2648.3100,-0.1714,38,0,1742529600,1789185600
sim-b009-003,batch-009,breakout_hold,breakout-hold-b009-003,panel_settled,619,8279.6000,8279.6000,0.0000,-1720.4000,0.0000,174.5700,50,50,11,39,50,0.2200,4006.4000,-0.1720,50,0,1742702400,1788832800
sim-b009-091,batch-009,entry_timing_slice,entry-timing-slice-b009-091,panel_settled,620,8277.0000,8277.0000,0.0000,-1723.0000,0.0000,176.3400,45,45,11,34,45,0.2444,3998.0000,-0.1723,45,0,1742616000,1788858000
sim-b010-018,batch-010,tight_value_ranged,tight-value-ranged-b010-018,panel_settled,621,8267.4600,8267.4600,0.0000,-1732.5400,0.0000,138.4800,35,35,2,33,35,0.0571,2616.5400,-0.1733,35,0,1742443200,1789185600
sim-b010-090,batch-010,slice_band,slice-band-b010-090,panel_settled,622,8264.9200,8264.9200,0.0000,-1735.0800,0.0000,177.4300,45,45,11,34,45,0.2444,4034.0800,-0.1735,45,0,1742443200,1788793200
sim-b010-091,batch-010,slice_band,slice-band-b010-091,panel_settled,623,8261.6400,8261.6400,0.0000,-1738.3600,0.0000,175.8300,45,45,11,34,45,0.2444,4037.3600,-0.1738,45,0,1742443200,1788793200
sim-b009-019,batch-009,breakout_hold,breakout-hold-b009-019,panel_settled,624,8260.7500,8260.7500,0.0000,-1739.2500,0.0000,132.6300,32,32,5,27,32,0.1563,2896.2500,-0.1739,32,0,1743739200,1788894000
sim-b003-073,batch-003,longshot_band,longshot-band-b003-073,panel_settled,625,8260.5300,8260.5300,0.0000,-1739.4700,0.0000,144.5300,34,34,2,32,34,0.0588,2673.4700,-0.1739,34,0,1742443200,1789185600
sim-b010-046,batch-010,tight_value_ranged,tight-value-ranged-b010-046,panel_settled,626,8253.2900,8253.2900,0.0000,-1746.7100,0.0000,171.5800,40,40,6,34,40,0.1500,3430.7100,-0.1747,40,0,1742443200,1788793200
sim-b005-082,batch-005,contrarian,contrarian-b005-082,panel_settled,627,8251.6900,8251.6900,0.0000,-1748.3100,0.0000,1394.7900,448,44,95,151,246,0.3862,3786.9100,-0.1748,44,0,1742875200,1788901200
sim-b009-096,batch-009,entry_timing_slice,entry-timing-slice-b009-096,panel_settled,628,8249.2100,8249.2100,0.0000,-1750.7900,0.0000,168.8300,45,45,11,34,45,0.2444,3956.7900,-0.1751,45,0,1743048000,1788858000
sim-b003-057,batch-003,longshot_band,longshot-band-b003-057,panel_settled,629,8246.0400,8246.0400,0.0000,-1753.9600,0.0000,139.9000,37,37,2,35,37,0.0541,2637.9600,-0.1754,37,0,1742443200,1789185600
sim-b009-021,batch-009,breakout_hold,breakout-hold-b009-021,panel_settled,630,8242.0700,8242.0700,0.0000,-1757.9300,0.0000,134.2200,35,35,8,27,35,0.2286,3225.9300,-0.1758,35,0,1742875200,1788894000
sim-b010-047,batch-010,tight_value_ranged,tight-value-ranged-b010-047,panel_settled,631,8241.1200,8241.1200,0.0000,-1758.8800,0.0000,173.2200,40,40,6,34,40,0.1500,3442.8800,-0.1759,40,0,1742443200,1788793200
sim-b006-070,batch-006,mean_reversion,mean-reversion-b006-070,panel_settled,632,8239.3600,8239.3600,0.0000,-1760.6400,0.0000,585.7900,171,23,24,73,97,0.2474,1938.8900,-0.1761,40,0,1743739200,1789099200
sim-b010-092,batch-010,slice_band,slice-band-b010-092,panel_settled,633,8228.2900,8228.2900,0.0000,-1771.7100,0.0000,174.4700,45,45,11,34,45,0.2444,4070.7100,-0.1772,45,0,1742443200,1788793200
sim-b009-002,batch-009,breakout_hold,breakout-hold-b009-002,panel_settled,634,8227.2100,8227.2100,0.0000,-1772.7900,0.0000,171.2800,47,47,8,39,47,0.1702,3703.7900,-0.1773,47,0,1743048000,1788832800
sim-b009-093,batch-009,entry_timing_slice,entry-timing-slice-b009-093,panel_settled,635,8226.9900,8226.9900,0.0000,-1773.0100,0.0000,171.6800,45,45,11,34,45,0.2444,4018.0100,-0.1773,45,0,1742788800,1788858000
sim-b009-001,batch-009,breakout_hold,breakout-hold-b009-001,panel_settled,636,8225.3000,8225.3000,0.0000,-1774.7000,0.0000,171.4300,46,46,7,39,46,0.1522,3569.7000,-0.1775,46,0,1743048000,1788832800
sim-b006-090,batch-006,mean_reversion,mean-reversion-b006-090,panel_settled,637,8213.0600,8213.0600,0.0000,-1786.9400,0.0000,525.5300,154,24,26,63,89,0.2921,1956.1900,-0.1787,39,0,1743739200,1789099200
sim-b003-077,batch-003,longshot_band,longshot-band-b003-077,panel_settled,638,8209.4600,8209.4600,0.0000,-1790.5400,0.0000,141.4800,34,34,2,32,34,0.0588,2674.5400,-0.1791,34,0,1742443200,1789185600
sim-b009-020,batch-009,breakout_hold,breakout-hold-b009-020,panel_settled,639,8201.2800,8201.2800,0.0000,-1798.7200,0.0000,131.7800,33,33,6,27,33,0.1818,3024.7200,-0.1799,33,0,1743739200,1788894000
sim-b009-087,batch-009,entry_timing_slice,entry-timing-slice-b009-087,panel_settled,640,8201.2200,8201.2200,0.0000,-1798.7800,0.0000,181.1300,46,46,11,35,46,0.2391,4097.7800,-0.1799,46,0,1742443200,1788793200
sim-b009-092,batch-009,entry_timing_slice,entry-timing-slice-b009-092,panel_settled,641,8197.5300,8197.5300,0.0000,-1802.4700,0.0000,180.8100,46,46,11,35,46,0.2391,4077.4700,-0.1802,46,0,1742616000,1788858000
sim-b010-096,batch-010,slice_band,slice-band-b010-096,panel_settled,642,8187.5500,8187.5500,0.0000,-1812.4500,0.0000,171.2500,41,41,11,30,41,0.2683,4111.4500,-0.1812,41,0,1742443200,1788897600
sim-b010-017,batch-010,tight_value_ranged,tight-value-ranged-b010-017,panel_settled,643,8184.8400,8184.8400,0.0000,-1815.1600,0.0000,145.6000,35,35,2,33,35,0.0571,2749.1600,-0.1815,35,0,1742529600,1789185600
sim-b006-091,batch-006,mean_reversion,mean-reversion-b006-091,panel_settled,644,8166.1500,8166.1500,0.0000,-1833.8500,0.0000,529.9500,156,24,26,64,90,0.2889,2003.1000,-0.1834,39,0,1743739200,1789099200
sim-b006-092,batch-006,mean_reversion,mean-reversion-b006-092,panel_settled,644,8166.1500,8166.1500,0.0000,-1833.8500,0.0000,529.9500,156,24,26,64,90,0.2889,2003.1000,-0.1834,39,0,1743739200,1789099200
sim-b010-003,batch-010,tight_value_ranged,tight-value-ranged-b010-003,panel_settled,646,8151.8200,8151.8200,0.0000,-1848.1800,0.0000,143.9400,39,39,2,37,39,0.0513,2732.1800,-0.1848,39,0,1742443200,1789185600
sim-b006-050,batch-006,mean_reversion,mean-reversion-b006-050,panel_settled,647,8150.6100,8150.6100,0.0000,-1849.3900,0.0000,627.0800,184,22,25,78,103,0.2427,1906.1900,-0.1849,41,0,1743739200,1789099200
sim-b006-085,batch-006,mean_reversion,mean-reversion-b006-085,panel_settled,648,8145.5200,8145.5200,0.0000,-1854.4800,0.0000,649.4600,195,25,31,79,110,0.2818,2004.3900,-0.1854,42,0,1743652800,1789099200
sim-b010-044,batch-010,tight_value_ranged,tight-value-ranged-b010-044,panel_settled,649,8138.0900,8138.0900,0.0000,-1861.9100,0.0000,177.1900,41,41,6,35,41,0.1463,3497.9100,-0.1862,41,0,1742443200,1788793200
sim-b007-091,batch-007,favorite_exit_reentry,favorite-exit-reentry-b007-091,panel_settled,650,8137.3300,8137.3300,0.0000,-1862.6700,0.0000,605.1400,284,6,19,126,145,0.1310,2249.6700,-0.1863,19,0,1742443200,1789272000
sim-b009-094,batch-009,entry_timing_slice,entry-timing-slice-b009-094,panel_settled,651,8128.7300,8128.7300,0.0000,-1871.2700,0.0000,174.9400,46,46,11,35,46,0.2391,4095.2700,-0.1871,46,0,1742788800,1788858000
sim-b010-048,batch-010,tight_value_ranged,tight-value-ranged-b010-048,panel_settled,652,8120.1100,8120.1100,0.0000,-1879.8900,0.0000,176.2100,41,41,6,35,41,0.1463,3515.8900,-0.1880,41,0,1742443200,1788793200
sim-b009-088,batch-009,entry_timing_slice,entry-timing-slice-b009-088,panel_settled,653,8118.4700,8118.4700,0.0000,-1881.5300,0.0000,184.0000,47,47,11,36,47,0.2340,4180.5300,-0.1882,47,0,1742443200,1788793200
sim-b009-009,batch-009,breakout_hold,breakout-hold-b009-009,panel_settled,654,8118.4000,8118.4000,0.0000,-1881.6000,0.0000,147.0800,39,39,9,30,39,0.2308,3468.6000,-0.1882,39,0,1742875200,1788894000
sim-b003-034,batch-003,longshot_band,longshot-band-b003-034,panel_settled,655,8118.3500,8118.3500,0.0000,-1881.6500,0.0000,151.5700,40,40,2,38,40,0.0500,2815.6500,-0.1882,40,0,1742443200,1789185600
sim-b006-072,batch-006,mean_reversion,mean-reversion-b006-072,panel_settled,656,8113.0400,8113.0400,0.0000,-1886.9600,0.0000,588.7500,173,23,23,75,98,0.2347,2065.2100,-0.1887,40,0,1743739200,1789099200
sim-b003-014,batch-003,longshot_band,longshot-band-b003-014,panel_settled,657,8113.0000,8113.0000,0.0000,-1887.0000,0.0000,151.9200,41,41,2,39,41,0.0488,2821.0000,-0.1887,41,0,1742443200,1789185600
sim-b006-071,batch-006,mean_reversion,mean-reversion-b006-071,panel_settled,658,8111.6100,8111.6100,0.0000,-1888.3900,0.0000,588.6100,173,23,23,75,98,0.2347,2066.6400,-0.1888,40,0,1743739200,1789099200
sim-b003-093,batch-003,longshot_band,longshot-band-b003-093,panel_settled,659,8108.0400,8108.0400,0.0000,-1891.9600,0.0000,152.1800,34,34,2,32,34,0.0588,2825.9600,-0.1892,34,0,1742443200,1789185600
sim-b010-033,batch-010,tight_value_ranged,tight-value-ranged-b010-033,panel_settled,660,8095.8300,8095.8300,0.0000,-1904.1700,0.0000,149.6100,32,32,2,30,32,0.0625,2838.1700,-0.1904,32,0,1742529600,1789185600
sim-b009-008,batch-009,breakout_hold,breakout-hold-b009-008,panel_settled,661,8094.1300,8094.1300,0.0000,-1905.8700,0.0000,145.4700,37,37,7,30,37,0.1892,3267.8700,-0.1906,37,0,1743739200,1788894000
sim-b006-045,batch-006,mean_reversion,mean-reversion-b006-045,panel_settled,662,8090.5300,8090.5300,0.0000,-1909.4700,0.0000,857.4600,253,23,33,105,138,0.2391,2091.0300,-0.1909,43,0,1742875200,1789099200
sim-b009-007,batch-009,breakout_hold,breakout-hold-b009-007,panel_settled,663,8077.4800,8077.4800,0.0000,-1922.5200,0.0000,143.8800,35,35,5,30,35,0.1429,3037.5200,-0.1923,35,0,1743739200,1788894000
sim-b003-097,batch-003,longshot_band,longshot-band-b003-097,panel_settled,664,8056.9700,8056.9700,0.0000,-1943.0300,0.0000,149.1300,34,34,2,32,34,0.0588,2827.0300,-0.1943,34,0,1742443200,1789185600
sim-b010-019,batch-010,tight_value_ranged,tight-value-ranged-b010-019,panel_settled,665,8050.7800,8050.7800,0.0000,-1949.2200,0.0000,149.9800,38,38,2,36,38,0.0526,2833.2200,-0.1949,38,0,1742443200,1789185600
sim-b003-035,batch-003,longshot_band,longshot-band-b003-035,panel_settled,666,8050.2900,8050.2900,0.0000,-1949.7100,0.0000,154.7500,40,40,2,38,40,0.0500,2883.7100,-0.1950,40,0,1742443200,1789185600
sim-b003-036,batch-003,longshot_band,longshot-band-b003-036,panel_settled,666,8050.2900,8050.2900,0.0000,-1949.7100,0.0000,154.7500,40,40,2,38,40,0.0500,2883.7100,-0.1950,40,0,1742443200,1789185600
sim-b003-015,batch-003,longshot_band,longshot-band-b003-015,panel_settled,668,8044.9400,8044.9400,0.0000,-1955.0600,0.0000,155.1000,41,41,2,39,41,0.0488,2889.0600,-0.1955,41,0,1742443200,1789185600
sim-b003-016,batch-003,longshot_band,longshot-band-b003-016,panel_settled,668,8044.9400,8044.9400,0.0000,-1955.0600,0.0000,155.1000,41,41,2,39,41,0.0488,2889.0600,-0.1955,41,0,1742443200,1789185600
sim-b010-075,batch-010,longshot_band_wide,longshot-band-wide-b010-075,panel_settled,668,8044.9400,8044.9400,0.0000,-1955.0600,0.0000,155.1000,41,41,2,39,41,0.0488,2889.0600,-0.1955,41,0,1742443200,1789185600
sim-b010-076,batch-010,longshot_band_wide,longshot-band-wide-b010-076,panel_settled,668,8044.9400,8044.9400,0.0000,-1955.0600,0.0000,155.1000,41,41,2,39,41,0.0488,2889.0600,-0.1955,41,0,1742443200,1789185600
sim-b006-025,batch-006,mean_reversion,mean-reversion-b006-025,panel_settled,672,8038.0300,8038.0300,0.0000,-1961.9700,0.0000,925.8000,273,23,36,112,148,0.2432,2009.4300,-0.1962,43,0,1742875200,1789099200
sim-b003-054,batch-003,longshot_band,longshot-band-b003-054,panel_settled,673,8027.9500,8027.9500,0.0000,-1972.0500,0.0000,156.9700,39,39,2,37,39,0.0513,2906.0500,-0.1972,39,0,1742443200,1789185600
sim-b003-038,batch-003,longshot_band,longshot-band-b003-038,panel_settled,674,8025.6800,8025.6800,0.0000,-1974.3200,0.0000,150.0800,40,40,2,38,40,0.0500,2858.3200,-0.1974,40,0,1742443200,1789185600
sim-b003-018,batch-003,longshot_band,longshot-band-b003-018,panel_settled,675,8020.3300,8020.3300,0.0000,-1979.6700,0.0000,150.4300,41,41,2,39,41,0.0488,2863.6700,-0.1980,41,0,1742443200,1789185600
sim-b010-034,batch-010,tight_value_ranged,tight-value-ranged-b010-034,panel_settled,676,8015.2100,8015.2100,0.0000,-1984.7900,0.0000,150.8900,33,33,2,31,33,0.0606,2868.7900,-0.1985,33,0,1742443200,1789185600
sim-b006-051,batch-006,mean_reversion,mean-reversion-b006-051,panel_settled,677,8010.9100,8010.9100,0.0000,-1989.0900,0.0000,635.2400,188,22,24,81,105,0.2286,2045.8900,-0.1989,41,0,1743739200,1789099200
sim-b007-081,batch-007,favorite_exit_reentry,favorite-exit-reentry-b007-081,panel_settled,678,8005.9800,8005.9800,0.0000,-1994.0200,0.0000,652.8600,321,7,29,135,164,0.1768,2468.0200,-0.1994,19,0,1742443200,1789272000
sim-b006-052,batch-006,mean_reversion,mean-reversion-b006-052,panel_settled,679,8002.2300,8002.2300,0.0000,-1997.7700,0.0000,644.1100,190,22,25,81,106,0.2358,2054.5700,-0.1998,41,0,1743739200,1789099200
sim-b006-010,batch-006,mean_reversion,mean-reversion-b006-010,panel_settled,680,7981.1500,7981.1500,0.0000,-2018.8500,0.0000,803.0900,229,21,28,97,125,0.2240,2084.7300,-0.2019,41,0,1743739200,1789444800
sim-b003-055,batch-003,longshot_band,longshot-band-b003-055,panel_settled,681,7959.8900,7959.8900,0.0000,-2040.1100,0.0000,160.1500,39,39,2,37,39,0.0513,2974.1100,-0.2040,39,0,1742443200,1789185600
sim-b003-056,batch-003,longshot_band,longshot-band-b003-056,panel_settled,681,7959.8900,7959.8900,0.0000,-2040.1100,0.0000,160.1500,39,39,2,37,39,0.0513,2974.1100,-0.2040,39,0,1742443200,1789185600
sim-b010-079,batch-010,longshot_band_wide,longshot-band-wide-b010-079,panel_settled,681,7959.8900,7959.8900,0.0000,-2040.1100,0.0000,160.1500,39,39,2,37,39,0.0513,2974.1100,-0.2040,39,0,1742443200,1789185600
sim-b010-080,batch-010,longshot_band_wide,longshot-band-wide-b010-080,panel_settled,681,7959.8900,7959.8900,0.0000,-2040.1100,0.0000,160.1500,39,39,2,37,39,0.0513,2974.1100,-0.2040,39,0,1742443200,1789185600
sim-b003-039,batch-003,longshot_band,longshot-band-b003-039,panel_settled,685,7957.9100,7957.9100,0.0000,-2042.0900,0.0000,153.1100,40,40,2,38,40,0.0500,2926.0900,-0.2042,40,0,1742443200,1789185600
sim-b003-040,batch-003,longshot_band,longshot-band-b003-040,panel_settled,685,7957.9100,7957.9100,0.0000,-2042.0900,0.0000,153.1100,40,40,2,38,40,0.0500,2926.0900,-0.2042,40,0,1742443200,1789185600
sim-b010-004,batch-010,tight_value_ranged,tight-value-ranged-b010-004,panel_settled,685,7957.9100,7957.9100,0.0000,-2042.0900,0.0000,153.1100,40,40,2,38,40,0.0500,2926.0900,-0.2042,40,0,1742443200,1789185600
sim-b003-019,batch-003,longshot_band,longshot-band-b003-019,panel_settled,688,7952.5600,7952.5600,0.0000,-2047.4400,0.0000,153.4600,41,41,2,39,41,0.0488,2931.4400,-0.2047,41,0,1742443200,1789185600
sim-b003-020,batch-003,longshot_band,longshot-band-b003-020,panel_settled,688,7952.5600,7952.5600,0.0000,-2047.4400,0.0000,153.4600,41,41,2,39,41,0.0488,2931.4400,-0.2047,41,0,1742443200,1789185600
sim-b009-018,batch-009,breakout_hold,breakout-hold-b009-018,panel_settled,690,7942.7400,7942.7400,0.0000,-2057.2600,0.0000,150.2200,39,39,9,30,39,0.2308,3656.2600,-0.2057,39,0,1742875200,1788865200
sim-b003-058,batch-003,longshot_band,longshot-band-b003-058,panel_settled,691,7935.2800,7935.2800,0.0000,-2064.7200,0.0000,155.4800,39,39,2,37,39,0.0513,2948.7200,-0.2065,39,0,1742443200,1789185600
sim-b003-074,batch-003,longshot_band,longshot-band-b003-074,panel_settled,692,7932.8200,7932.8200,0.0000,-2067.1800,0.0000,162.1000,38,38,2,36,38,0.0526,3001.1800,-0.2067,38,0,1742443200,1789185600
sim-b009-016,batch-009,breakout_hold,breakout-hold-b009-016,panel_settled,693,7924.4000,7924.4000,0.0000,-2075.6000,0.0000,149.1000,36,36,6,30,36,0.1667,3326.6000,-0.2076,36,0,1743739200,1788865200
sim-b006-030,batch-006,mean_reversion,mean-reversion-b006-030,panel_settled,694,7911.4400,7911.4400,0.0000,-2088.5600,0.0000,739.5200,214,22,25,93,118,0.2119,2145.3600,-0.2089,41,0,1743739200,1789099200
sim-b009-015,batch-009,breakout_hold,breakout-hold-b009-015,panel_settled,695,7898.9900,7898.9900,0.0000,-2101.0100,0.0000,159.6800,47,47,10,37,47,0.2128,3833.0100,-0.2101,47,0,1742875200,1788858000
sim-b010-035,batch-010,tight_value_ranged,tight-value-ranged-b010-035,panel_settled,696,7898.6700,7898.6700,0.0000,-2101.3300,0.0000,157.0900,34,34,2,32,34,0.0588,2985.3300,-0.2101,34,0,1742443200,1789185600
sim-b009-017,batch-009,breakout_hold,breakout-hold-b009-017,panel_settled,697,7893.4800,7893.4800,0.0000,-2106.5200,0.0000,147.1400,36,36,6,30,36,0.1667,3354.5200,-0.2107,36,0,1743739200,1788865200
sim-b007-071,batch-007,favorite_exit_reentry,favorite-exit-reentry-b007-071,panel_settled,698,7886.6300,7886.6300,0.0000,-2113.3700,0.0000,733.1500,373,5,46,143,189,0.2434,2363.1500,-0.2113,19,0,1742443200,1789531200
sim-b003-059,batch-003,longshot_band,longshot-band-b003-059,panel_settled,699,7867.5100,7867.5100,0.0000,-2132.4900,0.0000,158.5100,39,39,2,37,39,0.0513,3016.4900,-0.2132,39,0,1742443200,1789185600
sim-b003-060,batch-003,longshot_band,longshot-band-b003-060,panel_settled,699,7867.5100,7867.5100,0.0000,-2132.4900,0.0000,158.5100,39,39,2,37,39,0.0513,3016.4900,-0.2132,39,0,1742443200,1789185600
sim-b009-013,batch-009,breakout_hold,breakout-hold-b009-013,panel_settled,701,7859.0900,7859.0900,0.0000,-2140.9100,0.0000,157.2200,43,43,6,37,43,0.1395,3394.9100,-0.2141,43,0,1743220800,1788858000
sim-b010-020,batch-010,tight_value_ranged,tight-value-ranged-b010-020,panel_settled,702,7856.8700,7856.8700,0.0000,-2143.1300,0.0000,159.1500,39,39,2,37,39,0.0513,3027.1300,-0.2143,39,0,1742443200,1789185600
sim-b009-014,batch-009,breakout_hold,breakout-hold-b009-014,panel_settled,703,7855.5100,7855.5100,0.0000,-2144.4900,0.0000,156.8800,44,44,7,37,44,0.1591,3531.4900,-0.2144,44,0,1743220800,1788858000
sim-b003-075,batch-003,longshot_band,longshot-band-b003-075,panel_settled,704,7854.2100,7854.2100,0.0000,-2145.7900,0.0000,165.8300,38,38,2,36,38,0.0526,3079.7900,-0.2146,38,0,1742443200,1789185600
sim-b003-076,batch-003,longshot_band,longshot-band-b003-076,panel_settled,704,7854.2100,7854.2100,0.0000,-2145.7900,0.0000,165.8300,38,38,2,36,38,0.0526,3079.7900,-0.2146,38,0,1742443200,1789185600
sim-b003-094,batch-003,longshot_band,longshot-band-b003-094,panel_settled,706,7853.8200,7853.8200,0.0000,-2146.1800,0.0000,166.1000,37,37,2,35,37,0.0541,3080.1800,-0.2146,37,0,1742443200,1789185600
sim-b003-078,batch-003,longshot_band,longshot-band-b003-078,panel_settled,707,7840.1500,7840.1500,0.0000,-2159.8500,0.0000,160.6100,38,38,2,36,38,0.0526,3043.8500,-0.2160,38,0,1742443200,1789185600
sim-b006-011,batch-006,mean_reversion,mean-reversion-b006-011,panel_settled,708,7826.2200,7826.2200,0.0000,-2173.7800,0.0000,812.7800,235,21,28,100,128,0.2188,2239.6600,-0.2174,41,0,1743739200,1789444800
sim-b006-031,batch-006,mean_reversion,mean-reversion-b006-031,panel_settled,709,7812.6400,7812.6400,0.0000,-2187.3600,0.0000,740.4200,216,22,24,95,119,0.2017,2244.1600,-0.2187,41,0,1743739200,1789099200
sim-b003-095,batch-003,longshot_band,longshot-band-b003-095,panel_settled,710,7791.0600,7791.0600,0.0000,-2208.9400,0.0000,168.9800,37,37,2,35,37,0.0541,3142.9400,-0.2209,37,0,1742443200,1789185600
sim-b006-032,batch-006,mean_reversion,mean-reversion-b006-032,panel_settled,711,7775.8100,7775.8100,0.0000,-2224.1900,0.0000,747.7400,218,22,24,96,120,0.2000,2280.9900,-0.2224,41,0,1743739200,1789099200
sim-b006-012,batch-006,mean_reversion,mean-reversion-b006-012,panel_settled,712,7771.2200,7771.2200,0.0000,-2228.7800,0.0000,828.9700,239,21,28,102,130,0.2154,2294.6600,-0.2229,41,0,1743739200,1789444800
sim-b003-079,batch-003,longshot_band,longshot-band-b003-079,panel_settled,713,7761.8300,7761.8300,0.0000,-2238.1700,0.0000,164.1900,38,38,2,36,38,0.0526,3122.1700,-0.2238,38,0,1742443200,1789185600
sim-b003-080,batch-003,longshot_band,longshot-band-b003-080,panel_settled,713,7761.8300,7761.8300,0.0000,-2238.1700,0.0000,164.1900,38,38,2,36,38,0.0526,3122.1700,-0.2238,38,0,1742443200,1789185600
sim-b003-098,batch-003,longshot_band,longshot-band-b003-098,panel_settled,715,7761.1500,7761.1500,0.0000,-2238.8500,0.0000,164.6100,37,37,2,35,37,0.0541,3122.8500,-0.2239,37,0,1742443200,1789185600
sim-b003-096,batch-003,longshot_band,longshot-band-b003-096,panel_settled,716,7711.5900,7711.5900,0.0000,-2288.4100,0.0000,173.4500,38,38,2,36,38,0.0526,3222.4100,-0.2288,38,0,1742443200,1789185600
sim-b003-099,batch-003,longshot_band,longshot-band-b003-099,panel_settled,717,7698.6800,7698.6800,0.0000,-2301.3200,0.0000,167.3400,37,37,2,35,37,0.0541,3185.3200,-0.2301,37,0,1742443200,1789185600
sim-b010-036,batch-010,tight_value_ranged,tight-value-ranged-b010-036,panel_settled,718,7678.0300,7678.0300,0.0000,-2321.9700,0.0000,167.9900,36,36,2,34,36,0.0556,3205.9700,-0.2322,36,0,1742443200,1789185600
sim-b010-083,batch-010,longshot_band_wide,longshot-band-wide-b010-083,panel_settled,719,7659.4900,7659.4900,0.0000,-2340.5100,0.0000,175.5500,38,38,2,36,38,0.0526,3274.5100,-0.2341,38,0,1742443200,1789185600
sim-b010-084,batch-010,longshot_band_wide,longshot-band-wide-b010-084,panel_settled,719,7659.4900,7659.4900,0.0000,-2340.5100,0.0000,175.5500,38,38,2,36,38,0.0526,3274.5100,-0.2341,38,0,1742443200,1789185600
sim-b006-066,batch-006,mean_reversion,mean-reversion-b006-066,panel_settled,721,7647.8900,7647.8900,0.0000,-2352.1100,0.0000,855.9300,250,24,34,103,137,0.2482,2528.1000,-0.2352,42,0,1742961600,1789012800
sim-b006-005,batch-006,mean_reversion,mean-reversion-b006-005,panel_settled,722,7633.1000,7633.1000,0.0000,-2366.9000,0.0000,1158.4100,335,23,39,140,179,0.2179,2424.6900,-0.2367,44,0,1742875200,1789444800
sim-b003-100,batch-003,longshot_band,longshot-band-b003-100,panel_settled,723,7619.2100,7619.2100,0.0000,-2380.7900,0.0000,171.8100,38,38,2,36,38,0.0526,3264.7900,-0.2381,38,0,1742443200,1789185600
sim-b006-086,batch-006,mean_reversion,mean-reversion-b006-086,panel_settled,724,7612.0900,7612.0900,0.0000,-2387.9100,0.0000,729.3500,219,25,28,94,122,0.2295,2537.8200,-0.2388,42,0,1743652800,1789099200
sim-b006-087,batch-006,mean_reversion,mean-reversion-b006-087,panel_settled,725,7520.9000,7520.9000,0.0000,-2479.1000,0.0000,745.0900,227,25,28,98,126,0.2222,2629.0100,-0.2479,42,0,1743652800,1789099200
sim-b006-088,batch-006,mean_reversion,mean-reversion-b006-088,panel_settled,725,7520.9000,7520.9000,0.0000,-2479.1000,0.0000,745.0900,227,25,28,98,126,0.2222,2629.0100,-0.2479,42,0,1743652800,1789099200
sim-b006-067,batch-006,mean_reversion,mean-reversion-b006-067,panel_settled,727,7516.1000,7516.1000,0.0000,-2483.9000,0.0000,865.4400,256,24,33,107,140,0.2357,2659.8900,-0.2484,42,0,1742961600,1789012800
sim-b006-068,batch-006,mean_reversion,mean-reversion-b006-068,panel_settled,727,7516.1000,7516.1000,0.0000,-2483.9000,0.0000,865.4400,256,24,33,107,140,0.2357,2659.8900,-0.2484,42,0,1742961600,1789012800
sim-b005-090,batch-005,contrarian,contrarian-b005-090,panel_settled,729,7464.5900,7464.5900,0.0000,-2535.4100,0.0000,1441.8600,465,43,87,167,254,0.3425,4111.1700,-0.2535,43,0,1743739200,1788901200
sim-b006-061,batch-006,mean_reversion,mean-reversion-b006-061,panel_settled,730,7404.1000,7404.1000,0.0000,-2595.9000,0.0000,1076.9000,342,28,44,141,185,0.2378,2769.6500,-0.2596,43,0,1742961600,1788926400
sim-b006-081,batch-006,mean_reversion,mean-reversion-b006-081,panel_settled,731,7394.0400,7394.0400,0.0000,-2605.9600,0.0000,895.7100,289,29,39,120,159,0.2453,2753.6300,-0.2606,43,0,1743220800,1789012800
sim-b006-046,batch-006,mean_reversion,mean-reversion-b006-046,panel_settled,732,7309.3100,7309.3100,0.0000,-2690.6900,0.0000,964.5700,285,23,32,122,154,0.2078,2872.2500,-0.2691,43,0,1742875200,1789099200
sim-b006-026,batch-006,mean_reversion,mean-reversion-b006-026,panel_settled,733,7294.4400,7294.4400,0.0000,-2705.5600,0.0000,1039.4800,307,23,34,131,165,0.2061,2753.0200,-0.2706,43,0,1742875200,1789099200
sim-b005-089,batch-005,contrarian,contrarian-b005-089,panel_settled,734,7201.4100,7201.4100,0.0000,-2798.5900,0.0000,1583.1700,508,44,94,182,276,0.3406,4391.5200,-0.2799,44,0,1742875200,1788901200
sim-b005-088,batch-005,contrarian,contrarian-b005-088,panel_settled,735,7172.9200,7172.9200,0.0000,-2827.0800,0.0000,1624.1700,522,44,96,187,283,0.3392,4405.8400,-0.2827,44,0,1742875200,1788901200
sim-b005-086,batch-005,contrarian,contrarian-b005-086,panel_settled,736,7168.6900,7168.6900,0.0000,-2831.3100,0.0000,1699.5200,546,44,102,193,295,0.3458,4366.6900,-0.2831,44,0,1742875200,1788901200
sim-b006-047,batch-006,mean_reversion,mean-reversion-b006-047,panel_settled,737,7148.0900,7148.0900,0.0000,-2851.9100,0.0000,977.9600,291,23,31,126,157,0.1975,3033.4700,-0.2852,43,0,1742875200,1789099200
sim-b006-048,batch-006,mean_reversion,mean-reversion-b006-048,panel_settled,738,7119.6800,7119.6800,0.0000,-2880.3200,0.0000,985.4400,293,23,31,127,158,0.1962,3061.8800,-0.2880,43,0,1742875200,1789099200
sim-b006-027,batch-006,mean_reversion,mean-reversion-b006-027,panel_settled,739,7117.9400,7117.9400,0.0000,-2882.0600,0.0000,1058.0600,315,23,33,136,169,0.1953,2929.5200,-0.2882,43,0,1742875200,1789099200
sim-b006-028,batch-006,mean_reversion,mean-reversion-b006-028,panel_settled,739,7117.9400,7117.9400,0.0000,-2882.0600,0.0000,1058.0600,315,23,33,136,169,0.1953,2929.5200,-0.2882,43,0,1742875200,1789099200
sim-b005-087,batch-005,contrarian,contrarian-b005-087,panel_settled,741,7083.6100,7083.6100,0.0000,-2916.3900,0.0000,1649.3600,532,44,98,190,288,0.3403,4407.8100,-0.2916,44,0,1742875200,1788901200
sim-b006-006,batch-006,mean_reversion,mean-reversion-b006-006,panel_settled,742,7021.5000,7021.5000,0.0000,-2978.5000,0.0000,1269.7700,367,23,39,156,195,0.2000,3036.2900,-0.2979,44,0,1742875200,1789444800
sim-b005-065,batch-005,contrarian,contrarian-b005-065,panel_settled,743,7004.0900,7004.0900,0.0000,-2995.9100,0.0000,1514.7100,499,43,95,176,271,0.3506,4281.0600,-0.2996,43,0,1743220800,1788901200
sim-b005-095,batch-005,contrarian,contrarian-b005-095,panel_settled,744,6941.7100,6941.7100,0.0000,-3058.2900,0.0000,1520.3100,493,43,87,181,268,0.3246,4387.2400,-0.3058,43,0,1743739200,1788901200
sim-b004-065,batch-004,momentum,momentum-b004-065,panel_settled,745,6917.7200,6917.7200,0.0000,-3082.2800,0.0000,1431.5400,487,43,69,196,265,0.2604,7842.2800,-0.3082,43,0,1743220800,1788894000
sim-b006-041,batch-006,mean_reversion,mean-reversion-b006-041,panel_settled,746,6908.0200,6908.0200,0.0000,-3091.9800,0.0000,1293.1700,411,27,48,171,219,0.2192,3310.3000,-0.3092,45,0,1742875200,1788901200
sim-b006-007,batch-006,mean_reversion,mean-reversion-b006-007,panel_settled,747,6890.4500,6890.4500,0.0000,-3109.5500,0.0000,1279.4900,373,23,38,160,198,0.1919,3167.3400,-0.3110,44,0,1742875200,1789444800
sim-b006-008,batch-006,mean_reversion,mean-reversion-b006-008,panel_settled,748,6872.2800,6872.2800,0.0000,-3127.7200,0.0000,1288.3600,375,23,38,161,199,0.1910,3185.5100,-0.3128,44,0,1742875200,1789444800
sim-b005-100,batch-005,contrarian,contrarian-b005-100,panel_settled,749,6871.0200,6871.0200,0.0000,-3128.9800,0.0000,1531.7300,497,43,87,183,270,0.3222,4457.9300,-0.3129,43,0,1743739200,1788901200
sim-b004-064,batch-004,momentum,momentum-b004-064,panel_settled,750,6734.8300,6734.8300,0.0000,-3265.1700,0.0000,1543.0000,525,45,73,212,285,0.2561,8255.1700,-0.3265,45,0,1742875200,1788894000
sim-b006-082,batch-006,mean_reversion,mean-reversion-b006-082,panel_settled,751,6720.6100,6720.6100,0.0000,-3279.3900,0.0000,992.4300,321,29,36,139,175,0.2057,3427.0600,-0.3279,43,0,1743220800,1789012800
sim-b005-094,batch-005,contrarian,contrarian-b005-094,panel_settled,752,6678.5300,6678.5300,0.0000,-3321.4700,0.0000,1661.6200,536,44,94,196,290,0.3241,4667.5900,-0.3321,44,0,1742875200,1788901200
sim-b006-083,batch-006,mean_reversion,mean-reversion-b006-083,panel_settled,753,6655.0000,6655.0000,0.0000,-3345.0000,0.0000,1003.2200,327,29,36,142,178,0.2022,3492.6700,-0.3345,43,0,1743220800,1789012800
sim-b006-084,batch-006,mean_reversion,mean-reversion-b006-084,panel_settled,753,6655.0000,6655.0000,0.0000,-3345.0000,0.0000,1003.2200,327,29,36,142,178,0.2022,3492.6700,-0.3345,43,0,1743220800,1789012800
sim-b006-021,batch-006,mean_reversion,mean-reversion-b006-021,panel_settled,755,6650.5400,6650.5400,0.0000,-3349.4600,0.0000,1385.1900,439,25,48,184,232,0.2069,3558.9900,-0.3349,44,0,1742875200,1788901200
sim-b005-093,batch-005,contrarian,contrarian-b005-093,panel_settled,756,6650.0400,6650.0400,0.0000,-3349.9600,0.0000,1702.6200,550,44,96,201,297,0.3232,4681.9100,-0.3350,44,0,1742875200,1788901200
sim-b005-091,batch-005,contrarian,contrarian-b005-091,panel_settled,757,6645.8100,6645.8100,0.0000,-3354.1900,0.0000,1777.9700,574,44,102,207,309,0.3301,4642.7600,-0.3354,44,0,1742875200,1788901200
sim-b008-045,batch-008,volume_momentum_window,volume-momentum-window-b008-045,panel_settled,758,6615.3700,6615.3700,0.0000,-3384.6300,0.0000,1540.6700,528,38,59,224,283,0.2085,7459.6300,-0.3385,38,0,1743652800,1788894000
sim-b005-099,batch-005,contrarian,contrarian-b005-099,panel_settled,759,6607.8400,6607.8400,0.0000,-3392.1600,0.0000,1673.0400,540,44,94,198,292,0.3219,4738.2800,-0.3392,44,0,1742875200,1788901200
sim-b006-062,batch-006,mean_reversion,mean-reversion-b006-062,panel_settled,760,6607.2200,6607.2200,0.0000,-3392.7800,0.0000,1212.7200,384,28,45,161,206,0.2184,3566.5300,-0.3393,44,0,1742961600,1788926400
sim-b005-061,batch-005,contrarian,contrarian-b005-061,panel_settled,761,6601.1100,6601.1100,0.0000,-3398.8900,0.0000,1780.5900,587,45,111,205,316,0.3513,4547.8000,-0.3399,45,0,1742875200,1788901200
sim-b004-085,batch-004,momentum,momentum-b004-085,panel_settled,762,6600.9900,6600.9900,0.0000,-3399.0100,0.0000,1097.5800,377,43,53,157,210,0.2524,7545.0100,-0.3399,43,0,1743739200,1788894000
sim-b005-098,batch-005,contrarian,contrarian-b005-098,panel_settled,763,6579.3500,6579.3500,0.0000,-3420.6500,0.0000,1714.0400,554,44,96,203,299,0.3211,4752.6000,-0.3421,44,0,1742875200,1788901200
sim-b004-063,batch-004,momentum,momentum-b004-063,panel_settled,764,6567.9400,6567.9400,0.0000,-3432.0600,0.0000,1608.1900,545,45,75,220,295,0.2542,8422.0600,-0.3432,45,0,1742875200,1788894000
sim-b004-062,batch-004,momentum,momentum-b004-062,panel_settled,765,6567.6500,6567.6500,0.0000,-3432.3500,0.0000,1640.0700,555,45,77,223,300,0.2567,8422.3500,-0.3432,45,0,1742875200,1788894000
sim-b005-092,batch-005,contrarian,contrarian-b005-092,panel_settled,766,6560.7300,6560.7300,0.0000,-3439.2700,0.0000,1727.8100,560,44,98,204,302,0.3245,4683.8800,-0.3439,44,0,1742875200,1788901200
sim-b005-096,batch-005,contrarian,contrarian-b005-096,panel_settled,767,6559.6400,6559.6400,0.0000,-3440.3600,0.0000,1788.1800,578,44,102,209,311,0.3280,4728.9300,-0.3440,44,0,1742875200,1788901200
sim-b005-064,batch-005,contrarian,contrarian-b005-064,panel_settled,768,6557.7600,6557.7600,0.0000,-3442.2400,0.0000,1640.2900,537,45,100,191,291,0.3436,4584.5300,-0.3442,45,0,1742875200,1788901200
sim-b005-063,batch-005,contrarian,contrarian-b005-063,panel_settled,769,6546.0600,6546.0600,0.0000,-3453.9400,0.0000,1693.4300,557,45,105,196,301,0.3488,4569.1700,-0.3454,45,0,1742875200,1788901200
sim-b005-097,batch-005,contrarian,contrarian-b005-097,panel_settled,770,6490.0400,6490.0400,0.0000,-3509.9600,0.0000,1739.2300,564,44,98,206,304,0.3224,4754.5700,-0.3510,44,0,1742875200,1788901200
sim-b006-063,batch-006,mean_reversion,mean-reversion-b006-063,panel_settled,771,6489.8600,6489.8600,0.0000,-3510.1400,0.0000,1216.8100,388,28,44,164,208,0.2115,3683.8900,-0.3510,44,0,1742961600,1788926400
sim-b006-064,batch-006,mean_reversion,mean-reversion-b006-064,panel_settled,771,6489.8600,6489.8600,0.0000,-3510.1400,0.0000,1216.8100,388,28,44,164,208,0.2115,3683.8900,-0.3510,44,0,1742961600,1788926400
sim-b005-062,batch-005,contrarian,contrarian-b005-062,panel_settled,773,6454.5300,6454.5300,0.0000,-3545.4700,0.0000,1717.3600,567,45,105,201,306,0.3431,4581.2600,-0.3545,45,0,1742875200,1788901200
sim-b008-009,batch-008,volume_momentum_window,volume-momentum-window-b008-009,panel_settled,774,6386.0600,6386.0600,0.0000,-3613.9400,0.0000,1671.3800,577,45,67,244,311,0.2154,8717.9400,-0.3614,45,0,1742875200,1788894000
sim-b004-061,batch-004,momentum,momentum-b004-061,panel_settled,775,6334.9800,6334.9800,0.0000,-3665.0200,0.0000,1692.4100,575,45,79,231,310,0.2548,8655.0200,-0.3665,45,0,1742875200,1788894000
sim-b004-084,batch-004,momentum,momentum-b004-084,panel_settled,776,6205.0800,6205.0800,0.0000,-3794.9200,0.0000,1214.2100,416,44,56,174,230,0.2435,8059.9200,-0.3795,44,0,1742875200,1788894000
sim-b004-083,batch-004,momentum,momentum-b004-083,panel_settled,777,6147.2400,6147.2400,0.0000,-3852.7600,0.0000,1251.1700,428,44,58,178,236,0.2458,8117.7600,-0.3853,44,0,1742875200,1788894000
sim-b004-082,batch-004,momentum,momentum-b004-082,panel_settled,778,6106.3000,6106.3000,0.0000,-3893.7000,0.0000,1280.5100,438,44,58,183,241,0.2407,8158.7000,-0.3894,44,0,1742875200,1788894000
sim-b008-033,batch-008,volume_momentum_window,volume-momentum-window-b008-033,panel_settled,779,6097.1200,6097.1200,0.0000,-3902.8800,0.0000,1661.0800,582,44,71,242,313,0.2268,8658.8800,-0.3903,44,0,1743652800,1789099200
sim-b008-021,batch-008,volume_momentum_window,volume-momentum-window-b008-021,panel_settled,780,6071.4700,6071.4700,0.0000,-3928.5300,0.0000,1640.9600,569,45,70,237,307,0.2280,8687.5300,-0.3929,45,0,1743652800,1789099200
sim-b006-001,batch-006,mean_reversion,mean-reversion-b006-001,panel_settled,781,6064.6600,6064.6600,0.0000,-3935.3400,0.0000,1788.7100,558,26,57,235,292,0.1952,4144.6600,-0.3935,46,0,1742875200,1789444800
sim-b008-046,batch-008,volume_momentum_window,volume-momentum-window-b008-046,panel_settled,782,6060.8600,6060.8600,0.0000,-3939.1400,0.0000,1655.2600,564,38,60,241,301,0.1993,8014.1400,-0.3939,38,0,1743652800,1788894000
sim-b006-042,batch-006,mean_reversion,mean-reversion-b006-042,panel_settled,783,6007.6600,6007.6600,0.0000,-3992.3400,0.0000,1436.5900,455,27,47,194,241,0.1950,4210.6600,-0.3992,45,0,1742875200,1788901200
sim-b008-005,batch-008,volume_momentum_window,volume-momentum-window-b008-005,panel_settled,784,6001.6300,6001.6300,0.0000,-3998.3700,0.0000,2012.2000,710,48,86,293,379,0.2269,8760.5800,-0.3998,48,0,1742875200,1788894000
sim-b004-081,batch-004,momentum,momentum-b004-081,panel_settled,785,5967.1300,5967.1300,0.0000,-4032.8700,0.0000,1320.1900,452,44,59,189,248,0.2379,8297.8700,-0.4033,44,0,1742875200,1788894000
sim-b005-070,batch-005,contrarian,contrarian-b005-070,panel_settled,786,5920.6800,5920.6800,0.0000,-4079.3200,0.0000,1818.5600,605,43,99,225,324,0.3056,5094.1700,-0.4079,43,0,1743220800,1788901200
sim-b008-047,batch-008,volume_momentum_window,volume-momentum-window-b008-047,panel_settled,787,5884.8000,5884.8000,0.0000,-4115.2000,0.0000,1692.2900,574,38,60,246,306,0.1961,8016.2000,-0.4115,38,0,1743652800,1788894000
sim-b008-048,batch-008,volume_momentum_window,volume-momentum-window-b008-048,panel_settled,787,5884.8000,5884.8000,0.0000,-4115.2000,0.0000,1692.2900,574,38,60,246,306,0.1961,8016.2000,-0.4115,38,0,1743652800,1788894000
sim-b006-043,batch-006,mean_reversion,mean-reversion-b006-043,panel_settled,789,5869.1600,5869.1600,0.0000,-4130.8400,0.0000,1445.6900,461,27,46,198,244,0.1885,4349.1600,-0.4131,45,0,1742875200,1788901200
sim-b006-044,batch-006,mean_reversion,mean-reversion-b006-044,panel_settled,790,5839.3200,5839.3200,0.0000,-4160.6800,0.0000,1453.0300,463,27,46,199,245,0.1878,4379.0000,-0.4161,45,0,1742875200,1788901200
sim-b004-090,batch-004,momentum,momentum-b004-090,panel_settled,791,5804.0800,5804.0800,0.0000,-4195.9200,0.0000,1335.8200,457,43,55,195,250,0.2200,8573.9200,-0.4196,43,0,1743739200,1788894000
sim-b008-041,batch-008,volume_momentum_window,volume-momentum-window-b008-041,panel_settled,792,5746.4800,5746.4800,0.0000,-4253.5200,0.0000,1912.4400,666,40,73,280,353,0.2068,7848.7800,-0.4254,40,0,1743566400,1788894000
sim-b005-045,batch-005,contrarian,contrarian-b005-045,panel_settled,793,5739.0700,5739.0700,0.0000,-4260.9300,0.0000,2269.9000,773,45,116,293,409,0.2836,4936.5800,-0.4261,45,0,1743220800,1788901200
sim-b006-022,batch-006,mean_reversion,mean-reversion-b006-022,panel_settled,794,5646.5500,5646.5500,0.0000,-4353.4500,0.0000,1593.4000,501,25,48,215,263,0.1825,4562.9800,-0.4353,44,0,1742875200,1788901200
sim-b008-011,batch-008,volume_momentum_window,volume-momentum-window-b008-011,panel_settled,795,5627.5000,5627.5000,0.0000,-4372.5000,0.0000,1823.6000,627,45,68,268,336,0.2024,9302.5000,-0.4373,45,0,1742875200,1788894000
sim-b008-012,batch-008,volume_momentum_window,volume-momentum-window-b008-012,panel_settled,795,5627.5000,5627.5000,0.0000,-4372.5000,0.0000,1823.6000,627,45,68,268,336,0.2024,9302.5000,-0.4373,45,0,1742875200,1788894000
sim-b004-070,batch-004,momentum,momentum-b004-070,panel_settled,797,5551.9100,5551.9100,0.0000,-4448.0900,0.0000,1741.4500,593,43,70,248,318,0.2201,9213.0900,-0.4448,43,0,1743220800,1788894000
sim-b005-066,batch-005,contrarian,contrarian-b005-066,panel_settled,798,5535.7300,5535.7300,0.0000,-4464.2700,0.0000,2110.6600,699,45,115,257,372,0.3091,5592.8200,-0.4464,45,0,1742875200,1788901200
sim-b006-023,batch-006,mean_reversion,mean-reversion-b006-023,panel_settled,799,5523.3800,5523.3800,0.0000,-4476.6200,0.0000,1599.2100,505,25,47,218,265,0.1774,4686.1500,-0.4477,44,0,1742875200,1788901200
sim-b006-024,batch-006,mean_reversion,mean-reversion-b006-024,panel_settled,799,5523.3800,5523.3800,0.0000,-4476.6200,0.0000,1599.2100,505,25,47,218,265,0.1774,4686.1500,-0.4477,44,0,1742875200,1788901200
sim-b005-069,batch-005,contrarian,contrarian-b005-069,panel_settled,801,5521.1400,5521.1400,0.0000,-4478.8600,0.0000,1963.1800,647,45,105,241,346,0.3035,5500.9200,-0.4479,45,0,1742875200,1788901200
sim-b005-068,batch-005,contrarian,contrarian-b005-068,panel_settled,802,5480.6400,5480.6400,0.0000,-4519.3600,0.0000,2019.4000,669,45,109,248,357,0.3053,5541.4200,-0.4519,45,0,1742875200,1788901200
sim-b008-022,batch-008,volume_momentum_window,volume-momentum-window-b008-022,panel_settled,803,5465.3100,5465.3100,0.0000,-4534.6900,0.0000,1752.2900,607,45,71,255,326,0.2178,9293.6900,-0.4535,45,0,1743652800,1789099200
sim-b005-043,batch-005,contrarian,contrarian-b005-043,panel_settled,804,5459.3300,5459.3300,0.0000,-4540.6700,0.0000,2562.8500,862,46,139,315,454,0.3062,5225.4700,-0.4541,46,0,1742875200,1788901200
sim-b005-041,batch-005,contrarian,contrarian-b005-041,panel_settled,805,5440.1200,5440.1200,0.0000,-4559.8800,0.0000,2621.7800,880,46,137,326,463,0.2959,5372.5900,-0.4560,46,0,1742529600,1788901200
sim-b005-044,batch-005,contrarian,contrarian-b005-044,panel_settled,806,5425.2900,5425.2900,0.0000,-4574.7100,0.0000,2467.6300,828,46,129,308,437,0.2952,5259.5100,-0.4575,46,0,1742875200,1788901200
sim-b004-095,batch-004,momentum,momentum-b004-095,panel_settled,807,5414.5200,5414.5200,0.0000,-4585.4800,0.0000,1421.7900,485,43,56,208,264,0.2121,8870.4800,-0.4585,43,0,1743739200,1788894000
sim-b005-075,batch-005,contrarian,contrarian-b005-075,panel_settled,808,5391.3300,5391.3300,0.0000,-4608.6700,0.0000,1897.5600,633,43,99,239,338,0.2929,5577.5200,-0.4609,43,0,1743220800,1788901200
sim-b005-042,batch-005,contrarian,contrarian-b005-042,panel_settled,809,5390.5900,5390.5900,0.0000,-4609.4100,0.0000,2574.5000,866,46,136,320,456,0.2982,5292.6000,-0.4609,46,0,1742875200,1788901200
sim-b008-034,batch-008,volume_momentum_window,volume-momentum-window-b008-034,panel_settled,810,5389.7000,5389.7000,0.0000,-4610.3000,0.0000,1786.6900,624,44,72,262,334,0.2156,9366.3000,-0.4610,44,0,1743652800,1789099200
sim-b005-067,batch-005,contrarian,contrarian-b005-067,panel_settled,811,5389.1100,5389.1100,0.0000,-4610.8900,0.0000,2043.3300,679,45,109,253,362,0.3011,5574.9300,-0.4611,45,0,1742875200,1788901200
sim-b004-100,batch-004,momentum,momentum-b004-100,panel_settled,812,5348.5000,5348.5000,0.0000,-4651.5000,0.0000,1433.4100,489,43,56,210,266,0.2105,8936.5000,-0.4652,43,0,1743739200,1788894000
sim-b005-080,batch-005,contrarian,contrarian-b005-080,panel_settled,813,5338.5600,5338.5600,0.0000,-4661.4400,0.0000,1895.1600,633,43,99,239,338,0.2929,5630.2900,-0.4661,43,0,1743220800,1788901200
sim-b008-007,batch-008,volume_momentum_window,volume-momentum-window-b008-007,panel_settled,814,5331.0700,5331.0700,0.0000,-4668.9300,0.0000,2162.9800,760,48,86,318,404,0.2129,9431.1400,-0.4669,48,0,1742875200,1788894000
sim-b008-008,batch-008,volume_momentum_window,volume-momentum-window-b008-008,panel_settled,814,5331.0700,5331.0700,0.0000,-4668.9300,0.0000,2162.9800,760,48,86,318,404,0.2129,9431.1400,-0.4669,48,0,1742875200,1788894000
sim-b008-010,batch-008,volume_momentum_window,volume-momentum-window-b008-010,panel_settled,816,5302.2800,5302.2800,0.0000,-4697.7200,0.0000,1790.7000,617,45,67,264,331,0.2024,9301.7200,-0.4698,45,0,1742875200,1788894000
sim-b004-089,batch-004,momentum,momentum-b004-089,panel_settled,817,5295.7200,5295.7200,0.0000,-4704.2800,0.0000,1454.7700,500,44,58,214,272,0.2132,9201.2800,-0.4704,44,0,1742875200,1788894000
sim-b008-023,batch-008,volume_momentum_window,volume-momentum-window-b008-023,panel_settled,818,5274.8800,5274.8800,0.0000,-4725.1200,0.0000,1791.6200,619,45,71,261,332,0.2139,9310.1200,-0.4725,45,0,1743652800,1789099200
sim-b008-024,batch-008,volume_momentum_window,volume-momentum-window-b008-024,panel_settled,818,5274.8800,5274.8800,0.0000,-4725.1200,0.0000,1791.6200,619,45,71,261,332,0.2139,9310.1200,-0.4725,45,0,1743652800,1789099200
sim-b004-069,batch-004,momentum,momentum-b004-069,panel_settled,820,5256.5700,5256.5700,0.0000,-4743.4300,0.0000,1855.2300,635,45,74,266,340,0.2176,9738.4300,-0.4743,45,0,1742875200,1788894000
sim-b006-002,batch-006,mean_reversion,mean-reversion-b006-002,panel_settled,821,5249.0000,5249.0000,0.0000,-4751.0000,0.0000,1999.6200,622,26,60,264,324,0.1852,4960.3200,-0.4751,46,0,1742875200,1789444800
sim-b008-029,batch-008,volume_momentum_window,volume-momentum-window-b008-029,panel_settled,822,5247.1300,5247.1300,0.0000,-4752.8700,0.0000,2085.7400,737,47,85,307,392,0.2168,9142.1300,-0.4753,47,0,1743134400,1789099200
sim-b004-088,batch-004,momentum,momentum-b004-088,panel_settled,823,5202.6100,5202.6100,0.0000,-4797.3900,0.0000,1499.8500,514,44,60,219,279,0.2151,9294.3900,-0.4797,44,0,1742875200,1788894000
sim-b008-035,batch-008,volume_momentum_window,volume-momentum-window-b008-035,panel_settled,824,5199.2700,5199.2700,0.0000,-4800.7300,0.0000,1826.0200,636,44,72,268,340,0.2118,9382.7300,-0.4801,44,0,1743652800,1789099200
sim-b008-036,batch-008,volume_momentum_window,volume-momentum-window-b008-036,panel_settled,824,5199.2700,5199.2700,0.0000,-4800.7300,0.0000,1826.0200,636,44,72,268,340,0.2118,9382.7300,-0.4801,44,0,1743652800,1789099200
sim-b004-087,batch-004,momentum,momentum-b004-087,panel_settled,826,5161.6700,5161.6700,0.0000,-4838.3300,0.0000,1529.1900,524,44,60,224,284,0.2113,9335.3300,-0.4838,44,0,1742875200,1788894000
sim-b008-042,batch-008,volume_momentum_window,volume-momentum-window-b008-042,panel_settled,827,5157.5100,5157.5100,0.0000,-4842.4900,0.0000,2035.1900,708,40,74,300,374,0.1979,8437.7500,-0.4842,40,0,1743566400,1788894000
sim-b004-045,batch-004,momentum,momentum-b004-045,panel_settled,828,5151.8600,5151.8600,0.0000,-4848.1400,0.0000,2186.1600,756,44,78,322,400,0.1950,9700.1400,-0.4848,44,0,1743220800,1788894000
sim-b004-080,batch-004,momentum,momentum-b004-080,panel_settled,829,5138.2300,5138.2300,0.0000,-4861.7700,0.0000,1826.9500,621,43,70,262,332,0.2108,9533.7700,-0.4862,43,0,1743220800,1788894000
sim-b004-075,batch-004,momentum,momentum-b004-075,panel_settled,830,5124.6900,5124.6900,0.0000,-4875.3100,0.0000,1826.3700,621,43,70,262,332,0.2108,9547.3100,-0.4875,43,0,1743220800,1788894000
sim-b008-043,batch-008,volume_momentum_window,volume-momentum-window-b008-043,panel_settled,831,5091.6700,5091.6700,0.0000,-4908.3300,0.0000,2057.3700,714,40,73,304,377,0.1936,8503.5900,-0.4908,40,0,1743566400,1788894000
sim-b008-044,batch-008,volume_momentum_window,volume-momentum-window-b008-044,panel_settled,831,5091.6700,5091.6700,0.0000,-4908.3300,0.0000,2057.3700,714,40,73,304,377,0.1936,8503.5900,-0.4908,40,0,1743566400,1788894000
sim-b008-017,batch-008,volume_momentum_window,volume-momentum-window-b008-017,panel_settled,833,5091.0100,5091.0100,0.0000,-4908.9900,0.0000,2071.6300,736,48,84,308,392,0.2143,9216.8700,-0.4909,48,0,1743048000,1789099200
sim-b006-003,batch-006,mean_reversion,mean-reversion-b006-003,panel_settled,834,5076.3400,5076.3400,0.0000,-4923.6600,0.0000,2023.7200,632,26,59,270,329,0.1793,5132.9800,-0.4924,46,0,1742875200,1789444800
sim-b006-004,batch-006,mean_reversion,mean-reversion-b006-004,panel_settled,835,5041.2500,5041.2500,0.0000,-4958.7500,0.0000,2030.9100,634,26,59,271,330,0.1788,5168.0700,-0.4959,46,0,1742875200,1789444800
sim-b004-086,batch-004,momentum,momentum-b004-086,panel_settled,836,5038.4200,5038.4200,0.0000,-4961.5800,0.0000,1565.6400,538,44,61,230,291,0.2096,9458.5800,-0.4962,44,0,1742875200,1788894000
sim-b004-068,batch-004,momentum,momentum-b004-068,panel_settled,837,5012.1400,5012.1400,0.0000,-4987.8600,0.0000,1917.0800,657,45,76,275,351,0.2165,9846.8600,-0.4988,45,0,1742875200,1788894000
sim-b005-071,batch-005,contrarian,contrarian-b005-071,panel_settled,838,5006.3800,5006.3800,0.0000,-4993.6200,0.0000,2189.6600,727,45,115,271,386,0.2979,6076.1700,-0.4994,45,0,1742875200,1788901200
sim-b004-067,batch-004,momentum,momentum-b004-067,panel_settled,839,5000.0100,5000.0100,0.0000,-4999.9900,0.0000,1944.1700,667,45,78,278,356,0.2191,9846.9900,-0.5000,45,0,1742875200,1788894000
sim-b005-074,batch-005,contrarian,contrarian-b005-074,panel_settled,840,4991.7900,4991.7900,0.0000,-5008.2100,0.0000,2042.1800,675,45,105,255,360,0.2917,5984.2700,-0.5008,45,0,1742875200,1788901200
sim-b005-073,batch-005,contrarian,contrarian-b005-073,panel_settled,841,4951.2900,4951.2900,0.0000,-5048.7100,0.0000,2098.4000,697,45,109,262,371,0.2938,6024.7700,-0.5049,45,0,1742875200,1788901200
sim-b005-079,batch-005,contrarian,contrarian-b005-079,panel_settled,842,4939.0200,4939.0200,0.0000,-5060.9800,0.0000,2039.7800,675,45,105,255,360,0.2917,6037.0400,-0.5061,45,0,1742875200,1788901200
sim-b005-076,batch-005,contrarian,contrarian-b005-076,panel_settled,843,4938.1300,4938.1300,0.0000,-5061.8700,0.0000,2186.0500,727,45,115,271,386,0.2979,6144.4200,-0.5062,45,0,1742875200,1788901200
sim-b004-079,batch-004,momentum,momentum-b004-079,panel_settled,844,4926.1400,4926.1400,0.0000,-5073.8600,0.0000,1887.9400,650,44,71,276,347,0.2046,9846.8600,-0.5074,44,0,1742875200,1788894000
sim-b004-074,batch-004,momentum,momentum-b004-074,panel_settled,845,4926.1000,4926.1000,0.0000,-5073.9000,0.0000,1882.0000,650,44,71,276,347,0.2046,9846.9000,-0.5074,44,0,1742875200,1788894000
sim-b004-066,batch-004,momentum,momentum-b004-066,panel_settled,846,4926.0100,4926.0100,0.0000,-5073.9900,0.0000,1944.7800,678,44,77,284,361,0.2133,9846.9900,-0.5074,44,0,1742875200,1788894000
sim-b004-094,batch-004,momentum,momentum-b004-094,panel_settled,847,4906.1600,4906.1600,0.0000,-5093.8400,0.0000,1540.7400,528,44,59,227,286,0.2063,9497.8400,-0.5094,44,0,1742875200,1788894000
sim-b005-078,batch-005,contrarian,contrarian-b005-078,panel_settled,848,4898.5200,4898.5200,0.0000,-5101.4800,0.0000,2096.0000,697,45,109,262,371,0.2938,6077.5400,-0.5101,45,0,1742875200,1788901200
sim-b008-006,batch-008,volume_momentum_window,volume-momentum-window-b008-006,panel_settled,849,4895.6300,4895.6300,0.0000,-5104.3700,0.0000,2144.9300,754,48,86,315,401,0.2145,9366.5800,-0.5104,48,0,1742875200,1788894000
sim-b004-077,batch-004,momentum,momentum-b004-077,panel_settled,850,4895.0200,4895.0200,0.0000,-5104.9800,0.0000,1943.5500,677,43,74,286,360,0.2056,9846.9800,-0.5105,43,0,1742875200,1788580800
sim-b004-073,batch-004,momentum,momentum-b004-073,panel_settled,851,4895.0100,4895.0100,0.0000,-5104.9900,0.0000,1914.0400,667,43,73,282,355,0.2056,9846.9900,-0.5105,43,0,1742875200,1788580800
sim-b004-072,batch-004,momentum,momentum-b004-072,panel_settled,852,4894.1500,4894.1500,0.0000,-5105.8500,0.0000,1941.5400,679,43,74,287,361,0.2050,9846.8500,-0.5106,44,0,1742875200,1788580800
sim-b004-078,batch-004,momentum,momentum-b004-078,panel_settled,853,4893.1100,4893.1100,0.0000,-5106.8900,0.0000,1915.7800,669,43,73,283,356,0.2051,9846.8900,-0.5107,44,0,1742875200,1788868800
sim-b005-072,batch-005,contrarian,contrarian-b005-072,panel_settled,854,4859.7600,4859.7600,0.0000,-5140.2400,0.0000,2122.3300,707,45,109,267,376,0.2899,6058.2800,-0.5140,45,0,1742875200,1788901200
sim-b004-099,batch-004,momentum,momentum-b004-099,panel_settled,855,4840.1400,4840.1400,0.0000,-5159.8600,0.0000,1552.3600,532,44,59,229,288,0.2049,9563.8600,-0.5160,44,0,1742875200,1788894000
sim-b004-093,batch-004,momentum,momentum-b004-093,panel_settled,856,4813.0500,4813.0500,0.0000,-5186.9500,0.0000,1585.8200,542,44,61,232,293,0.2082,9590.9500,-0.5187,44,0,1742875200,1788894000
sim-b005-077,batch-005,contrarian,contrarian-b005-077,panel_settled,857,4806.9900,4806.9900,0.0000,-5193.0100,0.0000,2119.9300,707,45,109,267,376,0.2899,6111.0500,-0.5193,45,0,1742875200,1788901200
sim-b004-092,batch-004,momentum,momentum-b004-092,panel_settled,858,4772.1100,4772.1100,0.0000,-5227.8900,0.0000,1615.1600,552,44,61,237,298,0.2047,9631.8900,-0.5228,44,0,1742875200,1788894000
sim-b004-098,batch-004,momentum,momentum-b004-098,panel_settled,859,4747.0300,4747.0300,0.0000,-5252.9700,0.0000,1597.4400,546,44,61,234,295,0.2068,9656.9700,-0.5253,44,0,1742875200,1788894000
sim-b004-044,batch-004,momentum,momentum-b004-044,panel_settled,860,4713.1700,4713.1700,0.0000,-5286.8300,0.0000,2215.9900,791,43,79,338,417,0.1894,9705.8300,-0.5287,44,0,1742875200,1788883200
sim-b004-097,batch-004,momentum,momentum-b004-097,panel_settled,861,4706.0900,4706.0900,0.0000,-5293.9100,0.0000,1626.7800,556,44,61,239,300,0.2033,9697.9100,-0.5294,44,0,1742875200,1788894000
sim-b004-076,batch-004,momentum,momentum-b004-076,panel_settled,862,4696.1600,4696.1600,0.0000,-5303.8400,0.0000,1919.5800,697,43,76,294,370,0.2054,9846.8400,-0.5304,44,0,1742875200,1788868800
sim-b004-071,batch-004,momentum,momentum-b004-071,panel_settled,863,4690.1300,4690.1300,0.0000,-5309.8700,0.0000,1920.2100,697,43,76,294,370,0.2054,9846.8700,-0.5310,44,0,1742875200,1788868800
sim-b004-091,batch-004,momentum,momentum-b004-091,panel_settled,864,4648.8600,4648.8600,0.0000,-5351.1400,0.0000,1651.6100,566,44,62,243,305,0.2033,9755.1400,-0.5351,44,0,1742875200,1788894000
sim-b004-096,batch-004,momentum,momentum-b004-096,panel_settled,865,4578.3900,4578.3900,0.0000,-5421.6100,0.0000,1662.8400,570,44,62,245,307,0.2020,9825.6100,-0.5422,44,0,1742875200,1788894000
sim-b005-050,batch-005,contrarian,contrarian-b005-050,panel_settled,866,4548.7300,4548.7300,0.0000,-5451.2700,0.0000,2661.9200,909,45,121,356,477,0.2537,6172.9200,-0.5451,45,0,1743220800,1788901200
sim-b004-042,batch-004,momentum,momentum-b004-042,panel_settled,867,4525.0200,4525.0200,0.0000,-5474.9800,0.0000,2276.1900,830,44,84,353,437,0.1922,9705.9800,-0.5475,44,0,1742875200,1788894000
sim-b004-043,batch-004,momentum,momentum-b004-043,panel_settled,868,4439.0700,4439.0700,0.0000,-5560.9300,0.0000,2229.2000,825,43,83,351,434,0.1912,9705.9300,-0.5561,44,0,1742875200,1788883200
sim-b008-030,batch-008,volume_momentum_window,volume-momentum-window-b008-030,panel_settled,869,4427.0600,4427.0600,0.0000,-5572.9400,0.0000,2187.7400,785,47,86,330,416,0.2067,9900.2000,-0.5573,47,0,1743134400,1789099200
sim-b004-041,batch-004,momentum,momentum-b004-041,panel_settled,870,4411.0800,4411.0800,0.0000,-5588.9200,0.0000,2261.6200,843,43,86,357,443,0.1941,9705.9200,-0.5589,44,0,1742529600,1788883200
sim-b008-001,batch-008,volume_momentum_window,volume-momentum-window-b008-001,panel_settled,871,4402.9900,4402.9900,0.0000,-5597.0100,0.0000,2690.9000,1081,49,110,455,565,0.1947,9531.6800,-0.5597,49,0,1742875200,1789012800
sim-b008-037,batch-008,volume_momentum_window,volume-momentum-window-b008-037,panel_settled,872,4377.2600,4377.2600,0.0000,-5622.7400,0.0000,2527.4800,1032,42,110,427,537,0.2048,8704.2500,-0.5623,42,0,1743566400,1789444800
sim-b008-018,batch-008,volume_momentum_window,volume-momentum-window-b008-018,panel_settled,873,4279.3200,4279.3200,0.0000,-5720.6800,0.0000,2116.1500,761,47,83,321,404,0.2054,9749.5600,-0.5721,48,0,1743048000,1789099200
sim-b008-031,batch-008,volume_momentum_window,volume-momentum-window-b008-031,panel_settled,874,4276.0300,4276.0300,0.0000,-5723.9700,0.0000,2179.8200,778,46,83,329,412,0.2015,9900.2300,-0.5724,47,0,1743134400,1789099200
sim-b008-032,batch-008,volume_momentum_window,volume-momentum-window-b008-032,panel_settled,874,4276.0300,4276.0300,0.0000,-5723.9700,0.0000,2179.8200,778,46,83,329,412,0.2015,9900.2300,-0.5724,47,0,1743134400,1789099200
sim-b008-019,batch-008,volume_momentum_window,volume-momentum-window-b008-019,panel_settled,876,4202.3200,4202.3200,0.0000,-5797.6800,0.0000,2121.1200,769,47,82,326,408,0.2010,9749.5600,-0.5798,48,0,1743048000,1789099200
sim-b008-020,batch-008,volume_momentum_window,volume-momentum-window-b008-020,panel_settled,876,4202.3200,4202.3200,0.0000,-5797.6800,0.0000,2121.1200,769,47,82,326,408,0.2010,9749.5600,-0.5798,48,0,1743048000,1789099200
sim-b005-048,batch-005,contrarian,contrarian-b005-048,panel_settled,878,4099.9000,4099.9000,0.0000,-5900.1000,0.0000,2992.6800,1008,46,141,386,527,0.2676,6630.9000,-0.5900,46,0,1742875200,1788901200
sim-b005-049,batch-005,contrarian,contrarian-b005-049,panel_settled,879,4094.6600,4094.6600,0.0000,-5905.3400,0.0000,2894.3800,972,46,132,377,509,0.2593,6636.1400,-0.5905,46,0,1742875200,1788901200
sim-b005-046,batch-005,contrarian,contrarian-b005-046,panel_settled,880,4028.2000,4028.2000,0.0000,-5971.8000,0.0000,3058.4400,1026,46,139,397,536,0.2593,6830.5100,-0.5972,46,0,1742529600,1788901200
sim-b005-055,batch-005,contrarian,contrarian-b005-055,panel_settled,881,3997.5200,3997.5200,0.0000,-6002.4800,0.0000,2754.3100,941,45,121,372,493,0.2454,6678.1300,-0.6002,45,0,1743220800,1788901200
sim-b005-047,batch-005,contrarian,contrarian-b005-047,panel_settled,882,3978.6300,3978.6300,0.0000,-6021.3700,0.0000,3007.0600,1012,46,138,391,529,0.2609,6750.5600,-0.6021,46,0,1742875200,1788901200
sim-b005-025,batch-005,contrarian,contrarian-b005-025,panel_settled,883,3971.7600,3971.7600,0.0000,-6028.2400,0.0000,3061.1700,1082,48,125,440,565,0.2212,7106.7300,-0.6028,48,0,1743134400,1788901200
sim-b004-049,batch-004,momentum,momentum-b004-049,panel_settled,884,3950.0700,3950.0700,0.0000,-6049.9300,0.0000,2114.9600,904,40,72,400,472,0.1525,9705.9300,-0.6050,45,0,1742875200,1788883200
sim-b004-047,batch-004,momentum,momentum-b004-047,panel_settled,885,3920.1600,3920.1600,0.0000,-6079.8400,0.0000,2171.0100,925,39,72,408,482,0.1494,9705.8400,-0.6080,44,0,1742875200,1788883200
sim-b005-060,batch-005,contrarian,contrarian-b005-060,panel_settled,886,3920.1200,3920.1200,0.0000,-6079.8800,0.0000,2765.3500,945,45,121,374,495,0.2444,6755.5300,-0.6080,45,0,1743220800,1788901200
sim-b008-025,batch-008,volume_momentum_window,volume-momentum-window-b008-025,panel_settled,887,3915.0500,3915.0500,0.0000,-6084.9500,0.0000,2689.5100,1115,49,119,463,582,0.2045,9890.4800,-0.6085,49,0,1743134400,1789444800
sim-b004-050,batch-004,momentum,momentum-b004-050,panel_settled,888,3875.1500,3875.1500,0.0000,-6124.8500,0.0000,2078.2400,869,41,72,382,455,0.1582,9705.8500,-0.6125,44,0,1743220800,1788883200
sim-b008-013,batch-008,volume_momentum_window,volume-momentum-window-b008-013,panel_settled,889,3873.9100,3873.9100,0.0000,-6126.0900,0.0000,2602.9300,1079,49,108,455,564,0.1915,9893.0900,-0.6126,50,0,1742961600,1789012800
sim-b004-054,batch-004,momentum,momentum-b004-054,panel_settled,890,3870.1000,3870.1000,0.0000,-6129.9000,0.0000,2118.6500,913,39,67,406,476,0.1408,9705.9000,-0.6130,44,0,1742875200,1788868800
sim-b004-048,batch-004,momentum,momentum-b004-048,panel_settled,891,3867.0000,3867.0000,0.0000,-6133.0000,0.0000,2148.1300,926,40,72,410,483,0.1491,9706.0000,-0.6133,44,0,1742875200,1788894000
sim-b004-059,batch-004,momentum,momentum-b004-059,panel_settled,892,3866.1600,3866.1600,0.0000,-6133.8400,0.0000,2114.8300,928,38,66,414,483,0.1366,9705.8400,-0.6134,44,0,1742875200,1788883200
sim-b004-046,batch-004,momentum,momentum-b004-046,panel_settled,893,3865.0500,3865.0500,0.0000,-6134.9500,0.0000,2172.3000,926,38,72,410,482,0.1494,9705.9500,-0.6135,42,0,1742529600,1788580800
sim-b004-055,batch-004,momentum,momentum-b004-055,panel_settled,894,3831.0300,3831.0300,0.0000,-6168.9700,0.0000,2071.5200,885,39,70,392,462,0.1515,9705.9700,-0.6169,42,0,1743220800,1788580800
sim-b004-060,batch-004,momentum,momentum-b004-060,panel_settled,895,3830.1000,3830.1000,0.0000,-6169.9000,0.0000,2066.8700,889,39,70,394,464,0.1509,9705.9000,-0.6170,43,0,1743220800,1788868800
sim-b004-052,batch-004,momentum,momentum-b004-052,panel_settled,896,3765.0600,3765.0600,0.0000,-6234.9400,0.0000,2163.4800,939,39,70,417,489,0.1431,9705.9400,-0.6235,43,0,1742875200,1788580800
sim-b008-038,batch-008,volume_momentum_window,volume-momentum-window-b008-038,panel_settled,897,3755.7500,3755.7500,0.0000,-6244.2500,0.0000,2665.8300,1080,42,112,449,561,0.1996,9325.7600,-0.6244,42,0,1743566400,1789444800
sim-b004-053,batch-004,momentum,momentum-b004-053,panel_settled,898,3740.0800,3740.0800,0.0000,-6259.9200,0.0000,2129.4600,922,38,68,410,480,0.1417,9705.9200,-0.6260,42,0,1742875200,1788580800
sim-b004-025,batch-004,momentum,momentum-b004-025,panel_settled,899,3739.1000,3739.1000,0.0000,-6260.9000,0.0000,2492.6100,1052,46,99,450,549,0.1803,9889.1000,-0.6261,47,0,1743134400,1788894000
sim-b004-051,batch-004,momentum,momentum-b004-051,panel_settled,900,3739.0800,3739.0800,0.0000,-6260.9200,0.0000,2162.4800,918,38,71,406,478,0.1485,9705.9200,-0.6261,43,0,1742529600,1788868800
sim-b004-058,batch-004,momentum,momentum-b004-058,panel_settled,901,3739.0600,3739.0600,0.0000,-6260.9400,0.0000,2121.9600,904,38,67,402,471,0.1423,9705.9400,-0.6261,42,0,1742875200,1788580800
sim-b004-057,batch-004,momentum,momentum-b004-057,panel_settled,902,3739.0400,3739.0400,0.0000,-6260.9600,0.0000,2164.8700,943,37,69,418,490,0.1408,9705.9600,-0.6261,43,0,1742875200,1788883200
sim-b004-056,batch-004,momentum,momentum-b004-056,panel_settled,903,3738.1000,3738.1000,0.0000,-6261.9000,0.0000,2161.4400,923,37,69,410,480,0.1438,9705.9000,-0.6262,43,0,1742529600,1788883200
sim-b004-024,batch-004,momentum,momentum-b004-024,panel_settled,904,3720.1700,3720.1700,0.0000,-6279.8300,0.0000,2506.3400,1106,44,98,474,575,0.1704,9893.0600,-0.6280,48,0,1742875200,1788883200
sim-b004-023,batch-004,momentum,momentum-b004-023,panel_settled,905,3715.1200,3715.1200,0.0000,-6284.8800,0.0000,2490.5700,1121,43,101,478,582,0.1735,9897.4200,-0.6285,47,0,1742702400,1788883200
sim-b004-021,batch-004,momentum,momentum-b004-021,panel_settled,906,3714.0800,3714.0800,0.0000,-6285.9200,0.0000,2524.9500,1116,44,103,475,580,0.1776,9885.9200,-0.6286,46,0,1742529600,1788868800
sim-b004-022,batch-004,momentum,momentum-b004-022,panel_settled,907,3713.1200,3713.1200,0.0000,-6286.8800,0.0000,2533.9200,1135,43,101,485,589,0.1715,9885.8800,-0.6287,47,0,1742616000,1788883200
sim-b008-039,batch-008,volume_momentum_window,volume-momentum-window-b008-039,panel_settled,908,3689.9100,3689.9100,0.0000,-6310.0900,0.0000,2688.0100,1086,42,111,453,564,0.1968,9391.6000,-0.6310,42,0,1743566400,1789444800
sim-b008-040,batch-008,volume_momentum_window,volume-momentum-window-b008-040,panel_settled,908,3689.9100,3689.9100,0.0000,-6310.0900,0.0000,2688.0100,1086,42,111,453,564,0.1968,9391.6000,-0.6310,42,0,1743566400,1789444800
sim-b008-003,batch-008,volume_momentum_window,volume-momentum-window-b008-003,panel_settled,910,3656.4600,3656.4600,0.0000,-6343.5400,0.0000,2748.3200,1116,48,108,474,582,0.1856,9905.2100,-0.6344,49,0,1742875200,1789012800
sim-b008-004,batch-008,volume_momentum_window,volume-momentum-window-b008-004,panel_settled,910,3656.4600,3656.4600,0.0000,-6343.5400,0.0000,2748.3200,1116,48,108,474,582,0.1856,9905.2100,-0.6344,49,0,1742875200,1789012800
sim-b005-024,batch-005,contrarian,contrarian-b005-024,panel_settled,912,3564.6200,3564.6200,0.0000,-6435.3800,0.0000,3327.9300,1167,49,138,470,608,0.2270,7492.5600,-0.6435,49,0,1742875200,1788901200
sim-b005-023,batch-005,contrarian,contrarian-b005-023,panel_settled,913,3553.6900,3553.6900,0.0000,-6446.3100,0.0000,3456.1800,1213,49,151,480,631,0.2393,7482.5100,-0.6446,49,0,1742702400,1788901200
sim-b005-053,batch-005,contrarian,contrarian-b005-053,panel_settled,914,3548.6900,3548.6900,0.0000,-6451.3100,0.0000,3085.0700,1040,46,141,402,543,0.2597,7136.1100,-0.6451,46,0,1742875200,1788901200
sim-b005-054,batch-005,contrarian,contrarian-b005-054,panel_settled,915,3543.4500,3543.4500,0.0000,-6456.5500,0.0000,2986.7700,1004,46,132,393,525,0.2514,7141.3500,-0.6457,46,0,1742875200,1788901200
sim-b008-026,batch-008,volume_momentum_window,volume-momentum-window-b008-026,panel_settled,916,3487.2200,3487.2200,0.0000,-6512.7800,0.0000,2649.9900,1143,47,118,477,595,0.1983,9910.3100,-0.6513,48,0,1743134400,1789444800
sim-b008-027,batch-008,volume_momentum_window,volume-momentum-window-b008-027,panel_settled,917,3477.7000,3477.7000,0.0000,-6522.3000,0.0000,2648.8600,1158,48,119,483,603,0.1973,9909.8300,-0.6522,49,0,1743134400,1789444800
sim-b008-028,batch-008,volume_momentum_window,volume-momentum-window-b008-028,panel_settled,917,3477.7000,3477.7000,0.0000,-6522.3000,0.0000,2648.8600,1158,48,119,483,603,0.1973,9909.8300,-0.6522,49,0,1743134400,1789444800
sim-b005-051,batch-005,contrarian,contrarian-b005-051,panel_settled,919,3476.9900,3476.9900,0.0000,-6523.0100,0.0000,3150.8300,1058,46,139,413,552,0.2518,7335.7200,-0.6523,46,0,1742529600,1788901200
sim-b005-058,batch-005,contrarian,contrarian-b005-058,panel_settled,920,3471.2900,3471.2900,0.0000,-6528.7100,0.0000,3096.1100,1044,46,141,404,545,0.2587,7213.5100,-0.6529,46,0,1742875200,1788901200
sim-b005-059,batch-005,contrarian,contrarian-b005-059,panel_settled,921,3466.0500,3466.0500,0.0000,-6533.9500,0.0000,2997.8100,1008,46,132,395,527,0.2505,7218.7500,-0.6534,46,0,1742875200,1788901200
sim-b005-021,batch-005,contrarian,contrarian-b005-021,panel_settled,922,3456.1000,3456.1000,0.0000,-6543.9000,0.0000,3526.5400,1239,49,149,495,644,0.2314,7561.9600,-0.6544,49,0,1742529600,1788901200
sim-b008-014,batch-008,volume_momentum_window,volume-momentum-window-b008-014,panel_settled,923,3446.5800,3446.5800,0.0000,-6553.4200,0.0000,2576.3700,1126,48,107,478,587,0.1823,9893.4200,-0.6553,50,0,1742961600,1789012800
sim-b004-029,batch-004,momentum,momentum-b004-029,panel_settled,924,3445.0000,3445.0000,0.0000,-6555.0000,0.0000,2378.5100,1030,40,76,459,535,0.1421,9893.2300,-0.6555,46,0,1742875200,1788580800
sim-b005-022,batch-005,contrarian,contrarian-b005-022,panel_settled,925,3432.0600,3432.0600,0.0000,-6567.9400,0.0000,3478.6000,1225,49,150,487,637,0.2355,7600.6500,-0.6568,49,0,1742616000,1788901200
sim-b005-052,batch-005,contrarian,contrarian-b005-052,panel_settled,926,3427.4200,3427.4200,0.0000,-6572.5800,0.0000,3099.4500,1044,46,138,407,545,0.2532,7255.7700,-0.6573,46,0,1742875200,1788901200
sim-b008-015,batch-008,volume_momentum_window,volume-momentum-window-b008-015,panel_settled,927,3410.5300,3410.5300,0.0000,-6589.4700,0.0000,2592.0600,1134,48,107,482,591,0.1810,9893.4700,-0.6589,50,0,1742961600,1789012800
sim-b008-016,batch-008,volume_momentum_window,volume-momentum-window-b008-016,panel_settled,927,3410.5300,3410.5300,0.0000,-6589.4700,0.0000,2592.0600,1134,48,107,482,591,0.1810,9893.4700,-0.6589,50,0,1742961600,1789012800
sim-b005-056,batch-005,contrarian,contrarian-b005-056,panel_settled,929,3384.1100,3384.1100,0.0000,-6615.8900,0.0000,3160.6600,1062,46,139,415,554,0.2509,7428.6000,-0.6616,46,0,1742529600,1788901200
sim-b005-057,batch-005,contrarian,contrarian-b005-057,panel_settled,930,3350.0200,3350.0200,0.0000,-6649.9800,0.0000,3110.4900,1048,46,138,409,547,0.2523,7333.1700,-0.6650,46,0,1742875200,1788901200
sim-b004-040,batch-004,momentum,momentum-b004-040,panel_settled,931,3337.0200,3337.0200,0.0000,-6662.9800,0.0000,2330.8300,1010,38,72,452,524,0.1374,9889.1800,-0.6663,45,0,1743134400,1788580800
sim-b004-030,batch-004,momentum,momentum-b004-030,panel_settled,932,3337.0100,3337.0100,0.0000,-6662.9900,0.0000,2349.9500,1009,39,74,450,524,0.1412,9889.1900,-0.6663,45,0,1743134400,1788580800
sim-b004-035,batch-004,momentum,momentum-b004-035,panel_settled,933,3336.1000,3336.1000,0.0000,-6663.9000,0.0000,2333.6300,997,39,71,447,518,0.1371,9889.1000,-0.6664,45,0,1743134400,1788894000
sim-b008-002,batch-008,volume_momentum_window,volume-momentum-window-b008-002,panel_settled,934,3296.3500,3296.3500,0.0000,-6703.6500,0.0000,2606.3900,1100,48,104,469,574,0.1812,9905.3200,-0.6704,49,0,1742875200,1789012800
sim-b004-028,batch-004,momentum,momentum-b004-028,panel_settled,935,3280.0400,3280.0400,0.0000,-6719.9600,0.0000,2436.7000,1064,38,81,470,551,0.1470,9897.5000,-0.6720,45,0,1742702400,1788883200
sim-b004-027,batch-004,momentum,momentum-b004-027,panel_settled,936,3272.0500,3272.0500,0.0000,-6727.9500,0.0000,2480.6400,1075,39,83,474,557,0.1490,9885.9500,-0.6728,44,0,1742616000,1788894000
sim-b004-034,batch-004,momentum,momentum-b004-034,panel_settled,937,3260.0500,3260.0500,0.0000,-6739.9500,0.0000,2379.2900,1043,39,75,466,541,0.1386,9893.1800,-0.6740,45,0,1742875200,1788894000
sim-b004-026,batch-004,momentum,momentum-b004-026,panel_settled,938,3225.0000,3225.0000,0.0000,-6775.0000,0.0000,2462.7900,1072,38,81,474,555,0.1459,9886.0000,-0.6775,45,0,1742529600,1784865600
sim-b004-039,batch-004,momentum,momentum-b004-039,panel_settled,939,3224.0200,3224.0200,0.0000,-6775.9800,0.0000,2364.1200,1036,38,71,466,537,0.1322,9893.2100,-0.6776,46,0,1742875200,1787893200
sim-b004-033,batch-004,momentum,momentum-b004-033,panel_settled,940,3224.0100,3224.0100,0.0000,-6775.9900,0.0000,2392.5400,1061,37,74,475,549,0.1348,9897.5300,-0.6776,45,0,1742702400,1787893200
sim-b004-032,batch-004,momentum,momentum-b004-032,panel_settled,941,3223.0200,3223.0200,0.0000,-6776.9800,0.0000,2430.4000,1060,38,76,473,549,0.1384,9885.9800,-0.6777,44,0,1742616000,1784865600
sim-b004-037,batch-004,momentum,momentum-b004-037,panel_settled,941,3223.0200,3223.0200,0.0000,-6776.9800,0.0000,2422.5700,1061,37,76,473,549,0.1384,9885.9800,-0.6777,44,0,1742616000,1784865600
sim-b004-038,batch-004,momentum,momentum-b004-038,panel_settled,941,3223.0200,3223.0200,0.0000,-6776.9800,0.0000,2388.7600,1053,37,73,472,545,0.1339,9897.5200,-0.6777,44,0,1742702400,1787893200
sim-b004-031,batch-004,momentum,momentum-b004-031,panel_settled,944,3222.0200,3222.0200,0.0000,-6777.9800,0.0000,2429.3600,1067,37,80,472,552,0.1449,9885.9800,-0.6778,44,0,1742529600,1787893200
sim-b004-036,batch-004,momentum,momentum-b004-036,panel_settled,945,3221.0200,3221.0200,0.0000,-6778.9800,0.0000,2429.6600,1082,36,78,480,559,0.1395,9885.9800,-0.6779,43,0,1742529600,1784865600
sim-b004-005,batch-004,momentum,momentum-b004-005,panel_settled,946,3190.0200,3190.0200,0.0000,-6809.9800,0.0000,2955.7500,1483,41,109,651,762,0.1430,9894.9800,-0.6810,48,0,1743134400,1789012800
sim-b004-004,batch-004,momentum,momentum-b004-004,panel_settled,947,3183.0100,3183.0100,0.0000,-6816.9900,0.0000,2987.9000,1532,40,110,676,786,0.1399,9894.9900,-0.6817,49,0,1742875200,1789012800
sim-b004-003,batch-004,momentum,momentum-b004-003,panel_settled,948,3006.0000,3006.0000,0.0000,-6994.0000,0.0000,3049.3900,1572,40,118,687,806,0.1464,9897.9000,-0.6994,48,0,1742702400,1789099200
sim-b004-002,batch-004,momentum,momentum-b004-002,panel_settled,949,2983.0100,2983.0100,0.0000,-7016.9900,0.0000,3089.5400,1594,40,119,698,817,0.1457,9894.9900,-0.7017,49,0,1742616000,1789012800
sim-b004-001,batch-004,momentum,momentum-b004-001,panel_settled,950,2962.0100,2962.0100,0.0000,-7037.9900,0.0000,3086.9400,1610,38,117,706,824,0.1420,9894.9900,-0.7038,49,0,1742529600,1789012800
sim-b004-009,batch-004,momentum,momentum-b004-009,panel_settled,951,2823.0200,2823.0200,0.0000,-7176.9800,0.0000,2896.9600,1389,37,90,622,713,0.1262,9894.9800,-0.7177,45,0,1742875200,1780372800
sim-b004-019,batch-004,momentum,momentum-b004-019,panel_settled,951,2823.0200,2823.0200,0.0000,-7176.9800,0.0000,2865.1600,1379,37,88,620,708,0.1243,9894.9800,-0.7177,46,0,1742875200,1778817600
sim-b004-008,batch-004,momentum,momentum-b004-008,panel_settled,953,2822.0200,2822.0200,0.0000,-7177.9800,0.0000,2938.0900,1422,36,92,637,729,0.1262,9897.8800,-0.7178,46,0,1742702400,1779076800
sim-b004-014,batch-004,momentum,momentum-b004-014,panel_settled,953,2822.0200,2822.0200,0.0000,-7177.9800,0.0000,2868.1000,1390,36,86,627,713,0.1206,9894.9800,-0.7178,45,0,1742875200,1779076800
sim-b004-007,batch-004,momentum,momentum-b004-007,panel_settled,955,2822.0100,2822.0100,0.0000,-7177.9900,0.0000,2978.7300,1426,34,94,636,730,0.1288,9894.9900,-0.7178,46,0,1742616000,1781323200
sim-b004-015,batch-004,momentum,momentum-b004-015,panel_settled,956,2816.0200,2816.0200,0.0000,-7183.9800,0.0000,2761.5500,1311,37,83,591,674,0.1231,9894.9800,-0.7184,46,0,1743134400,1779076800
sim-b004-020,batch-004,momentum,momentum-b004-020,panel_settled,957,2816.0100,2816.0100,0.0000,-7183.9900,0.0000,2756.6300,1322,36,83,596,679,0.1222,9894.9900,-0.7184,44,0,1743134400,1781323200
sim-b004-010,batch-004,momentum,momentum-b004-010,panel_settled,958,2816.0000,2816.0000,0.0000,-7184.0000,0.0000,2763.7800,1344,36,87,602,690,0.1261,9895.0000,-0.7184,45,0,1743134400,1781323200
sim-b004-006,batch-004,momentum,momentum-b004-006,panel_settled,959,2786.0100,2786.0100,0.0000,-7213.9900,0.0000,2991.7900,1433,35,98,635,734,0.1335,9894.9900,-0.7214,45,0,1742529600,1781323200
sim-b004-013,batch-004,momentum,momentum-b004-013,panel_settled,960,2659.0200,2659.0200,0.0000,-7340.9800,0.0000,2957.9700,1381,35,86,621,708,0.1215,9897.8800,-0.7341,46,0,1742702400,1777003200
sim-b005-030,batch-005,contrarian,contrarian-b005-030,panel_settled,961,2654.5400,2654.5400,0.0000,-7345.4600,0.0000,3517.9600,1242,48,132,513,645,0.2047,8469.9500,-0.7345,48,0,1743134400,1788901200
sim-b004-012,batch-004,momentum,momentum-b004-012,panel_settled,962,2647.0100,2647.0100,0.0000,-7352.9900,0.0000,3005.9100,1405,35,90,629,720,0.1250,9894.9900,-0.7353,45,0,1742616000,1781323200
sim-b004-018,batch-004,momentum,momentum-b004-018,panel_settled,963,2631.0200,2631.0200,0.0000,-7368.9800,0.0000,2961.2700,1405,35,88,631,720,0.1222,9897.8800,-0.7369,46,0,1742702400,1779076800
sim-b004-017,batch-004,momentum,momentum-b004-017,panel_settled,964,2585.0100,2585.0100,0.0000,-7414.9900,0.0000,3011.0800,1426,36,94,637,731,0.1286,9894.9900,-0.7415,46,0,1742616000,1777003200
sim-b004-011,batch-004,momentum,momentum-b004-011,panel_settled,965,2568.0200,2568.0200,0.0000,-7431.9800,0.0000,3031.1800,1424,36,93,636,730,0.1274,9894.9800,-0.7432,45,0,1742529600,1777003200
sim-b004-016,batch-004,momentum,momentum-b004-016,panel_settled,966,2530.0100,2530.0100,0.0000,-7469.9900,0.0000,3029.7700,1428,34,93,638,731,0.1272,9894.9900,-0.7470,44,0,1742529600,1777003200
sim-b005-035,batch-005,contrarian,contrarian-b005-035,panel_settled,967,2102.0900,2102.0900,0.0000,-7897.9100,0.0000,3610.3600,1274,48,132,529,661,0.1997,8976.4000,-0.7898,48,0,1743134400,1788901200
sim-b005-029,batch-005,contrarian,contrarian-b005-029,panel_settled,968,2097.6000,2097.6000,0.0000,-7902.4000,0.0000,3819.1300,1335,49,143,549,692,0.2066,9005.5800,-0.7902,49,0,1742875200,1788901200
sim-b005-028,batch-005,contrarian,contrarian-b005-028,panel_settled,969,2067.0400,2067.0400,0.0000,-7932.9600,0.0000,3946.4700,1381,49,155,560,715,0.2168,9015.1600,-0.7933,49,0,1742702400,1788901200
sim-b005-040,batch-005,contrarian,contrarian-b005-040,panel_settled,970,2024.6900,2024.6900,0.0000,-7975.3100,0.0000,3621.4000,1278,48,132,531,663,0.1991,9053.8000,-0.7975,48,0,1743134400,1788901200
sim-b005-026,batch-005,contrarian,contrarian-b005-026,panel_settled,971,1908.8000,1908.8000,0.0000,-8091.2000,0.0000,4027.6800,1409,49,153,576,729,0.2099,9155.2600,-0.8091,49,0,1742529600,1788901200
sim-b005-027,batch-005,contrarian,contrarian-b005-027,panel_settled,972,1892.8800,1892.8800,0.0000,-8107.1200,0.0000,3971.6200,1393,49,154,567,721,0.2136,9185.8300,-0.8107,49,0,1742616000,1788901200
sim-b005-034,batch-005,contrarian,contrarian-b005-034,panel_settled,973,1545.1500,1545.1500,0.0000,-8454.8500,0.0000,3911.5300,1367,49,143,565,708,0.2020,9512.0300,-0.8455,49,0,1742875200,1788901200
sim-b005-033,batch-005,contrarian,contrarian-b005-033,panel_settled,974,1509.5000,1509.5000,0.0000,-8490.5000,0.0000,4038.4500,1413,49,155,576,731,0.2120,9526.7000,-0.8491,49,0,1742702400,1788901200
sim-b005-039,batch-005,contrarian,contrarian-b005-039,panel_settled,975,1467.7500,1467.7500,0.0000,-8532.2500,0.0000,3922.5700,1371,49,143,567,710,0.2014,9589.4300,-0.8532,49,0,1742875200,1788901200
sim-b005-038,batch-005,contrarian,contrarian-b005-038,panel_settled,976,1432.1000,1432.1000,0.0000,-8567.9000,0.0000,4049.4900,1417,49,155,578,733,0.2115,9604.1000,-0.8568,49,0,1742702400,1788901200
sim-b005-031,batch-005,contrarian,contrarian-b005-031,panel_settled,977,1351.2600,1351.2600,0.0000,-8648.7400,0.0000,4119.6600,1441,49,153,592,745,0.2054,9666.8000,-0.8649,49,0,1742529600,1788901200
sim-b005-032,batch-005,contrarian,contrarian-b005-032,panel_settled,978,1335.3400,1335.3400,0.0000,-8664.6600,0.0000,4063.6000,1425,49,154,583,737,0.2090,9697.3700,-0.8665,49,0,1742616000,1788901200
sim-b005-036,batch-005,contrarian,contrarian-b005-036,panel_settled,979,1258.3800,1258.3800,0.0000,-8741.6200,0.0000,4129.4900,1445,49,153,594,747,0.2048,9759.6800,-0.8742,49,0,1742529600,1788901200
sim-b005-037,batch-005,contrarian,contrarian-b005-037,panel_settled,980,1257.9400,1257.9400,0.0000,-8742.0600,0.0000,4074.6400,1429,49,154,585,739,0.2084,9774.7700,-0.8742,49,0,1742616000,1788901200
sim-b005-005,batch-005,contrarian,contrarian-b005-005,panel_settled,981,731.5300,731.5300,0.0000,-9268.4700,0.0000,4344.1900,1788,50,133,786,919,0.1447,9719.9900,-0.9268,50,0,1743134400,1789444800
sim-b005-002,batch-005,contrarian,contrarian-b005-002,panel_settled,982,312.0100,312.0100,0.0000,-9687.9900,0.0000,4768.7400,1953,49,151,850,1001,0.1508,10045.8100,-0.9688,50,0,1742616000,1789444800
sim-b005-003,batch-005,contrarian,contrarian-b005-003,panel_settled,982,312.0100,312.0100,0.0000,-9687.9900,0.0000,4779.0600,1960,50,156,849,1005,0.1552,10049.3000,-0.9688,50,0,1742702400,1789444800
sim-b005-012,batch-005,contrarian,contrarian-b005-012,panel_settled,982,312.0100,312.0100,0.0000,-9687.9900,0.0000,4329.8600,1913,41,133,844,977,0.1361,10045.8100,-0.9688,48,0,1742616000,1788926400
sim-b005-017,batch-005,contrarian,contrarian-b005-017,panel_settled,982,312.0100,312.0100,0.0000,-9687.9900,0.0000,4309.4200,1900,40,129,841,970,0.1330,10045.8100,-0.9688,47,0,1742616000,1784779200
sim-b005-001,batch-005,contrarian,contrarian-b005-001,panel_settled,986,312.0000,312.0000,0.0000,-9688.0000,0.0000,4862.3900,1981,49,152,863,1015,0.1498,10036.3800,-0.9688,49,0,1742529600,1789444800
sim-b005-004,batch-005,contrarian,contrarian-b005-004,panel_settled,986,312.0000,312.0000,0.0000,-9688.0000,0.0000,4648.4000,1898,50,142,832,974,0.1458,10101.6700,-0.9688,50,0,1742875200,1789444800
sim-b005-006,batch-005,contrarian,contrarian-b005-006,panel_settled,986,312.0000,312.0000,0.0000,-9688.0000,0.0000,4508.6100,2089,45,146,919,1067,0.1368,10036.3800,-0.9688,49,0,1742529600,1788901200
sim-b005-007,batch-005,contrarian,contrarian-b005-007,panel_settled,986,312.0000,312.0000,0.0000,-9688.0000,0.0000,4406.5200,2022,44,139,893,1033,0.1346,10045.8200,-0.9688,49,0,1742616000,1789099200
sim-b005-008,batch-005,contrarian,contrarian-b005-008,panel_settled,986,312.0000,312.0000,0.0000,-9688.0000,0.0000,4451.9100,2059,47,145,906,1053,0.1377,10049.3100,-0.9688,50,0,1742702400,1789444800
sim-b005-009,batch-005,contrarian,contrarian-b005-009,panel_settled,986,312.0000,312.0000,0.0000,-9688.0000,0.0000,4324.3200,2006,48,135,892,1027,0.1315,10101.6700,-0.9688,50,0,1742875200,1789444800
sim-b005-010,batch-005,contrarian,contrarian-b005-010,panel_settled,986,312.0000,312.0000,0.0000,-9688.0000,0.0000,4301.7300,1931,49,132,858,990,0.1333,10139.5200,-0.9688,50,0,1743134400,1789444800
sim-b005-011,batch-005,contrarian,contrarian-b005-011,panel_settled,986,312.0000,312.0000,0.0000,-9688.0000,0.0000,4423.0900,1958,42,132,867,1000,0.1320,10036.3800,-0.9688,48,0,1742529600,1784952000
sim-b005-013,batch-005,contrarian,contrarian-b005-013,panel_settled,986,312.0000,312.0000,0.0000,-9688.0000,0.0000,4341.7800,1971,45,136,871,1008,0.1349,10049.3100,-0.9688,49,0,1742702400,1788901200
sim-b005-014,batch-005,contrarian,contrarian-b005-014,panel_settled,986,312.0000,312.0000,0.0000,-9688.0000,0.0000,4207.8800,1947,43,128,865,995,0.1286,10101.6700,-0.9688,49,0,1742875200,1789099200
sim-b005-015,batch-005,contrarian,contrarian-b005-015,panel_settled,986,312.0000,312.0000,0.0000,-9688.0000,0.0000,4129.1900,1925,47,129,856,986,0.1308,10139.5200,-0.9688,50,0,1743134400,1789444800
sim-b005-016,batch-005,contrarian,contrarian-b005-016,panel_settled,986,312.0000,312.0000,0.0000,-9688.0000,0.0000,4395.7700,1917,41,131,848,979,0.1338,10036.3800,-0.9688,47,0,1742529600,1784779200
sim-b005-018,batch-005,contrarian,contrarian-b005-018,panel_settled,986,312.0000,312.0000,0.0000,-9688.0000,0.0000,4312.1500,1922,42,132,849,982,0.1344,10049.3100,-0.9688,48,0,1742702400,1784952000
sim-b005-019,batch-005,contrarian,contrarian-b005-019,panel_settled,986,312.0000,312.0000,0.0000,-9688.0000,0.0000,4195.3400,1926,42,125,859,984,0.1270,10101.6700,-0.9688,48,0,1742875200,1789099200
sim-b005-020,batch-005,contrarian,contrarian-b005-020,panel_settled,986,312.0000,312.0000,0.0000,-9688.0000,0.0000,4113.9400,1921,47,127,856,984,0.1291,10139.5200,-0.9688,50,0,1743134400,1789444800
