year,category,awarded,laureate_ids,laureate_names,portions,prize_statuses,motivations,overall_motivation,date_awarded,prize_amount_sek,prize_amount_adjusted_sek,summary_url,api_url,nomination_list_url,nomination_status,nomination_stated_count,flag_codes
2025,physics,True,1050 | 1051 | 1052,John Clarke | Michel H. Devoret | John M. Martinis,1/3 | 1/3 | 1/3,received | received | received,for the discovery of macroscopic quantum mechanical tunnelling and energy quantisation in an electric circuit | for the discovery of macroscopic quantum mechanical tunnelling and energy quantisation in an electric circuit | for the discovery of macroscopic quantum mechanical tunnelling and energy quantisation in an electric circuit,,2025-10-07,11000000,11000000,https://www.nobelprize.org/prizes/physics/2025/summary/,https://api.nobelprize.org/2/nobelPrize/phy/2025,https://www.nobelprize.org/nomination/archive/list.php?prize=1&year=2025,sealed_or_not_published,,nominations_sealed
2025,peace,True,1057,Maria Corina Machado,1,received,for her tireless work promoting democratic rights for the people of Venezuela and for her struggle to achieve a just and peaceful transition from dictatorship to democracy,,2025-10-10,11000000,11000000,https://www.nobelprize.org/prizes/peace/2025/summary/,https://api.nobelprize.org/2/nobelPrize/pea/2025,https://www.nobelprize.org/nomination/archive/list.php?prize=5&year=2025,sealed_or_not_published,,nominations_sealed
2025,medicine,True,1047 | 1048 | 1049,Mary E. Brunkow | Fred Ramsdell | Shimon Sakaguchi,1/3 | 1/3 | 1/3,received | received | received,for their discoveries concerning peripheral immune tolerance | for their discoveries concerning peripheral immune tolerance | for their discoveries concerning peripheral immune tolerance,,2025-10-06,11000000,11000000,https://www.nobelprize.org/prizes/medicine/2025/summary/,https://api.nobelprize.org/2/nobelPrize/med/2025,https://www.nobelprize.org/nomination/archive/list.php?prize=3&year=2025,sealed_or_not_published,,nominations_sealed | v1_v2_name_differs
2025,literature,True,1056,László Krasznahorkai,1,received,"for his compelling and visionary oeuvre that, in the midst of apocalyptic terror, reaffirms the power of art",,2025-10-09,11000000,11000000,https://www.nobelprize.org/prizes/literature/2025/summary/,https://api.nobelprize.org/2/nobelPrize/lit/2025,https://www.nobelprize.org/nomination/archive/list.php?prize=4&year=2025,sealed_or_not_published,,nominations_sealed
2025,economics,True,1058 | 1059 | 1060,Joel Mokyr | Philippe Aghion | Peter Howitt,1/2 | 1/4 | 1/4,received | received | received,for having identified the prerequisites for sustained growth through technological progress | for the theory of sustained growth through creative destruction | for the theory of sustained growth through creative destruction,for having explained innovation-driven economic growth,2025-10-13,11000000,11000000,https://www.nobelprize.org/prizes/economic-sciences/2025/summary/,https://api.nobelprize.org/2/nobelPrize/eco/2025,https://www.nobelprize.org/nomination/archive/list.php?prize=6&year=2025,not_in_public_archive,,not_in_alfred_nobels_will
2025,chemistry,True,1053 | 1054 | 1055,Susumu Kitagawa | Richard Robson | Omar M. Yaghi,1/3 | 1/3 | 1/3,received | received | received,for the development of metal–organic frameworks | for the development of metal–organic frameworks | for the development of metal–organic frameworks,,2025-10-08,11000000,11000000,https://www.nobelprize.org/prizes/chemistry/2025/summary/,https://api.nobelprize.org/2/nobelPrize/che/2025,https://www.nobelprize.org/nomination/archive/list.php?prize=2&year=2025,sealed_or_not_published,,nominations_sealed
2024,physics,True,1037 | 1038,John J. Hopfield | Geoffrey Hinton,1/2 | 1/2,received | received,for foundational discoveries and inventions that enable machine learning with artificial neural networks | for foundational discoveries and inventions that enable machine learning with artificial neural networks,,2024-10-08,11000000,11000000,https://www.nobelprize.org/prizes/physics/2024/summary/,https://api.nobelprize.org/2/nobelPrize/phy/2024,https://www.nobelprize.org/nomination/archive/list.php?prize=1&year=2024,sealed_or_not_published,,nominations_sealed | v1_v2_name_differs
2024,peace,True,1043,Nihon Hidankyo,1,received,for its efforts to achieve a world free of nuclear weapons and for demonstrating through witness testimony that nuclear weapons must never be used again,,2024-10-11,11000000,11000000,https://www.nobelprize.org/prizes/peace/2024/summary/,https://api.nobelprize.org/2/nobelPrize/pea/2024,https://www.nobelprize.org/nomination/archive/list.php?prize=5&year=2024,sealed_or_not_published,,nominations_sealed
2024,medicine,True,1035 | 1036,Victor Ambros | Gary Ruvkun,1/2 | 1/2,received | received,for the discovery of microRNA and its role in post-transcriptional gene regulation | for the discovery of microRNA and its role in post-transcriptional gene regulation,,2024-10-07,11000000,11000000,https://www.nobelprize.org/prizes/medicine/2024/summary/,https://api.nobelprize.org/2/nobelPrize/med/2024,https://www.nobelprize.org/nomination/archive/list.php?prize=3&year=2024,sealed_or_not_published,,nominations_sealed
2024,literature,True,1042,Han Kang,1,received,for her intense poetic prose that confronts historical traumas and exposes the fragility of human life,,2024-10-10,11000000,11000000,https://www.nobelprize.org/prizes/literature/2024/summary/,https://api.nobelprize.org/2/nobelPrize/lit/2024,https://www.nobelprize.org/nomination/archive/list.php?prize=4&year=2024,sealed_or_not_published,,nominations_sealed | v1_v2_name_differs
2024,economics,True,1044 | 1045 | 1046,Daron Acemoglu | Simon Johnson | James A. Robinson,1/3 | 1/3 | 1/3,received | received | received,for studies of how institutions are formed and affect prosperity | for studies of how institutions are formed and affect prosperity | for studies of how institutions are formed and affect prosperity,,2024-10-14,11000000,11000000,https://www.nobelprize.org/prizes/economic-sciences/2024/summary/,https://api.nobelprize.org/2/nobelPrize/eco/2024,https://www.nobelprize.org/nomination/archive/list.php?prize=6&year=2024,not_in_public_archive,,not_in_alfred_nobels_will | v1_v2_name_differs
2024,chemistry,True,1039 | 1040 | 1041,David Baker | Demis Hassabis | John Jumper,1/2 | 1/4 | 1/4,received | received | received,for computational protein design | for protein structure prediction | for protein structure prediction,,2024-10-09,11000000,11000000,https://www.nobelprize.org/prizes/chemistry/2024/summary/,https://api.nobelprize.org/2/nobelPrize/che/2024,https://www.nobelprize.org/nomination/archive/list.php?prize=2&year=2024,sealed_or_not_published,,nominations_sealed
2023,physics,True,1026 | 1027 | 1028,Pierre Agostini | Ferenc Krausz | Anne L’Huillier,1/3 | 1/3 | 1/3,received | received | received,for experimental methods that generate attosecond pulses of light for the study of electron dynamics in matter | for experimental methods that generate attosecond pulses of light for the study of electron dynamics in matter | for experimental methods that generate attosecond pulses of light for the study of electron dynamics in matter,,2023-10-03,11000000,11314967,https://www.nobelprize.org/prizes/physics/2023/summary/,https://api.nobelprize.org/2/nobelPrize/phy/2023,https://www.nobelprize.org/nomination/archive/list.php?prize=1&year=2023,sealed_or_not_published,,nominations_sealed
2023,peace,True,1033,Narges Mohammadi,1,received,for her fight against the oppression of women in Iran and her fight to promote human rights and freedom for all,,2023-10-06,11000000,11314967,https://www.nobelprize.org/prizes/peace/2023/summary/,https://api.nobelprize.org/2/nobelPrize/pea/2023,https://www.nobelprize.org/nomination/archive/list.php?prize=5&year=2023,sealed_or_not_published,,nominations_sealed
2023,medicine,True,1024 | 1025,Katalin Karikó | Drew Weissman,1/2 | 1/2,received | received,for their discoveries concerning nucleoside base modifications that enabled the development of effective mRNA vaccines against COVID-19 | for their discoveries concerning nucleoside base modifications that enabled the development of effective mRNA vaccines against COVID-19,,2023-10-02,11000000,11314967,https://www.nobelprize.org/prizes/medicine/2023/summary/,https://api.nobelprize.org/2/nobelPrize/med/2023,https://www.nobelprize.org/nomination/archive/list.php?prize=3&year=2023,sealed_or_not_published,,nominations_sealed
2023,literature,True,1032,Jon Fosse,1,received,for his innovative plays and prose which give voice to the unsayable,,2023-10-05,11000000,11314967,https://www.nobelprize.org/prizes/literature/2023/summary/,https://api.nobelprize.org/2/nobelPrize/lit/2023,https://www.nobelprize.org/nomination/archive/list.php?prize=4&year=2023,sealed_or_not_published,,nominations_sealed
2023,economics,True,1034,Claudia Goldin,1,received,for having advanced our understanding of women’s labour market outcomes,,2023-10-09,11000000,11314967,https://www.nobelprize.org/prizes/economic-sciences/2023/summary/,https://api.nobelprize.org/2/nobelPrize/eco/2023,https://www.nobelprize.org/nomination/archive/list.php?prize=6&year=2023,not_in_public_archive,,not_in_alfred_nobels_will
2023,chemistry,True,1029 | 1030 | 1031,Moungi Bawendi | Louis Brus | Aleksey Yekimov,1/3 | 1/3 | 1/3,received | received | received,for the discovery and synthesis of quantum dots | for the discovery and synthesis of quantum dots | for the discovery and synthesis of quantum dots,,2023-10-04,11000000,11314967,https://www.nobelprize.org/prizes/chemistry/2023/summary/,https://api.nobelprize.org/2/nobelPrize/che/2023,https://www.nobelprize.org/nomination/archive/list.php?prize=2&year=2023,sealed_or_not_published,,nominations_sealed
2022,physics,True,1012 | 1013 | 1014,Alain Aspect | John Clauser | Anton Zeilinger,1/3 | 1/3 | 1/3,received | received | received,"for experiments with entangled photons, establishing the violation of Bell inequalities and pioneering quantum information science | for experiments with entangled photons, establishing the violation of Bell inequalities and pioneering quantum information science | for experiments with entangled photons, establishing the violation of Bell inequalities and pioneering quantum information science",,2022-10-04,10000000,11162900,https://www.nobelprize.org/prizes/physics/2022/summary/,https://api.nobelprize.org/2/nobelPrize/phy/2022,https://www.nobelprize.org/nomination/archive/list.php?prize=1&year=2022,sealed_or_not_published,,nominations_sealed
2022,peace,True,1018 | 1019 | 1020,Ales Bialiatski | Memorial | Center for Civil Liberties,1/3 | 1/3 | 1/3,received | received | received,"The Peace Prize laureates represent civil society in their home countries. They have for many years promoted the right to criticise power and protect the fundamental rights of citizens. They have made an outstanding effort to document war crimes, human right abuses and the abuse of power. Together they demonstrate the significance of civil society for peace and democracy. | The Peace Prize laureates represent civil society in their home countries. They have for many years promoted the right to criticise power and protect the fundamental rights of citizens. They have made an outstanding effort to document war crimes, human right abuses and the abuse of power. Together they demonstrate the significance of civil society for peace and democracy. | The Peace Prize laureates represent civil society in their home countries. They have for many years promoted the right to criticise power and protect the fundamental rights of citizens. They have made an outstanding effort to document war crimes, human right abuses and the abuse of power. Together they demonstrate the significance of civil society for peace and democracy.",,2022-10-07,10000000,11162900,https://www.nobelprize.org/prizes/peace/2022/summary/,https://api.nobelprize.org/2/nobelPrize/pea/2022,https://www.nobelprize.org/nomination/archive/list.php?prize=5&year=2022,sealed_or_not_published,,nominations_sealed
2022,medicine,True,1011,Svante Pääbo,1,received,for his discoveries concerning the genomes of extinct hominins and human evolution,,2022-10-03,10000000,11162900,https://www.nobelprize.org/prizes/medicine/2022/summary/,https://api.nobelprize.org/2/nobelPrize/med/2022,https://www.nobelprize.org/nomination/archive/list.php?prize=3&year=2022,sealed_or_not_published,,nominations_sealed
2022,literature,True,1017,Annie Ernaux,1,received,"for the courage and clinical acuity with which she uncovers the roots, estrangements and collective restraints of personal memory",,2022-10-06,10000000,11162900,https://www.nobelprize.org/prizes/literature/2022/summary/,https://api.nobelprize.org/2/nobelPrize/lit/2022,https://www.nobelprize.org/nomination/archive/list.php?prize=4&year=2022,sealed_or_not_published,,nominations_sealed
2022,economics,True,1021 | 1022 | 1023,Ben Bernanke | Douglas Diamond | Philip Dybvig,1/3 | 1/3 | 1/3,received | received | received,for research on banks and financial crises | for research on banks and financial crises | for research on banks and financial crises,,2011-10-10,10000000,11162900,https://www.nobelprize.org/prizes/economic-sciences/2022/summary/,https://api.nobelprize.org/2/nobelPrize/eco/2022,https://www.nobelprize.org/nomination/archive/list.php?prize=6&year=2022,not_in_public_archive,,not_in_alfred_nobels_will
2022,chemistry,True,1015 | 1016 | 743,Carolyn Bertozzi | Morten Meldal | K. Barry Sharpless,1/3 | 1/3 | 1/3,received | received | received,for the development of click chemistry and bioorthogonal chemistry | for the development of click chemistry and bioorthogonal chemistry | for the development of click chemistry and bioorthogonal chemistry,,2022-10-05,10000000,11162900,https://www.nobelprize.org/prizes/chemistry/2022/summary/,https://api.nobelprize.org/2/nobelPrize/che/2022,https://www.nobelprize.org/nomination/archive/list.php?prize=2&year=2022,sealed_or_not_published,,nominations_sealed | v1_v2_name_differs
2021,physics,True,999 | 1000 | 1001,Syukuro Manabe | Klaus Hasselmann | Giorgio Parisi,1/4 | 1/4 | 1/2,received | received | received,"for the physical modelling of Earth’s climate, quantifying variability and reliably predicting global warming | for the physical modelling of Earth’s climate, quantifying variability and reliably predicting global warming | for the discovery of the interplay of disorder and fluctuations in physical systems from atomic to planetary scales",for groundbreaking contributions to our understanding of complex physical systems,2021-10-05,10000000,12096939,https://www.nobelprize.org/prizes/physics/2021/summary/,https://api.nobelprize.org/2/nobelPrize/phy/2021,https://www.nobelprize.org/nomination/archive/list.php?prize=1&year=2021,sealed_or_not_published,,nominations_sealed
2021,peace,True,1005 | 1006,Maria Ressa | Dmitry Muratov,1/2 | 1/2,received | received,"for their efforts to safeguard freedom of expression, which is a precondition for democracy and lasting peace | for their efforts to safeguard freedom of expression, which is a precondition for democracy and lasting peace",,2021-10-08,10000000,12096939,https://www.nobelprize.org/prizes/peace/2021/summary/,https://api.nobelprize.org/2/nobelPrize/pea/2021,https://www.nobelprize.org/nomination/archive/list.php?prize=5&year=2021,sealed_or_not_published,,nominations_sealed
2021,medicine,True,997 | 998,David Julius | Ardem Patapoutian,1/2 | 1/2,received | received,for their discoveries of receptors for temperature and touch | for their discoveries of receptors for temperature and touch,,2021-10-04,10000000,12096939,https://www.nobelprize.org/prizes/medicine/2021/summary/,https://api.nobelprize.org/2/nobelPrize/med/2021,https://www.nobelprize.org/nomination/archive/list.php?prize=3&year=2021,sealed_or_not_published,,nominations_sealed
2021,literature,True,1004,Abdulrazak Gurnah,1,received,for his uncompromising and compassionate penetration of the effects of colonialism and the fate of the refugee in the gulf between cultures and continents,,2021-10-07,10000000,12096939,https://www.nobelprize.org/prizes/literature/2021/summary/,https://api.nobelprize.org/2/nobelPrize/lit/2021,https://www.nobelprize.org/nomination/archive/list.php?prize=4&year=2021,sealed_or_not_published,,nominations_sealed
2021,economics,True,1007 | 1008 | 1009,David Card | Joshua D. Angrist | Guido W. Imbens,1/2 | 1/4 | 1/4,received | received | received,for his empirical contributions to labour economics | for their methodological contributions to the analysis of causal relationships | for their methodological contributions to the analysis of causal relationships,,2021-10-11,10000000,12096939,https://www.nobelprize.org/prizes/economic-sciences/2021/summary/,https://api.nobelprize.org/2/nobelPrize/eco/2021,https://www.nobelprize.org/nomination/archive/list.php?prize=6&year=2021,not_in_public_archive,,not_in_alfred_nobels_will | v1_v2_name_differs
2021,chemistry,True,1002 | 1003,Benjamin List | David W.C. MacMillan,1/2 | 1/2,received | received,for the development of asymmetric organocatalysis | for the development of asymmetric organocatalysis,,2021-10-06,10000000,12096939,https://www.nobelprize.org/prizes/chemistry/2021/summary/,https://api.nobelprize.org/2/nobelPrize/che/2021,https://www.nobelprize.org/nomination/archive/list.php?prize=2&year=2021,sealed_or_not_published,,nominations_sealed | v1_v2_name_differs
2020,physics,True,988 | 989 | 990,Roger Penrose | Reinhard Genzel | Andrea Ghez,1/2 | 1/4 | 1/4,received | received | received,for the discovery that black hole formation is a robust prediction of the general theory of relativity | for the discovery of a supermassive compact object at the centre of our galaxy | for the discovery of a supermassive compact object at the centre of our galaxy,,2020-10-06,10000000,12361835,https://www.nobelprize.org/prizes/physics/2020/summary/,https://api.nobelprize.org/2/nobelPrize/phy/2020,https://www.nobelprize.org/nomination/archive/list.php?prize=1&year=2020,sealed_or_not_published,,nominations_sealed
2020,peace,True,994,World Food Programme,1,received,"for its efforts to combat hunger, for its contribution to bettering conditions for peace in conflict-affected areas and for acting as a driving force in efforts to prevent the use of hunger as a weapon of war and conflict",,2020-10-09,10000000,12361835,https://www.nobelprize.org/prizes/peace/2020/summary/,https://api.nobelprize.org/2/nobelPrize/pea/2020,https://www.nobelprize.org/nomination/archive/list.php?prize=5&year=2020,sealed_or_not_published,,nominations_sealed
2020,medicine,True,985 | 986 | 987,Harvey J. Alter | Michael Houghton | Charles M. Rice,1/3 | 1/3 | 1/3,received | received | received,for the discovery of Hepatitis C virus | for the discovery of Hepatitis C virus | for the discovery of Hepatitis C virus,,2020-10-05,10000000,12361835,https://www.nobelprize.org/prizes/medicine/2020/summary/,https://api.nobelprize.org/2/nobelPrize/med/2020,https://www.nobelprize.org/nomination/archive/list.php?prize=3&year=2020,sealed_or_not_published,,nominations_sealed | v1_v2_name_differs
2020,literature,True,993,Louise Glück,1,received,for her unmistakable poetic voice that with austere beauty makes individual existence universal,,2020-10-08,10000000,12361835,https://www.nobelprize.org/prizes/literature/2020/summary/,https://api.nobelprize.org/2/nobelPrize/lit/2020,https://www.nobelprize.org/nomination/archive/list.php?prize=4&year=2020,sealed_or_not_published,,nominations_sealed
2020,economics,True,995 | 996,Paul R. Milgrom | Robert B. Wilson,1/2 | 1/2,received | received,for improvements to auction theory and inventions of new auction formats | for improvements to auction theory and inventions of new auction formats,,2020-10-12,10000000,12361835,https://www.nobelprize.org/prizes/economic-sciences/2020/summary/,https://api.nobelprize.org/2/nobelPrize/eco/2020,https://www.nobelprize.org/nomination/archive/list.php?prize=6&year=2020,not_in_public_archive,,not_in_alfred_nobels_will | v1_v2_name_differs
2020,chemistry,True,991 | 992,Emmanuelle Charpentier | Jennifer A. Doudna,1/2 | 1/2,received | received,for the development of a method for genome editing | for the development of a method for genome editing,,2020-10-07,10000000,12361835,https://www.nobelprize.org/prizes/chemistry/2020/summary/,https://api.nobelprize.org/2/nobelPrize/che/2020,https://www.nobelprize.org/nomination/archive/list.php?prize=2&year=2020,sealed_or_not_published,,nominations_sealed
2019,physics,True,973 | 974 | 975,James Peebles | Michel Mayor | Didier Queloz,1/2 | 1/4 | 1/4,received | received | received,for theoretical discoveries in physical cosmology | for the discovery of an exoplanet orbiting a solar-type star | for the discovery of an exoplanet orbiting a solar-type star,for contributions to our understanding of the evolution of the universe and Earth’s place in the cosmos,2019-10-08,9000000,11178104,https://www.nobelprize.org/prizes/physics/2019/summary/,https://api.nobelprize.org/2/nobelPrize/phy/2019,https://www.nobelprize.org/nomination/archive/list.php?prize=1&year=2019,sealed_or_not_published,,nominations_sealed
2019,peace,True,981,Abiy Ahmed Ali,1,received,"for his efforts to achieve peace and international cooperation, and in particular for his decisive initiative to resolve the border conflict with neighbouring Eritrea",,2019-10-11,9000000,11178104,https://www.nobelprize.org/prizes/peace/2019/summary/,https://api.nobelprize.org/2/nobelPrize/pea/2019,https://www.nobelprize.org/nomination/archive/list.php?prize=5&year=2019,sealed_or_not_published,,nominations_sealed
2019,medicine,True,970 | 971 | 972,William G. Kaelin Jr | Sir Peter J. Ratcliffe | Gregg L. Semenza,1/3 | 1/3 | 1/3,received | received | received,for their discoveries of how cells sense and adapt to oxygen availability | for their discoveries of how cells sense and adapt to oxygen availability | for their discoveries of how cells sense and adapt to oxygen availability,,2019-10-07,9000000,11178104,https://www.nobelprize.org/prizes/medicine/2019/summary/,https://api.nobelprize.org/2/nobelPrize/med/2019,https://www.nobelprize.org/nomination/archive/list.php?prize=3&year=2019,sealed_or_not_published,,nominations_sealed | v1_v2_name_differs
2019,literature,True,980,Peter Handke,1,received,for an influential work that with linguistic ingenuity has explored the periphery and the specificity of human experience,,2019-10-10,9000000,11178104,https://www.nobelprize.org/prizes/literature/2019/summary/,https://api.nobelprize.org/2/nobelPrize/lit/2019,https://www.nobelprize.org/nomination/archive/list.php?prize=4&year=2019,sealed_or_not_published,,nominations_sealed
2019,economics,True,982 | 983 | 984,Abhijit Banerjee | Esther Duflo | Michael Kremer,1/3 | 1/3 | 1/3,received | received | received,for their experimental approach to alleviating global poverty | for their experimental approach to alleviating global poverty | for their experimental approach to alleviating global poverty,,2019-10-14,9000000,11178104,https://www.nobelprize.org/prizes/economic-sciences/2019/summary/,https://api.nobelprize.org/2/nobelPrize/eco/2019,https://www.nobelprize.org/nomination/archive/list.php?prize=6&year=2019,not_in_public_archive,,not_in_alfred_nobels_will
2019,chemistry,True,976 | 977 | 978,John B. Goodenough | M. Stanley Whittingham | Akira Yoshino,1/3 | 1/3 | 1/3,received | received | received,for the development of lithium-ion batteries | for the development of lithium-ion batteries | for the development of lithium-ion batteries,,2019-10-09,9000000,11178104,https://www.nobelprize.org/prizes/chemistry/2019/summary/,https://api.nobelprize.org/2/nobelPrize/che/2019,https://www.nobelprize.org/nomination/archive/list.php?prize=2&year=2019,sealed_or_not_published,,nominations_sealed | v1_v2_name_differs
2018,physics,True,960 | 961 | 962,Arthur Ashkin | Gérard Mourou | Donna Strickland,1/2 | 1/4 | 1/4,received | received | received,"for the optical tweezers and their application to biological systems | for their method of generating high-intensity, ultra-short optical pulses | for their method of generating high-intensity, ultra-short optical pulses",for groundbreaking inventions in the field of laser physics,2018-10-02,9000000,11380800,https://www.nobelprize.org/prizes/physics/2018/summary/,https://api.nobelprize.org/2/nobelPrize/phy/2018,https://www.nobelprize.org/nomination/archive/list.php?prize=1&year=2018,sealed_or_not_published,,nominations_sealed
2018,peace,True,966 | 967,Denis Mukwege | Nadia Murad,1/2 | 1/2,received | received,for their efforts to end the use of sexual violence as a weapon of war and armed conflict | for their efforts to end the use of sexual violence as a weapon of war and armed conflict,,2018-10-05,9000000,11380800,https://www.nobelprize.org/prizes/peace/2018/summary/,https://api.nobelprize.org/2/nobelPrize/pea/2018,https://www.nobelprize.org/nomination/archive/list.php?prize=5&year=2018,sealed_or_not_published,,nominations_sealed
2018,medicine,True,958 | 959,James P. Allison | Tasuku Honjo,1/2 | 1/2,received | received,for their discovery of cancer therapy by inhibition of negative immune regulation | for their discovery of cancer therapy by inhibition of negative immune regulation,,2018-10-01,9000000,11380800,https://www.nobelprize.org/prizes/medicine/2018/summary/,https://api.nobelprize.org/2/nobelPrize/med/2018,https://www.nobelprize.org/nomination/archive/list.php?prize=3&year=2018,sealed_or_not_published,,nominations_sealed
2018,literature,True,979,Olga Tokarczuk,1,received,for a narrative imagination that with encyclopedic passion represents the crossing of boundaries as a form of life,,2019-10-10,9000000,11178104,https://www.nobelprize.org/prizes/literature/2018/summary/,https://api.nobelprize.org/2/nobelPrize/lit/2018,https://www.nobelprize.org/nomination/archive/list.php?prize=4&year=2018,sealed_or_not_published,,nominations_sealed
2018,economics,True,968 | 969,William D. Nordhaus | Paul M. Romer,1/2 | 1/2,received | received,for integrating climate change into long-run macroeconomic analysis | for integrating technological innovations into long-run macroeconomic analysis,,2018-10-01,9000000,11380800,https://www.nobelprize.org/prizes/economic-sciences/2018/summary/,https://api.nobelprize.org/2/nobelPrize/eco/2018,https://www.nobelprize.org/nomination/archive/list.php?prize=6&year=2018,not_in_public_archive,,not_in_alfred_nobels_will
2018,chemistry,True,963 | 964 | 965,Frances H. Arnold | George P. Smith | Sir Gregory P. Winter,1/2 | 1/4 | 1/4,received | received | received,for the directed evolution of enzymes | for the phage display of peptides and antibodies | for the phage display of peptides and antibodies,,2018-10-03,9000000,11380800,https://www.nobelprize.org/prizes/chemistry/2018/summary/,https://api.nobelprize.org/2/nobelPrize/che/2018,https://www.nobelprize.org/nomination/archive/list.php?prize=2&year=2018,sealed_or_not_published,,nominations_sealed
2017,physics,True,941 | 942 | 943,Rainer Weiss | Barry C. Barish | Kip S. Thorne,1/2 | 1/4 | 1/4,received | received | received,for decisive contributions to the LIGO detector and the observation of gravitational waves | for decisive contributions to the LIGO detector and the observation of gravitational waves | for decisive contributions to the LIGO detector and the observation of gravitational waves,,2017-10-03,9000000,11603589,https://www.nobelprize.org/prizes/physics/2017/summary/,https://api.nobelprize.org/2/nobelPrize/phy/2017,https://www.nobelprize.org/nomination/archive/list.php?prize=1&year=2017,sealed_or_not_published,,nominations_sealed
2017,peace,True,948,International Campaign to Abolish Nuclear Weapons,1,received,for its work to draw attention to the catastrophic humanitarian consequences of any use of nuclear weapons and for its ground-breaking efforts to achieve a treaty-based prohibition of such weapons,,2017-10-06,9000000,11603589,https://www.nobelprize.org/prizes/peace/2017/summary/,https://api.nobelprize.org/2/nobelPrize/pea/2017,https://www.nobelprize.org/nomination/archive/list.php?prize=5&year=2017,sealed_or_not_published,,nominations_sealed
2017,medicine,True,938 | 939 | 940,Jeffrey C. Hall | Michael Rosbash | Michael W. Young,1/3 | 1/3 | 1/3,received | received | received,for their discoveries of molecular mechanisms controlling the circadian rhythm | for their discoveries of molecular mechanisms controlling the circadian rhythm | for their discoveries of molecular mechanisms controlling the circadian rhythm,,2017-10-02,9000000,11603589,https://www.nobelprize.org/prizes/medicine/2017/summary/,https://api.nobelprize.org/2/nobelPrize/med/2017,https://www.nobelprize.org/nomination/archive/list.php?prize=3&year=2017,sealed_or_not_published,,nominations_sealed
2017,literature,True,947,Kazuo Ishiguro,1,received,"who, in novels of great emotional force, has uncovered the abyss beneath our illusory sense of connection with the world",,2017-10-05,9000000,11603589,https://www.nobelprize.org/prizes/literature/2017/summary/,https://api.nobelprize.org/2/nobelPrize/lit/2017,https://www.nobelprize.org/nomination/archive/list.php?prize=4&year=2017,sealed_or_not_published,,nominations_sealed
2017,economics,True,949,Richard H. Thaler,1,received,for his contributions to behavioural economics,,2017-10-09,9000000,11603589,https://www.nobelprize.org/prizes/economic-sciences/2017/summary/,https://api.nobelprize.org/2/nobelPrize/eco/2017,https://www.nobelprize.org/nomination/archive/list.php?prize=6&year=2017,not_in_public_archive,,not_in_alfred_nobels_will
2017,chemistry,True,944 | 945 | 946,Jacques Dubochet | Joachim Frank | Richard Henderson,1/3 | 1/3 | 1/3,received | received | received,for developing cryo-electron microscopy for the high-resolution structure determination of biomolecules in solution | for developing cryo-electron microscopy for the high-resolution structure determination of biomolecules in solution | for developing cryo-electron microscopy for the high-resolution structure determination of biomolecules in solution,,2017-10-04,9000000,11603589,https://www.nobelprize.org/prizes/chemistry/2017/summary/,https://api.nobelprize.org/2/nobelPrize/che/2017,https://www.nobelprize.org/nomination/archive/list.php?prize=2&year=2017,sealed_or_not_published,,nominations_sealed
2016,physics,True,928 | 929 | 930,David J. Thouless | F. Duncan M. Haldane | J. Michael Kosterlitz,1/2 | 1/4 | 1/4,received | received | received,for theoretical discoveries of topological phase transitions and topological phases of matter | for theoretical discoveries of topological phase transitions and topological phases of matter | for theoretical discoveries of topological phase transitions and topological phases of matter,,2016-10-04,8000000,10496956,https://www.nobelprize.org/prizes/physics/2016/summary/,https://api.nobelprize.org/2/nobelPrize/phy/2016,https://www.nobelprize.org/nomination/archive/list.php?prize=1&year=2016,sealed_or_not_published,,nominations_sealed
2016,peace,True,934,Juan Manuel Santos,1,received,for his resolute efforts to bring the country's more than 50-year-long civil war to an end,,2016-10-07,8000000,10496956,https://www.nobelprize.org/prizes/peace/2016/summary/,https://api.nobelprize.org/2/nobelPrize/pea/2016,https://www.nobelprize.org/nomination/archive/list.php?prize=5&year=2016,sealed_or_not_published,,nominations_sealed
2016,medicine,True,927,Yoshinori Ohsumi,1,received,for his discoveries of mechanisms for autophagy,,2016-10-03,8000000,10496956,https://www.nobelprize.org/prizes/medicine/2016/summary/,https://api.nobelprize.org/2/nobelPrize/med/2016,https://www.nobelprize.org/nomination/archive/list.php?prize=3&year=2016,sealed_or_not_published,,nominations_sealed
2016,literature,True,937,Bob Dylan,1,received,for having created new poetic expressions within the great American song tradition,,2016-10-13,8000000,10496956,https://www.nobelprize.org/prizes/literature/2016/summary/,https://api.nobelprize.org/2/nobelPrize/lit/2016,https://www.nobelprize.org/nomination/archive/list.php?prize=4&year=2016,sealed_or_not_published,,nominations_sealed
2016,economics,True,935 | 936,Oliver Hart | Bengt Holmström,1/2 | 1/2,received | received,for their contributions to contract theory | for their contributions to contract theory,,2016-10-10,8000000,10496956,https://www.nobelprize.org/prizes/economic-sciences/2016/summary/,https://api.nobelprize.org/2/nobelPrize/eco/2016,https://www.nobelprize.org/nomination/archive/list.php?prize=6&year=2016,not_in_public_archive,,not_in_alfred_nobels_will
2016,chemistry,True,931 | 932 | 933,Jean-Pierre Sauvage | Sir J. Fraser Stoddart | Bernard L. Feringa,1/3 | 1/3 | 1/3,received | received | received,for the design and synthesis of molecular machines | for the design and synthesis of molecular machines | for the design and synthesis of molecular machines,,2016-10-05,8000000,10496956,https://www.nobelprize.org/prizes/chemistry/2016/summary/,https://api.nobelprize.org/2/nobelPrize/che/2016,https://www.nobelprize.org/nomination/archive/list.php?prize=2&year=2016,sealed_or_not_published,,nominations_sealed
2015,physics,True,919 | 920,Takaaki Kajita | Arthur B. McDonald,1/2 | 1/2,received | received,"for the discovery of neutrino oscillations, which shows that neutrinos have mass | for the discovery of neutrino oscillations, which shows that neutrinos have mass",,2015-10-06,8000000,10602571,https://www.nobelprize.org/prizes/physics/2015/summary/,https://api.nobelprize.org/2/nobelPrize/phy/2015,https://www.nobelprize.org/nomination/archive/list.php?prize=1&year=2015,sealed_or_not_published,,nominations_sealed
2015,peace,True,925,National Dialogue Quartet,1,received,for its decisive contribution to the building of a pluralistic democracy in Tunisia in the wake of the Jasmine Revolution of 2011,,2015-10-09,8000000,10602571,https://www.nobelprize.org/prizes/peace/2015/summary/,https://api.nobelprize.org/2/nobelPrize/pea/2015,https://www.nobelprize.org/nomination/archive/list.php?prize=5&year=2015,sealed_or_not_published,,nominations_sealed
2015,medicine,True,916 | 917 | 918,William C. Campbell | Satoshi Ōmura | Tu Youyou,1/4 | 1/4 | 1/2,received | received | received,for their discoveries concerning a novel therapy against infections caused by roundworm parasites | for their discoveries concerning a novel therapy against infections caused by roundworm parasites | for her discoveries concerning a novel therapy against Malaria,,2015-10-05,8000000,10602571,https://www.nobelprize.org/prizes/medicine/2015/summary/,https://api.nobelprize.org/2/nobelPrize/med/2015,https://www.nobelprize.org/nomination/archive/list.php?prize=3&year=2015,sealed_or_not_published,,nominations_sealed | v1_v2_name_differs
2015,literature,True,924,Svetlana Alexievich,1,received,"for her polyphonic writings, a monument to suffering and courage in our time",,2015-10-08,8000000,10602571,https://www.nobelprize.org/prizes/literature/2015/summary/,https://api.nobelprize.org/2/nobelPrize/lit/2015,https://www.nobelprize.org/nomination/archive/list.php?prize=4&year=2015,sealed_or_not_published,,nominations_sealed
2015,economics,True,926,Angus Deaton,1,received,"for his analysis of consumption, poverty, and welfare",,2015-10-12,8000000,10602571,https://www.nobelprize.org/prizes/economic-sciences/2015/summary/,https://api.nobelprize.org/2/nobelPrize/eco/2015,https://www.nobelprize.org/nomination/archive/list.php?prize=6&year=2015,not_in_public_archive,,not_in_alfred_nobels_will
2015,chemistry,True,921 | 922 | 923,Tomas Lindahl | Paul Modrich | Aziz Sancar,1/3 | 1/3 | 1/3,received | received | received,for mechanistic studies of DNA repair | for mechanistic studies of DNA repair | for mechanistic studies of DNA repair,,2015-10-07,8000000,10602571,https://www.nobelprize.org/prizes/chemistry/2015/summary/,https://api.nobelprize.org/2/nobelPrize/che/2015,https://www.nobelprize.org/nomination/archive/list.php?prize=2&year=2015,sealed_or_not_published,,nominations_sealed
2014,physics,True,906 | 907 | 908,Isamu Akasaki | Hiroshi Amano | Shuji Nakamura,1/3 | 1/3 | 1/3,received | received | received,for the invention of efficient blue light-emitting diodes which has enabled bright and energy-saving white light sources | for the invention of efficient blue light-emitting diodes which has enabled bright and energy-saving white light sources | for the invention of efficient blue light-emitting diodes which has enabled bright and energy-saving white light sources,,2014-10-07,8000000,10596648,https://www.nobelprize.org/prizes/physics/2014/summary/,https://api.nobelprize.org/2/nobelPrize/phy/2014,https://www.nobelprize.org/nomination/archive/list.php?prize=1&year=2014,sealed_or_not_published,,nominations_sealed
2014,peace,True,913 | 914,Kailash Satyarthi | Malala Yousafzai,1/2 | 1/2,received | received,for their struggle against the suppression of children and young people and for the right of all children to education | for their struggle against the suppression of children and young people and for the right of all children to education,,2014-10-10,8000000,10596648,https://www.nobelprize.org/prizes/peace/2014/summary/,https://api.nobelprize.org/2/nobelPrize/pea/2014,https://www.nobelprize.org/nomination/archive/list.php?prize=5&year=2014,sealed_or_not_published,,nominations_sealed
2014,medicine,True,903 | 904 | 905,John O'Keefe | May-Britt Moser | Edvard I. Moser,1/2 | 1/4 | 1/4,received | received | received,for their discoveries of cells that constitute a positioning system in the brain | for their discoveries of cells that constitute a positioning system in the brain | for their discoveries of cells that constitute a positioning system in the brain,,2014-10-06,8000000,10596648,https://www.nobelprize.org/prizes/medicine/2014/summary/,https://api.nobelprize.org/2/nobelPrize/med/2014,https://www.nobelprize.org/nomination/archive/list.php?prize=3&year=2014,sealed_or_not_published,,nominations_sealed
2014,literature,True,912,Patrick Modiano,1,received,for the art of memory with which he has evoked the most ungraspable human destinies and uncovered the life-world of the occupation,,2014-10-09,8000000,10596648,https://www.nobelprize.org/prizes/literature/2014/summary/,https://api.nobelprize.org/2/nobelPrize/lit/2014,https://www.nobelprize.org/nomination/archive/list.php?prize=4&year=2014,sealed_or_not_published,,nominations_sealed
2014,economics,True,915,Jean Tirole,1,received,for his analysis of market power and regulation,,2014-10-13,8000000,10596648,https://www.nobelprize.org/prizes/economic-sciences/2014/summary/,https://api.nobelprize.org/2/nobelPrize/eco/2014,https://www.nobelprize.org/nomination/archive/list.php?prize=6&year=2014,not_in_public_archive,,not_in_alfred_nobels_will
2014,chemistry,True,909 | 910 | 911,Eric Betzig | Stefan W. Hell | William E. Moerner,1/3 | 1/3 | 1/3,received | received | received,for the development of super-resolved fluorescence microscopy | for the development of super-resolved fluorescence microscopy | for the development of super-resolved fluorescence microscopy,,2014-10-08,8000000,10596648,https://www.nobelprize.org/prizes/chemistry/2014/summary/,https://api.nobelprize.org/2/nobelPrize/che/2014,https://www.nobelprize.org/nomination/archive/list.php?prize=2&year=2014,sealed_or_not_published,,nominations_sealed
2013,physics,True,887 | 888,François Englert | Peter Higgs,1/2 | 1/2,received | received,"for the theoretical discovery of a mechanism that contributes to our understanding of the origin of mass of subatomic particles, and which recently was confirmed through the discovery of the predicted fundamental particle, by the ATLAS and CMS experiments at CERN's Large Hadron Collider | for the theoretical discovery of a mechanism that contributes to our understanding of the origin of mass of subatomic particles, and which recently was confirmed through the discovery of the predicted fundamental particle, by the ATLAS and CMS experiments at CERN's Large Hadron Collider",,2013-10-08,8000000,10578918,https://www.nobelprize.org/prizes/physics/2013/summary/,https://api.nobelprize.org/2/nobelPrize/phy/2013,https://www.nobelprize.org/nomination/archive/list.php?prize=1&year=2013,sealed_or_not_published,,nominations_sealed
2013,peace,True,893,Organisation for the Prohibition of Chemical Weapons,1,received,for its extensive efforts to eliminate chemical weapons,,2013-10-11,8000000,10578918,https://www.nobelprize.org/prizes/peace/2013/summary/,https://api.nobelprize.org/2/nobelPrize/pea/2013,https://www.nobelprize.org/nomination/archive/list.php?prize=5&year=2013,sealed_or_not_published,,nominations_sealed
2013,medicine,True,884 | 885 | 886,James E. Rothman | Randy W. Schekman | Thomas C. Südhof,1/3 | 1/3 | 1/3,received | received | received,"for their discoveries of machinery regulating vesicle traffic, a major transport system in our cells | for their discoveries of machinery regulating vesicle traffic, a major transport system in our cells | for their discoveries of machinery regulating vesicle traffic, a major transport system in our cells",,2013-10-07,8000000,10578918,https://www.nobelprize.org/prizes/medicine/2013/summary/,https://api.nobelprize.org/2/nobelPrize/med/2013,https://www.nobelprize.org/nomination/archive/list.php?prize=3&year=2013,sealed_or_not_published,,nominations_sealed
2013,literature,True,892,Alice Munro,1,received,master of the contemporary short story,,2013-10-10,8000000,10578918,https://www.nobelprize.org/prizes/literature/2013/summary/,https://api.nobelprize.org/2/nobelPrize/lit/2013,https://www.nobelprize.org/nomination/archive/list.php?prize=4&year=2013,sealed_or_not_published,,nominations_sealed
2013,economics,True,894 | 895 | 896,Eugene F. Fama | Lars Peter Hansen | Robert J. Shiller,1/3 | 1/3 | 1/3,received | received | received,for their empirical analysis of asset prices | for their empirical analysis of asset prices | for their empirical analysis of asset prices,,2013-10-14,8000000,10578918,https://www.nobelprize.org/prizes/economic-sciences/2013/summary/,https://api.nobelprize.org/2/nobelPrize/eco/2013,https://www.nobelprize.org/nomination/archive/list.php?prize=6&year=2013,not_in_public_archive,,not_in_alfred_nobels_will
2013,chemistry,True,889 | 890 | 891,Martin Karplus | Michael Levitt | Arieh Warshel,1/3 | 1/3 | 1/3,received | received | received,for the development of multiscale models for complex chemical systems | for the development of multiscale models for complex chemical systems | for the development of multiscale models for complex chemical systems,,2013-10-09,8000000,10578918,https://www.nobelprize.org/prizes/chemistry/2013/summary/,https://api.nobelprize.org/2/nobelPrize/che/2013,https://www.nobelprize.org/nomination/archive/list.php?prize=2&year=2013,sealed_or_not_published,,nominations_sealed
2012,physics,True,876 | 877,Serge Haroche | David J. Wineland,1/2 | 1/2,received | received,for ground-breaking experimental methods that enable measuring and manipulation of individual quantum systems | for ground-breaking experimental methods that enable measuring and manipulation of individual quantum systems,,2012-10-09,8000000,10573021,https://www.nobelprize.org/prizes/physics/2012/summary/,https://api.nobelprize.org/2/nobelPrize/phy/2012,https://www.nobelprize.org/nomination/archive/list.php?prize=1&year=2012,sealed_or_not_published,,nominations_sealed
2012,peace,True,881,European Union,1,received,"for over six decades contributed to the advancement of peace and reconciliation, democracy and human rights in Europe",,2012-10-12,8000000,10573021,https://www.nobelprize.org/prizes/peace/2012/summary/,https://api.nobelprize.org/2/nobelPrize/pea/2012,https://www.nobelprize.org/nomination/archive/list.php?prize=5&year=2012,sealed_or_not_published,,nominations_sealed
2012,medicine,True,874 | 875,Sir John B. Gurdon | Shinya Yamanaka,1/2 | 1/2,received | received,for the discovery that mature cells can be reprogrammed to become pluripotent | for the discovery that mature cells can be reprogrammed to become pluripotent,,2012-10-08,8000000,10573021,https://www.nobelprize.org/prizes/medicine/2012/summary/,https://api.nobelprize.org/2/nobelPrize/med/2012,https://www.nobelprize.org/nomination/archive/list.php?prize=3&year=2012,sealed_or_not_published,,nominations_sealed
2012,literature,True,880,Mo Yan,1,received,"who with hallucinatory realism merges folk tales, history and the contemporary",,2012-10-11,8000000,10573021,https://www.nobelprize.org/prizes/literature/2012/summary/,https://api.nobelprize.org/2/nobelPrize/lit/2012,https://www.nobelprize.org/nomination/archive/list.php?prize=4&year=2012,sealed_or_not_published,,nominations_sealed
2012,economics,True,882 | 883,Alvin E. Roth | Lloyd S. Shapley,1/2 | 1/2,received | received,for the theory of stable allocations and the practice of market design | for the theory of stable allocations and the practice of market design,,2012-10-15,8000000,10573021,https://www.nobelprize.org/prizes/economic-sciences/2012/summary/,https://api.nobelprize.org/2/nobelPrize/eco/2012,https://www.nobelprize.org/nomination/archive/list.php?prize=6&year=2012,not_in_public_archive,,not_in_alfred_nobels_will
2012,chemistry,True,878 | 879,Robert J. Lefkowitz | Brian Kobilka,1/2 | 1/2,received | received,for studies of G-protein-coupled receptors | for studies of G-protein-coupled receptors,,2012-10-10,8000000,10573021,https://www.nobelprize.org/prizes/chemistry/2012/summary/,https://api.nobelprize.org/2/nobelPrize/che/2012,https://www.nobelprize.org/nomination/archive/list.php?prize=2&year=2012,sealed_or_not_published,,nominations_sealed
2011,physics,True,864 | 865 | 866,Saul Perlmutter | Brian P. Schmidt | Adam G. Riess,1/2 | 1/4 | 1/4,received | received | received,for the discovery of the accelerating expansion of the Universe through observations of distant supernovae | for the discovery of the accelerating expansion of the Universe through observations of distant supernovae | for the discovery of the accelerating expansion of the Universe through observations of distant supernovae,,2011-10-04,10000000,13335208,https://www.nobelprize.org/prizes/physics/2011/summary/,https://api.nobelprize.org/2/nobelPrize/phy/2011,https://www.nobelprize.org/nomination/archive/list.php?prize=1&year=2011,sealed_or_not_published,,nominations_sealed
2011,peace,True,869 | 870 | 871,Ellen Johnson Sirleaf | Leymah Gbowee | Tawakkol Karman,1/3 | 1/3 | 1/3,received | received | received,for their non-violent struggle for the safety of women and for women's rights to full participation in peace-building work | for their non-violent struggle for the safety of women and for women's rights to full participation in peace-building work | for their non-violent struggle for the safety of women and for women's rights to full participation in peace-building work,,2011-10-07,10000000,13335208,https://www.nobelprize.org/prizes/peace/2011/summary/,https://api.nobelprize.org/2/nobelPrize/pea/2011,https://www.nobelprize.org/nomination/archive/list.php?prize=5&year=2011,sealed_or_not_published,,nominations_sealed
2011,medicine,True,861 | 862 | 863,Bruce A. Beutler | Jules A. Hoffmann | Ralph M. Steinman,1/4 | 1/4 | 1/2,received | received | received,for their discoveries concerning the activation of innate immunity | for their discoveries concerning the activation of innate immunity | for his discovery of the dendritic cell and its role in adaptive immunity,,2011-10-03,10000000,13335208,https://www.nobelprize.org/prizes/medicine/2011/summary/,https://api.nobelprize.org/2/nobelPrize/med/2011,https://www.nobelprize.org/nomination/archive/list.php?prize=3&year=2011,sealed_or_not_published,,death_date_before_award_date | nominations_sealed
2011,literature,True,868,Tomas Tranströmer,1,received,"because, through his condensed, translucent images, he gives us fresh access to reality",,2011-10-06,10000000,13335208,https://www.nobelprize.org/prizes/literature/2011/summary/,https://api.nobelprize.org/2/nobelPrize/lit/2011,https://www.nobelprize.org/nomination/archive/list.php?prize=4&year=2011,sealed_or_not_published,,nominations_sealed
2011,economics,True,872 | 873,Thomas J. Sargent | Christopher A. Sims,1/2 | 1/2,received | received,for their empirical research on cause and effect in the macroeconomy | for their empirical research on cause and effect in the macroeconomy,,2011-10-10,10000000,13335208,https://www.nobelprize.org/prizes/economic-sciences/2011/summary/,https://api.nobelprize.org/2/nobelPrize/eco/2011,https://www.nobelprize.org/nomination/archive/list.php?prize=6&year=2011,not_in_public_archive,,not_in_alfred_nobels_will
2011,chemistry,True,867,Dan Shechtman,1,received,for the discovery of quasicrystals,,2011-10-05,10000000,13335208,https://www.nobelprize.org/prizes/chemistry/2011/summary/,https://api.nobelprize.org/2/nobelPrize/che/2011,https://www.nobelprize.org/nomination/archive/list.php?prize=2&year=2011,sealed_or_not_published,,nominations_sealed
2010,physics,True,849 | 850,Andre Geim | Konstantin Novoselov,1/2 | 1/2,received | received,for groundbreaking experiments regarding the two-dimensional material graphene | for groundbreaking experiments regarding the two-dimensional material graphene,,2010-10-05,10000000,13681477,https://www.nobelprize.org/prizes/physics/2010/summary/,https://api.nobelprize.org/2/nobelPrize/phy/2010,https://www.nobelprize.org/nomination/archive/list.php?prize=1&year=2010,sealed_or_not_published,,nominations_sealed
2010,peace,True,855,Liu Xiaobo,1,received,for his long and non-violent struggle for fundamental human rights in China,,2010-10-08,10000000,13681477,https://www.nobelprize.org/prizes/peace/2010/summary/,https://api.nobelprize.org/2/nobelPrize/pea/2010,https://www.nobelprize.org/nomination/archive/list.php?prize=5&year=2010,sealed_or_not_published,,nominations_sealed | v1_v2_name_differs
2010,medicine,True,848,Robert G. Edwards,1,received,for the development of in vitro fertilization,,2010-10-04,10000000,13681477,https://www.nobelprize.org/prizes/medicine/2010/summary/,https://api.nobelprize.org/2/nobelPrize/med/2010,https://www.nobelprize.org/nomination/archive/list.php?prize=3&year=2010,sealed_or_not_published,,nominations_sealed
2010,literature,True,854,Mario Vargas Llosa,1,received,"for his cartography of structures of power and his trenchant images of the individual's resistance, revolt, and defeat",,2010-10-07,10000000,13681477,https://www.nobelprize.org/prizes/literature/2010/summary/,https://api.nobelprize.org/2/nobelPrize/lit/2010,https://www.nobelprize.org/nomination/archive/list.php?prize=4&year=2010,sealed_or_not_published,,nominations_sealed
2010,economics,True,856 | 857 | 858,Peter A. Diamond | Dale T. Mortensen | Christopher A. Pissarides,1/3 | 1/3 | 1/3,received | received | received,for their analysis of markets with search frictions | for their analysis of markets with search frictions | for their analysis of markets with search frictions,,2010-10-11,10000000,13681477,https://www.nobelprize.org/prizes/economic-sciences/2010/summary/,https://api.nobelprize.org/2/nobelPrize/eco/2010,https://www.nobelprize.org/nomination/archive/list.php?prize=6&year=2010,not_in_public_archive,,not_in_alfred_nobels_will
2010,chemistry,True,851 | 852 | 853,Richard F. Heck | Ei-ichi Negishi | Akira Suzuki,1/3 | 1/3 | 1/3,received | received | received,for palladium-catalyzed cross couplings in organic synthesis | for palladium-catalyzed cross couplings in organic synthesis | for palladium-catalyzed cross couplings in organic synthesis,,2010-10-06,10000000,13681477,https://www.nobelprize.org/prizes/chemistry/2010/summary/,https://api.nobelprize.org/2/nobelPrize/che/2010,https://www.nobelprize.org/nomination/archive/list.php?prize=2&year=2010,sealed_or_not_published,,nominations_sealed
2009,physics,True,838 | 839 | 840,Charles K. Kao | Willard S. Boyle | George E. Smith,1/2 | 1/4 | 1/4,received | received | received,for groundbreaking achievements concerning the transmission of light in fibers for optical communication | for the invention of an imaging semiconductor circuit - the CCD sensor | for the invention of an imaging semiconductor circuit - the CCD sensor,,2009-10-06,10000000,13857393,https://www.nobelprize.org/prizes/physics/2009/summary/,https://api.nobelprize.org/2/nobelPrize/phy/2009,https://www.nobelprize.org/nomination/archive/list.php?prize=1&year=2009,sealed_or_not_published,,nominations_sealed
2009,peace,True,845,Barack H. Obama,1,received,for his extraordinary efforts to strengthen international diplomacy and cooperation between peoples,,2009-10-09,10000000,13857393,https://www.nobelprize.org/prizes/peace/2009/summary/,https://api.nobelprize.org/2/nobelPrize/pea/2009,https://www.nobelprize.org/nomination/archive/list.php?prize=5&year=2009,sealed_or_not_published,,nominations_sealed | v1_v2_name_differs
2009,medicine,True,835 | 836 | 837,Elizabeth H. Blackburn | Carol W. Greider | Jack W. Szostak,1/3 | 1/3 | 1/3,received | received | received,for the discovery of how chromosomes are protected by telomeres and the enzyme telomerase | for the discovery of how chromosomes are protected by telomeres and the enzyme telomerase | for the discovery of how chromosomes are protected by telomeres and the enzyme telomerase,,2009-10-05,10000000,13857393,https://www.nobelprize.org/prizes/medicine/2009/summary/,https://api.nobelprize.org/2/nobelPrize/med/2009,https://www.nobelprize.org/nomination/archive/list.php?prize=3&year=2009,sealed_or_not_published,,nominations_sealed
2009,literature,True,844,Herta Müller,1,received,"who, with the concentration of poetry and the frankness of prose, depicts the landscape of the dispossessed",,2009-10-08,10000000,13857393,https://www.nobelprize.org/prizes/literature/2009/summary/,https://api.nobelprize.org/2/nobelPrize/lit/2009,https://www.nobelprize.org/nomination/archive/list.php?prize=4&year=2009,sealed_or_not_published,,nominations_sealed
2009,economics,True,846 | 847,Elinor Ostrom | Oliver E. Williamson,1/2 | 1/2,received | received,"for her analysis of economic governance, especially the commons | for his analysis of economic governance, especially the boundaries of the firm",,2009-10-12,10000000,13857393,https://www.nobelprize.org/prizes/economic-sciences/2009/summary/,https://api.nobelprize.org/2/nobelPrize/eco/2009,https://www.nobelprize.org/nomination/archive/list.php?prize=6&year=2009,not_in_public_archive,,not_in_alfred_nobels_will
2009,chemistry,True,841 | 842 | 843,Venkatraman Ramakrishnan | Thomas A. Steitz | Ada E. Yonath,1/3 | 1/3 | 1/3,received | received | received,for studies of the structure and function of the ribosome | for studies of the structure and function of the ribosome | for studies of the structure and function of the ribosome,,2009-10-07,10000000,13857393,https://www.nobelprize.org/prizes/chemistry/2009/summary/,https://api.nobelprize.org/2/nobelPrize/che/2009,https://www.nobelprize.org/nomination/archive/list.php?prize=2&year=2009,sealed_or_not_published,,nominations_sealed
2008,physics,True,826 | 827 | 828,Yoichiro Nambu | Makoto Kobayashi | Toshihide Maskawa,1/2 | 1/4 | 1/4,received | received | received,for the discovery of the mechanism of spontaneous broken symmetry in subatomic physics | for the discovery of the origin of the broken symmetry which predicts the existence of at least three families of quarks in nature | for the discovery of the origin of the broken symmetry which predicts the existence of at least three families of quarks in nature,,2008-10-07,10000000,13817016,https://www.nobelprize.org/prizes/physics/2008/summary/,https://api.nobelprize.org/2/nobelPrize/phy/2008,https://www.nobelprize.org/nomination/archive/list.php?prize=1&year=2008,sealed_or_not_published,,nominations_sealed
2008,peace,True,833,Martti Ahtisaari,1,received,"for his important efforts, on several continents and over more than three decades, to resolve international conflicts",,2008-10-10,10000000,13817016,https://www.nobelprize.org/prizes/peace/2008/summary/,https://api.nobelprize.org/2/nobelPrize/pea/2008,https://www.nobelprize.org/nomination/archive/list.php?prize=5&year=2008,sealed_or_not_published,,nominations_sealed
2008,medicine,True,823 | 824 | 825,Harald zur Hausen | Françoise Barré-Sinoussi | Luc Montagnier,1/2 | 1/4 | 1/4,received | received | received,for his discovery of human papilloma viruses causing cervical cancer | for their discovery of human immunodeficiency virus | for their discovery of human immunodeficiency virus,,2008-10-06,10000000,13817016,https://www.nobelprize.org/prizes/medicine/2008/summary/,https://api.nobelprize.org/2/nobelPrize/med/2008,https://www.nobelprize.org/nomination/archive/list.php?prize=3&year=2008,sealed_or_not_published,,nominations_sealed
2008,literature,True,832,Jean-Marie Gustave Le Clézio,1,received,"author of new departures, poetic adventure and sensual ecstasy, explorer of a humanity beyond and below the reigning civilization",,2008-10-09,10000000,13817016,https://www.nobelprize.org/prizes/literature/2008/summary/,https://api.nobelprize.org/2/nobelPrize/lit/2008,https://www.nobelprize.org/nomination/archive/list.php?prize=4&year=2008,sealed_or_not_published,,nominations_sealed
2008,economics,True,834,Paul Krugman,1,received,for his analysis of trade patterns and location of economic activity,,2008-10-13,10000000,13817016,https://www.nobelprize.org/prizes/economic-sciences/2008/summary/,https://api.nobelprize.org/2/nobelPrize/eco/2008,https://www.nobelprize.org/nomination/archive/list.php?prize=6&year=2008,not_in_public_archive,,not_in_alfred_nobels_will
2008,chemistry,True,829 | 830 | 831,Osamu Shimomura | Martin Chalfie | Roger Y. Tsien,1/3 | 1/3 | 1/3,received | received | received,"for the discovery and development of the green fluorescent protein, GFP | for the discovery and development of the green fluorescent protein, GFP | for the discovery and development of the green fluorescent protein, GFP",,2008-10-08,10000000,13817016,https://www.nobelprize.org/prizes/chemistry/2008/summary/,https://api.nobelprize.org/2/nobelPrize/che/2008,https://www.nobelprize.org/nomination/archive/list.php?prize=2&year=2008,sealed_or_not_published,,nominations_sealed
2007,physics,True,814 | 815,Albert Fert | Peter Grünberg,1/2 | 1/2,received | received,for the discovery of Giant Magnetoresistance | for the discovery of Giant Magnetoresistance,,2007-10-09,10000000,14291742,https://www.nobelprize.org/prizes/physics/2007/summary/,https://api.nobelprize.org/2/nobelPrize/phy/2007,https://www.nobelprize.org/nomination/archive/list.php?prize=1&year=2007,sealed_or_not_published,,nominations_sealed
2007,peace,True,818 | 819,Intergovernmental Panel on Climate Change | Al Gore,1/2 | 1/2,received | received,"for their efforts to build up and disseminate greater knowledge about man-made climate change, and to lay the foundations for the measures that are needed to counteract such change | for their efforts to build up and disseminate greater knowledge about man-made climate change, and to lay the foundations for the measures that are needed to counteract such change",,2007-10-12,10000000,14291742,https://www.nobelprize.org/prizes/peace/2007/summary/,https://api.nobelprize.org/2/nobelPrize/pea/2007,https://www.nobelprize.org/nomination/archive/list.php?prize=5&year=2007,sealed_or_not_published,,nominations_sealed
2007,medicine,True,811 | 812 | 813,Mario R. Capecchi | Sir Martin J. Evans | Oliver Smithies,1/3 | 1/3 | 1/3,received | received | received,for their discoveries of principles for introducing specific gene modifications in mice by the use of embryonic stem cells | for their discoveries of principles for introducing specific gene modifications in mice by the use of embryonic stem cells | for their discoveries of principles for introducing specific gene modifications in mice by the use of embryonic stem cells,,2007-10-08,10000000,14291742,https://www.nobelprize.org/prizes/medicine/2007/summary/,https://api.nobelprize.org/2/nobelPrize/med/2007,https://www.nobelprize.org/nomination/archive/list.php?prize=3&year=2007,sealed_or_not_published,,nominations_sealed
2007,literature,True,817,Doris Lessing,1,received,"that epicist of the female experience, who with scepticism, fire and visionary power has subjected a divided civilisation to scrutiny",,2007-10-11,10000000,14291742,https://www.nobelprize.org/prizes/literature/2007/summary/,https://api.nobelprize.org/2/nobelPrize/lit/2007,https://www.nobelprize.org/nomination/archive/list.php?prize=4&year=2007,sealed_or_not_published,,nominations_sealed
2007,economics,True,820 | 821 | 822,Leonid Hurwicz | Eric S. Maskin | Roger B. Myerson,1/3 | 1/3 | 1/3,received | received | received,for having laid the foundations of mechanism design theory | for having laid the foundations of mechanism design theory | for having laid the foundations of mechanism design theory,,2007-10-15,10000000,14291742,https://www.nobelprize.org/prizes/economic-sciences/2007/summary/,https://api.nobelprize.org/2/nobelPrize/eco/2007,https://www.nobelprize.org/nomination/archive/list.php?prize=6&year=2007,not_in_public_archive,,not_in_alfred_nobels_will
2007,chemistry,True,816,Gerhard Ertl,1,received,for his studies of chemical processes on solid surfaces,,2007-10-10,10000000,14291742,https://www.nobelprize.org/prizes/chemistry/2007/summary/,https://api.nobelprize.org/2/nobelPrize/che/2007,https://www.nobelprize.org/nomination/archive/list.php?prize=2&year=2007,sealed_or_not_published,,nominations_sealed
2006,physics,True,804 | 805,John C. Mather | George F. Smoot,1/2 | 1/2,received | received,for their discovery of the blackbody form and anisotropy of the cosmic microwave background radiation | for their discovery of the blackbody form and anisotropy of the cosmic microwave background radiation,,2006-10-03,10000000,14608749,https://www.nobelprize.org/prizes/physics/2006/summary/,https://api.nobelprize.org/2/nobelPrize/phy/2006,https://www.nobelprize.org/nomination/archive/list.php?prize=1&year=2006,sealed_or_not_published,,nominations_sealed
2006,peace,True,809 | 810,Muhammad Yunus | Grameen Bank,1/2 | 1/2,received | received,for their efforts to create economic and social development from below | for their efforts to create economic and social development from below,,2006-10-13,10000000,14608749,https://www.nobelprize.org/prizes/peace/2006/summary/,https://api.nobelprize.org/2/nobelPrize/pea/2006,https://www.nobelprize.org/nomination/archive/list.php?prize=5&year=2006,sealed_or_not_published,,nominations_sealed
2006,medicine,True,802 | 803,Andrew Z. Fire | Craig C. Mello,1/2 | 1/2,received | received,for their discovery of RNA interference - gene silencing by double-stranded RNA | for their discovery of RNA interference - gene silencing by double-stranded RNA,,2006-10-02,10000000,14608749,https://www.nobelprize.org/prizes/medicine/2006/summary/,https://api.nobelprize.org/2/nobelPrize/med/2006,https://www.nobelprize.org/nomination/archive/list.php?prize=3&year=2006,sealed_or_not_published,,nominations_sealed
2006,literature,True,808,Orhan Pamuk,1,received,who in the quest for the melancholic soul of his native city has discovered new symbols for the clash and interlacing of cultures,,2006-10-12,10000000,14608749,https://www.nobelprize.org/prizes/literature/2006/summary/,https://api.nobelprize.org/2/nobelPrize/lit/2006,https://www.nobelprize.org/nomination/archive/list.php?prize=4&year=2006,sealed_or_not_published,,nominations_sealed
2006,economics,True,807,Edmund S. Phelps,1,received,for his analysis of intertemporal tradeoffs in macroeconomic policy,,2006-10-09,10000000,14608749,https://www.nobelprize.org/prizes/economic-sciences/2006/summary/,https://api.nobelprize.org/2/nobelPrize/eco/2006,https://www.nobelprize.org/nomination/archive/list.php?prize=6&year=2006,not_in_public_archive,,not_in_alfred_nobels_will
2006,chemistry,True,806,Roger D. Kornberg,1,received,for his studies of the molecular basis of eukaryotic transcription,,2006-10-04,10000000,14608749,https://www.nobelprize.org/prizes/chemistry/2006/summary/,https://api.nobelprize.org/2/nobelPrize/che/2006,https://www.nobelprize.org/nomination/archive/list.php?prize=2&year=2006,sealed_or_not_published,,nominations_sealed
2005,physics,True,791 | 792 | 793,Roy J. Glauber | John L. Hall | Theodor W. Hänsch,1/2 | 1/4 | 1/4,received | received | received,"for his contribution to the quantum theory of optical coherence | for their contributions to the development of laser-based precision spectroscopy, including the optical frequency comb technique | for their contributions to the development of laser-based precision spectroscopy, including the optical frequency comb technique",,2005-10-04,10000000,14809494,https://www.nobelprize.org/prizes/physics/2005/summary/,https://api.nobelprize.org/2/nobelPrize/phy/2005,https://www.nobelprize.org/nomination/archive/list.php?prize=1&year=2005,sealed_or_not_published,,nominations_sealed
2005,peace,True,797 | 798,International Atomic Energy Agency | Mohamed ElBaradei,1/2 | 1/2,received | received,for their efforts to prevent nuclear energy from being used for military purposes and to ensure that nuclear energy for peaceful purposes is used in the safest possible way | for their efforts to prevent nuclear energy from being used for military purposes and to ensure that nuclear energy for peaceful purposes is used in the safest possible way,,2005-10-07,10000000,14809494,https://www.nobelprize.org/prizes/peace/2005/summary/,https://api.nobelprize.org/2/nobelPrize/pea/2005,https://www.nobelprize.org/nomination/archive/list.php?prize=5&year=2005,sealed_or_not_published,,nominations_sealed
2005,medicine,True,789 | 790,Barry J. Marshall | J. Robin Warren,1/2 | 1/2,received | received,for their discovery of the bacterium <i>Helicobacter pylori</i> and its role in gastritis and peptic ulcer disease | for their discovery of the bacterium <i>Helicobacter pylori</i> and its role in gastritis and peptic ulcer disease,,2005-10-03,10000000,14809494,https://www.nobelprize.org/prizes/medicine/2005/summary/,https://api.nobelprize.org/2/nobelPrize/med/2005,https://www.nobelprize.org/nomination/archive/list.php?prize=3&year=2005,sealed_or_not_published,,affiliation_not_published | nominations_sealed
2005,literature,True,801,Harold Pinter,1,received,who in his plays uncovers the precipice under everyday prattle and forces entry into oppression's closed rooms,,2005-10-13,10000000,14809494,https://www.nobelprize.org/prizes/literature/2005/summary/,https://api.nobelprize.org/2/nobelPrize/lit/2005,https://www.nobelprize.org/nomination/archive/list.php?prize=4&year=2005,sealed_or_not_published,,nominations_sealed
2005,economics,True,799 | 800,Robert J. Aumann | Thomas C. Schelling,1/2 | 1/2,received | received,for having enhanced our understanding of conflict and cooperation through game-theory analysis | for having enhanced our understanding of conflict and cooperation through game-theory analysis,,2005-10-10,10000000,14809494,https://www.nobelprize.org/prizes/economic-sciences/2005/summary/,https://api.nobelprize.org/2/nobelPrize/eco/2005,https://www.nobelprize.org/nomination/archive/list.php?prize=6&year=2005,not_in_public_archive,,not_in_alfred_nobels_will
2005,chemistry,True,794 | 795 | 796,Yves Chauvin | Robert H. Grubbs | Richard R. Schrock,1/3 | 1/3 | 1/3,received | received | received,for the development of the metathesis method in organic synthesis | for the development of the metathesis method in organic synthesis | for the development of the metathesis method in organic synthesis,,2005-10-05,10000000,14809494,https://www.nobelprize.org/prizes/chemistry/2005/summary/,https://api.nobelprize.org/2/nobelPrize/che/2005,https://www.nobelprize.org/nomination/archive/list.php?prize=2&year=2005,sealed_or_not_published,,nominations_sealed
2004,physics,True,776 | 777 | 778,David J. Gross | H. David Politzer | Frank Wilczek,1/3 | 1/3 | 1/3,received | received | received,for the discovery of asymptotic freedom in the theory of the strong interaction | for the discovery of asymptotic freedom in the theory of the strong interaction | for the discovery of asymptotic freedom in the theory of the strong interaction,,2004-10-05,10000000,14874529,https://www.nobelprize.org/prizes/physics/2004/summary/,https://api.nobelprize.org/2/nobelPrize/phy/2004,https://www.nobelprize.org/nomination/archive/list.php?prize=1&year=2004,sealed_or_not_published,,nominations_sealed
2004,peace,True,783,Wangari Maathai,1,received,"for her contribution to sustainable development, democracy and peace",,2004-10-08,10000000,14874529,https://www.nobelprize.org/prizes/peace/2004/summary/,https://api.nobelprize.org/2/nobelPrize/pea/2004,https://www.nobelprize.org/nomination/archive/list.php?prize=5&year=2004,sealed_or_not_published,,nominations_sealed
2004,medicine,True,774 | 775,Richard Axel | Linda B. Buck,1/2 | 1/2,received | received,for their discoveries of odorant receptors and the organization of the olfactory system | for their discoveries of odorant receptors and the organization of the olfactory system,,2004-10-04,10000000,14874529,https://www.nobelprize.org/prizes/medicine/2004/summary/,https://api.nobelprize.org/2/nobelPrize/med/2004,https://www.nobelprize.org/nomination/archive/list.php?prize=3&year=2004,sealed_or_not_published,,nominations_sealed
2004,literature,True,782,Elfriede Jelinek,1,received,for her musical flow of voices and counter-voices in novels and plays that with extraordinary linguistic zeal reveal the absurdity of society's clich&eacute;s and their subjugating power,,2004-10-07,10000000,14874529,https://www.nobelprize.org/prizes/literature/2004/summary/,https://api.nobelprize.org/2/nobelPrize/lit/2004,https://www.nobelprize.org/nomination/archive/list.php?prize=4&year=2004,sealed_or_not_published,,nominations_sealed
2004,economics,True,786 | 787,Finn E. Kydland | Edward C. Prescott,1/2 | 1/2,received | received,for their contributions to dynamic macroeconomics: the time consistency of economic policy and the driving forces behind business cycles | for their contributions to dynamic macroeconomics: the time consistency of economic policy and the driving forces behind business cycles,,2004-10-11,10000000,14874529,https://www.nobelprize.org/prizes/economic-sciences/2004/summary/,https://api.nobelprize.org/2/nobelPrize/eco/2004,https://www.nobelprize.org/nomination/archive/list.php?prize=6&year=2004,not_in_public_archive,,not_in_alfred_nobels_will
2004,chemistry,True,779 | 780 | 781,Aaron Ciechanover | Avram Hershko | Irwin Rose,1/3 | 1/3 | 1/3,received | received | received,for the discovery of ubiquitin-mediated protein degradation | for the discovery of ubiquitin-mediated protein degradation | for the discovery of ubiquitin-mediated protein degradation,,2004-10-06,10000000,14874529,https://www.nobelprize.org/prizes/chemistry/2004/summary/,https://api.nobelprize.org/2/nobelPrize/che/2004,https://www.nobelprize.org/nomination/archive/list.php?prize=2&year=2004,sealed_or_not_published,,nominations_sealed
2003,physics,True,766 | 767 | 768,Alexei Abrikosov | Vitaly L. Ginzburg | Anthony J. Leggett,1/3 | 1/3 | 1/3,received | received | received,for pioneering contributions to the theory of superconductors and superfluids | for pioneering contributions to the theory of superconductors and superfluids | for pioneering contributions to the theory of superconductors and superfluids,,2003-10-07,10000000,14930730,https://www.nobelprize.org/prizes/physics/2003/summary/,https://api.nobelprize.org/2/nobelPrize/phy/2003,https://www.nobelprize.org/nomination/archive/list.php?prize=1&year=2003,sealed_or_not_published,,nominations_sealed
2003,peace,True,773,Shirin Ebadi,1,received,for her efforts for democracy and human rights. She has focused especially on the struggle for the rights of women and children,,2003-10-10,10000000,14930730,https://www.nobelprize.org/prizes/peace/2003/summary/,https://api.nobelprize.org/2/nobelPrize/pea/2003,https://www.nobelprize.org/nomination/archive/list.php?prize=5&year=2003,sealed_or_not_published,,nominations_sealed
2003,medicine,True,764 | 765,Paul C. Lauterbur | Sir Peter Mansfield,1/2 | 1/2,received | received,for their discoveries concerning magnetic resonance imaging | for their discoveries concerning magnetic resonance imaging,,2003-10-06,10000000,14930730,https://www.nobelprize.org/prizes/medicine/2003/summary/,https://api.nobelprize.org/2/nobelPrize/med/2003,https://www.nobelprize.org/nomination/archive/list.php?prize=3&year=2003,sealed_or_not_published,,nominations_sealed
2003,literature,True,763,J. M. Coetzee,1,received,who in innumerable guises portrays the surprising involvement of the outsider,,2003-10-02,10000000,14930730,https://www.nobelprize.org/prizes/literature/2003/summary/,https://api.nobelprize.org/2/nobelPrize/lit/2003,https://www.nobelprize.org/nomination/archive/list.php?prize=4&year=2003,sealed_or_not_published,,nominations_sealed
2003,economics,True,771 | 772,Robert F. Engle III | Clive W.J. Granger,1/2 | 1/2,received | received,for methods of analyzing economic time series with time-varying volatility (ARCH) | for methods of analyzing economic time series with common trends (cointegration),,2003-10-08,10000000,14930730,https://www.nobelprize.org/prizes/economic-sciences/2003/summary/,https://api.nobelprize.org/2/nobelPrize/eco/2003,https://www.nobelprize.org/nomination/archive/list.php?prize=6&year=2003,not_in_public_archive,,not_in_alfred_nobels_will
2003,chemistry,True,769 | 770,Peter Agre | Roderick MacKinnon,1/2 | 1/2,received | received,for the discovery of water channels | for structural and mechanistic studies of ion channels,for discoveries concerning channels in cell membranes,2003-10-08,10000000,14930730,https://www.nobelprize.org/prizes/chemistry/2003/summary/,https://api.nobelprize.org/2/nobelPrize/che/2003,https://www.nobelprize.org/nomination/archive/list.php?prize=2&year=2003,sealed_or_not_published,,nominations_sealed
2002,physics,True,753 | 754 | 755,Raymond Davis Jr. | Masatoshi Koshiba | Riccardo Giacconi,1/4 | 1/4 | 1/2,received | received | received,"for pioneering contributions to astrophysics, in particular for the detection of cosmic neutrinos | for pioneering contributions to astrophysics, in particular for the detection of cosmic neutrinos | for pioneering contributions to astrophysics, which have led to the discovery of cosmic X-ray sources",,2002-10-08,10000000,15218228,https://www.nobelprize.org/prizes/physics/2002/summary/,https://api.nobelprize.org/2/nobelPrize/phy/2002,https://www.nobelprize.org/nomination/archive/list.php?prize=1&year=2002,sealed_or_not_published,,nominations_sealed
2002,peace,True,762,Jimmy Carter,1,received,"for his decades of untiring effort to find peaceful solutions to international conflicts, to advance democracy and human rights, and to promote economic and social development",,2002-10-11,10000000,15218228,https://www.nobelprize.org/prizes/peace/2002/summary/,https://api.nobelprize.org/2/nobelPrize/pea/2002,https://www.nobelprize.org/nomination/archive/list.php?prize=5&year=2002,sealed_or_not_published,,nominations_sealed
2002,medicine,True,750 | 751 | 752,Sydney Brenner | H. Robert Horvitz | John E. Sulston,1/3 | 1/3 | 1/3,received | received | received,for their discoveries concerning genetic regulation of organ development and programmed cell death | for their discoveries concerning genetic regulation of organ development and programmed cell death | for their discoveries concerning genetic regulation of organ development and programmed cell death,,2002-10-07,10000000,15218228,https://www.nobelprize.org/prizes/medicine/2002/summary/,https://api.nobelprize.org/2/nobelPrize/med/2002,https://www.nobelprize.org/nomination/archive/list.php?prize=3&year=2002,sealed_or_not_published,,nominations_sealed
2002,literature,True,761,Imre Kertész,1,received,for writing that upholds the fragile experience of the individual against the barbaric arbitrariness of history,,2002-10-10,10000000,15218228,https://www.nobelprize.org/prizes/literature/2002/summary/,https://api.nobelprize.org/2/nobelPrize/lit/2002,https://www.nobelprize.org/nomination/archive/list.php?prize=4&year=2002,sealed_or_not_published,,nominations_sealed
2002,economics,True,759 | 760,Daniel Kahneman | Vernon L. Smith,1/2 | 1/2,received | received,"for having integrated insights from psychological research into economic science, especially concerning human judgment and decision-making under uncertainty | for having established laboratory experiments as a tool in empirical economic analysis, especially in the study of alternative market mechanisms",,2002-10-09,10000000,15218228,https://www.nobelprize.org/prizes/economic-sciences/2002/summary/,https://api.nobelprize.org/2/nobelPrize/eco/2002,https://www.nobelprize.org/nomination/archive/list.php?prize=6&year=2002,not_in_public_archive,,not_in_alfred_nobels_will
2002,chemistry,True,756 | 757 | 758,John B. Fenn | Koichi Tanaka | Kurt Wüthrich,1/4 | 1/4 | 1/2,received | received | received,for their development of soft desorption ionisation methods for mass spectrometric analyses of biological macromolecules | for their development of soft desorption ionisation methods for mass spectrometric analyses of biological macromolecules | for his development of nuclear magnetic resonance spectroscopy for determining the three-dimensional structure of biological macromolecules in solution,for the development of methods for identification and structure analyses of biological macromolecules,2002-10-09,10000000,15218228,https://www.nobelprize.org/prizes/chemistry/2002/summary/,https://api.nobelprize.org/2/nobelPrize/che/2002,https://www.nobelprize.org/nomination/archive/list.php?prize=2&year=2002,sealed_or_not_published,,nominations_sealed
2001,physics,True,738 | 739 | 740,Eric Cornell | Wolfgang Ketterle | Carl Wieman,1/3 | 1/3 | 1/3,received | received | received,"for the achievement of Bose-Einstein condensation in dilute gases of alkali atoms, and for early fundamental studies of the properties of the condensates | for the achievement of Bose-Einstein condensation in dilute gases of alkali atoms, and for early fundamental studies of the properties of the condensates | for the achievement of Bose-Einstein condensation in dilute gases of alkali atoms, and for early fundamental studies of the properties of the condensates",,2001-10-09,10000000,15547541,https://www.nobelprize.org/prizes/physics/2001/summary/,https://api.nobelprize.org/2/nobelPrize/phy/2001,https://www.nobelprize.org/nomination/archive/list.php?prize=1&year=2001,sealed_or_not_published,,nominations_sealed
2001,peace,True,748 | 749,United Nations | Kofi Annan,1/2 | 1/2,received | received,for their work for a better organized and more peaceful world | for their work for a better organized and more peaceful world,,2001-10-12,10000000,15547541,https://www.nobelprize.org/prizes/peace/2001/summary/,https://api.nobelprize.org/2/nobelPrize/pea/2001,https://www.nobelprize.org/nomination/archive/list.php?prize=5&year=2001,sealed_or_not_published,,nominations_sealed
2001,medicine,True,735 | 736 | 737,Leland Hartwell | Tim Hunt | Sir Paul Nurse,1/3 | 1/3 | 1/3,received | received | received,for their discoveries of key regulators of the cell cycle | for their discoveries of key regulators of the cell cycle | for their discoveries of key regulators of the cell cycle,,2001-10-08,10000000,15547541,https://www.nobelprize.org/prizes/medicine/2001/summary/,https://api.nobelprize.org/2/nobelPrize/med/2001,https://www.nobelprize.org/nomination/archive/list.php?prize=3&year=2001,sealed_or_not_published,,nominations_sealed
2001,literature,True,747,V. S. Naipaul,1,received,for having united perceptive narrative and incorruptible scrutiny in works that compel us to see the presence of suppressed histories,,2001-10-11,10000000,15547541,https://www.nobelprize.org/prizes/literature/2001/summary/,https://api.nobelprize.org/2/nobelPrize/lit/2001,https://www.nobelprize.org/nomination/archive/list.php?prize=4&year=2001,sealed_or_not_published,,nominations_sealed
2001,economics,True,744 | 745 | 746,George A. Akerlof | A. Michael Spence | Joseph E. Stiglitz,1/3 | 1/3 | 1/3,received | received | received,for their analyses of markets with asymmetric information | for their analyses of markets with asymmetric information | for their analyses of markets with asymmetric information,,2001-10-10,10000000,15547541,https://www.nobelprize.org/prizes/economic-sciences/2001/summary/,https://api.nobelprize.org/2/nobelPrize/eco/2001,https://www.nobelprize.org/nomination/archive/list.php?prize=6&year=2001,not_in_public_archive,,not_in_alfred_nobels_will
2001,chemistry,True,741 | 742 | 743,William Knowles | Ryoji Noyori | K. Barry Sharpless,1/4 | 1/4 | 1/2,received | received | received,for their work on chirally catalysed hydrogenation reactions | for their work on chirally catalysed hydrogenation reactions | for his work on chirally catalysed oxidation reactions,,2001-10-10,10000000,15547541,https://www.nobelprize.org/prizes/chemistry/2001/summary/,https://api.nobelprize.org/2/nobelPrize/che/2001,https://www.nobelprize.org/nomination/archive/list.php?prize=2&year=2001,sealed_or_not_published,,affiliation_not_published | nominations_sealed | v1_v2_name_differs
2000,physics,True,726 | 727 | 728,Zhores Alferov | Herbert Kroemer | Jack Kilby,1/4 | 1/4 | 1/2,received | received | received,for developing semiconductor heterostructures used in high-speed- and opto-electronics | for developing semiconductor heterostructures used in high-speed- and opto-electronics | for his part in the invention of the integrated circuit,for basic work on information and communication technology,2000-10-10,9000000,14331095,https://www.nobelprize.org/prizes/physics/2000/summary/,https://api.nobelprize.org/2/nobelPrize/phy/2000,https://www.nobelprize.org/nomination/archive/list.php?prize=1&year=2000,sealed_or_not_published,,nominations_sealed
2000,peace,True,725,Kim Dae-jung,1,received,"for his work for democracy and human rights in South Korea and in East Asia in general, and for peace and reconciliation with North Korea in particular",,2000-10-13,9000000,14331095,https://www.nobelprize.org/prizes/peace/2000/summary/,https://api.nobelprize.org/2/nobelPrize/pea/2000,https://www.nobelprize.org/nomination/archive/list.php?prize=5&year=2000,sealed_or_not_published,,nominations_sealed
2000,medicine,True,722 | 723 | 724,Arvid Carlsson | Paul Greengard | Eric Kandel,1/3 | 1/3 | 1/3,received | received | received,for their discoveries concerning signal transduction in the nervous system | for their discoveries concerning signal transduction in the nervous system | for their discoveries concerning signal transduction in the nervous system,,2000-10-09,9000000,14331095,https://www.nobelprize.org/prizes/medicine/2000/summary/,https://api.nobelprize.org/2/nobelPrize/med/2000,https://www.nobelprize.org/nomination/archive/list.php?prize=3&year=2000,sealed_or_not_published,,nominations_sealed
2000,literature,True,734,Gao Xingjian,1,received,"for an œuvre of universal validity, bitter insights and linguistic ingenuity, which has opened new paths for the Chinese novel and drama",,2000-10-12,9000000,14331095,https://www.nobelprize.org/prizes/literature/2000/summary/,https://api.nobelprize.org/2/nobelPrize/lit/2000,https://www.nobelprize.org/nomination/archive/list.php?prize=4&year=2000,sealed_or_not_published,,nominations_sealed | v1_v2_name_differs
2000,economics,True,732 | 733,James J. Heckman | Daniel L. McFadden,1/2 | 1/2,received | received,for his development of theory and methods for analyzing selective samples | for his development of theory and methods for analyzing discrete choice,,2000-10-11,9000000,14331095,https://www.nobelprize.org/prizes/economic-sciences/2000/summary/,https://api.nobelprize.org/2/nobelPrize/eco/2000,https://www.nobelprize.org/nomination/archive/list.php?prize=6&year=2000,not_in_public_archive,,not_in_alfred_nobels_will
2000,chemistry,True,729 | 730 | 731,Alan Heeger | Alan MacDiarmid | Hideki Shirakawa,1/3 | 1/3 | 1/3,received | received | received,for the discovery and development of conductive polymers | for the discovery and development of conductive polymers | for the discovery and development of conductive polymers,,2000-10-10,9000000,14331095,https://www.nobelprize.org/prizes/chemistry/2000/summary/,https://api.nobelprize.org/2/nobelPrize/che/2000,https://www.nobelprize.org/nomination/archive/list.php?prize=2&year=2000,sealed_or_not_published,,nominations_sealed
1999,physics,True,158 | 159,Gerardus 't Hooft | Martinus J.G. Veltman,1/2 | 1/2,received | received,for elucidating the quantum structure of electroweak interactions in physics | for elucidating the quantum structure of electroweak interactions in physics,,1999-10-12,7900000,12707531,https://www.nobelprize.org/prizes/physics/1999/summary/,https://api.nobelprize.org/2/nobelPrize/phy/1999,https://www.nobelprize.org/nomination/archive/list.php?prize=1&year=1999,sealed_or_not_published,,affiliation_not_published | nominations_sealed
1999,peace,True,568,Doctors Without Borders,1,received,in recognition of the organisation's pioneering humanitarian work on several continents,,1999-10-15,7900000,12707531,https://www.nobelprize.org/prizes/peace/1999/summary/,https://api.nobelprize.org/2/nobelPrize/pea/1999,https://www.nobelprize.org/nomination/archive/list.php?prize=5&year=1999,sealed_or_not_published,,nominations_sealed
1999,medicine,True,461,Günter Blobel,1,received,for the discovery that proteins have intrinsic signals that govern their transport and localization in the cell,,1999-10-11,7900000,12707531,https://www.nobelprize.org/prizes/medicine/1999/summary/,https://api.nobelprize.org/2/nobelPrize/med/1999,https://www.nobelprize.org/nomination/archive/list.php?prize=3&year=1999,sealed_or_not_published,,nominations_sealed
1999,literature,True,676,Günter Grass,1,received,whose frolicsome black fables portray the forgotten face of history,,1999-09-30,7900000,12707531,https://www.nobelprize.org/prizes/literature/1999/summary/,https://api.nobelprize.org/2/nobelPrize/lit/1999,https://www.nobelprize.org/nomination/archive/list.php?prize=4&year=1999,sealed_or_not_published,,nominations_sealed
1999,economics,True,720,Robert Mundell,1,received,for his analysis of monetary and fiscal policy under different exchange rate regimes and his analysis of optimum currency areas,,1999-10-13,7900000,12707531,https://www.nobelprize.org/prizes/economic-sciences/1999/summary/,https://api.nobelprize.org/2/nobelPrize/eco/1999,https://www.nobelprize.org/nomination/archive/list.php?prize=6&year=1999,not_in_public_archive,,not_in_alfred_nobels_will
1999,chemistry,True,292,Ahmed Zewail,1,received,for his studies of the transition states of chemical reactions using femtosecond spectroscopy,,1999-10-12,7900000,12707531,https://www.nobelprize.org/prizes/chemistry/1999/summary/,https://api.nobelprize.org/2/nobelPrize/che/1999,https://www.nobelprize.org/nomination/archive/list.php?prize=2&year=1999,sealed_or_not_published,,nominations_sealed
1998,physics,True,155 | 156 | 157,Robert B. Laughlin | Horst L. Störmer | Daniel C. Tsui,1/3 | 1/3 | 1/3,received | received | received,for their discovery of a new form of quantum fluid with fractionally charged excitations | for their discovery of a new form of quantum fluid with fractionally charged excitations | for their discovery of a new form of quantum fluid with fractionally charged excitations,,1998-10-13,7600000,12283299,https://www.nobelprize.org/prizes/physics/1998/summary/,https://api.nobelprize.org/2/nobelPrize/phy/1998,https://www.nobelprize.org/nomination/archive/list.php?prize=1&year=1998,sealed_or_not_published,,nominations_sealed
1998,peace,True,566 | 567,John Hume | David Trimble,1/2 | 1/2,received | received,for their efforts to find a peaceful solution to the conflict in Northern Ireland | for their efforts to find a peaceful solution to the conflict in Northern Ireland,,1998-10-16,7600000,12283299,https://www.nobelprize.org/prizes/peace/1998/summary/,https://api.nobelprize.org/2/nobelPrize/pea/1998,https://www.nobelprize.org/nomination/archive/list.php?prize=5&year=1998,sealed_or_not_published,,nominations_sealed
1998,medicine,True,458 | 459 | 460,Robert F. Furchgott | Louis J. Ignarro | Ferid Murad,1/3 | 1/3 | 1/3,received | received | received,for their discoveries concerning nitric oxide as a signalling molecule in the cardiovascular system | for their discoveries concerning nitric oxide as a signalling molecule in the cardiovascular system | for their discoveries concerning nitric oxide as a signalling molecule in the cardiovascular system,,1998-10-12,7600000,12283299,https://www.nobelprize.org/prizes/medicine/1998/summary/,https://api.nobelprize.org/2/nobelPrize/med/1998,https://www.nobelprize.org/nomination/archive/list.php?prize=3&year=1998,sealed_or_not_published,,nominations_sealed
1998,literature,True,675,José Saramago,1,received,"who with parables sustained by imagination, compassion and irony continually enables us once again to apprehend an elusory reality",,1998-10-08,7600000,12283299,https://www.nobelprize.org/prizes/literature/1998/summary/,https://api.nobelprize.org/2/nobelPrize/lit/1998,https://www.nobelprize.org/nomination/archive/list.php?prize=4&year=1998,sealed_or_not_published,,nominations_sealed
1998,economics,True,719,Amartya Sen,1,received,for his contributions to welfare economics,,1998-10-14,7600000,12283299,https://www.nobelprize.org/prizes/economic-sciences/1998/summary/,https://api.nobelprize.org/2/nobelPrize/eco/1998,https://www.nobelprize.org/nomination/archive/list.php?prize=6&year=1998,not_in_public_archive,,not_in_alfred_nobels_will
1998,chemistry,True,290 | 291,Walter Kohn | John Pople,1/2 | 1/2,received | received,for his development of the density-functional theory | for his development of computational methods in quantum chemistry,,1998-10-13,7600000,12283299,https://www.nobelprize.org/prizes/chemistry/1998/summary/,https://api.nobelprize.org/2/nobelPrize/che/1998,https://www.nobelprize.org/nomination/archive/list.php?prize=2&year=1998,sealed_or_not_published,,nominations_sealed
1997,physics,True,152 | 153 | 154,Steven Chu | Claude Cohen-Tannoudji | William D. Phillips,1/3 | 1/3 | 1/3,received | received | received,for development of methods to cool and trap atoms with laser light | for development of methods to cool and trap atoms with laser light | for development of methods to cool and trap atoms with laser light,,1997-10-15,7500000,12105174,https://www.nobelprize.org/prizes/physics/1997/summary/,https://api.nobelprize.org/2/nobelPrize/phy/1997,https://www.nobelprize.org/nomination/archive/list.php?prize=1&year=1997,sealed_or_not_published,,nominations_sealed
1997,peace,True,564 | 565,International Campaign to Ban Landmines | Jody Williams,1/2 | 1/2,received | received,for their work for the banning and clearing of anti-personnel mines | for their work for the banning and clearing of anti-personnel mines,,1997-10-10,7500000,12105174,https://www.nobelprize.org/prizes/peace/1997/summary/,https://api.nobelprize.org/2/nobelPrize/pea/1997,https://www.nobelprize.org/nomination/archive/list.php?prize=5&year=1997,sealed_or_not_published,,nominations_sealed
1997,medicine,True,457,Stanley B. Prusiner,1,received,for his discovery of Prions - a new biological principle of infection,,1997-10-06,7500000,12105174,https://www.nobelprize.org/prizes/medicine/1997/summary/,https://api.nobelprize.org/2/nobelPrize/med/1997,https://www.nobelprize.org/nomination/archive/list.php?prize=3&year=1997,sealed_or_not_published,,nominations_sealed
1997,literature,True,674,Dario Fo,1,received,who emulates the jesters of the Middle Ages in scourging authority and upholding the dignity of the downtrodden,,1997-10-09,7500000,12105174,https://www.nobelprize.org/prizes/literature/1997/summary/,https://api.nobelprize.org/2/nobelPrize/lit/1997,https://www.nobelprize.org/nomination/archive/list.php?prize=4&year=1997,sealed_or_not_published,,nominations_sealed
1997,economics,True,717 | 718,Robert C. Merton | Myron Scholes,1/2 | 1/2,received | received,for a new method to determine the value of derivatives | for a new method to determine the value of derivatives,,1997-10-14,7500000,12105174,https://www.nobelprize.org/prizes/economic-sciences/1997/summary/,https://api.nobelprize.org/2/nobelPrize/eco/1997,https://www.nobelprize.org/nomination/archive/list.php?prize=6&year=1997,not_in_public_archive,,not_in_alfred_nobels_will
1997,chemistry,True,287 | 288 | 289,Paul D. Boyer | John E. Walker | Jens C. Skou,1/4 | 1/4 | 1/2,received | received | received,"for their elucidation of the enzymatic mechanism underlying the synthesis of adenosine triphosphate (ATP) | for their elucidation of the enzymatic mechanism underlying the synthesis of adenosine triphosphate (ATP) | for the first discovery of an ion-transporting enzyme, Na+, K+ -ATPase",,1997-10-15,7500000,12105174,https://www.nobelprize.org/prizes/chemistry/1997/summary/,https://api.nobelprize.org/2/nobelPrize/che/1997,https://www.nobelprize.org/nomination/archive/list.php?prize=2&year=1997,sealed_or_not_published,,nominations_sealed
1996,physics,True,149 | 150 | 151,David M. Lee | Douglas D. Osheroff | Robert C. Richardson,1/3 | 1/3 | 1/3,received | received | received,for their discovery of superfluidity in helium-3 | for their discovery of superfluidity in helium-3 | for their discovery of superfluidity in helium-3,,1996-10-09,7400000,12000958,https://www.nobelprize.org/prizes/physics/1996/summary/,https://api.nobelprize.org/2/nobelPrize/phy/1996,https://www.nobelprize.org/nomination/archive/list.php?prize=1&year=1996,sealed_or_not_published,,nominations_sealed
1996,peace,True,562 | 563,Carlos Filipe Ximenes Belo | José Ramos-Horta,1/2 | 1/2,received | received,for their work towards a just and peaceful solution to the conflict in East Timor | for their work towards a just and peaceful solution to the conflict in East Timor,,1996-10-11,7400000,12000958,https://www.nobelprize.org/prizes/peace/1996/summary/,https://api.nobelprize.org/2/nobelPrize/pea/1996,https://www.nobelprize.org/nomination/archive/list.php?prize=5&year=1996,sealed_or_not_published,,nominations_sealed
1996,medicine,True,455 | 456,Peter C. Doherty | Rolf M. Zinkernagel,1/2 | 1/2,received | received,for their discoveries concerning the specificity of the cell mediated immune defence | for their discoveries concerning the specificity of the cell mediated immune defence,,1996-10-07,7400000,12000958,https://www.nobelprize.org/prizes/medicine/1996/summary/,https://api.nobelprize.org/2/nobelPrize/med/1996,https://www.nobelprize.org/nomination/archive/list.php?prize=3&year=1996,sealed_or_not_published,,nominations_sealed
1996,literature,True,673,Wisława Szymborska,1,received,for poetry that with ironic precision allows the historical and biological context to come to light in fragments of human reality,,1996-10-03,7400000,12000958,https://www.nobelprize.org/prizes/literature/1996/summary/,https://api.nobelprize.org/2/nobelPrize/lit/1996,https://www.nobelprize.org/nomination/archive/list.php?prize=4&year=1996,sealed_or_not_published,,nominations_sealed
1996,economics,True,715 | 716,James A. Mirrlees | William Vickrey,1/2 | 1/2,received | received,for their fundamental contributions to the economic theory of incentives under asymmetric information | for their fundamental contributions to the economic theory of incentives under asymmetric information,,1996-10-08,7400000,12000958,https://www.nobelprize.org/prizes/economic-sciences/1996/summary/,https://api.nobelprize.org/2/nobelPrize/eco/1996,https://www.nobelprize.org/nomination/archive/list.php?prize=6&year=1996,not_in_public_archive,,not_in_alfred_nobels_will
1996,chemistry,True,284 | 285 | 286,Robert F. Curl Jr. | Sir Harold Kroto | Richard E. Smalley,1/3 | 1/3 | 1/3,received | received | received,for their discovery of fullerenes | for their discovery of fullerenes | for their discovery of fullerenes,,1996-10-09,7400000,12000958,https://www.nobelprize.org/prizes/chemistry/1996/summary/,https://api.nobelprize.org/2/nobelPrize/che/1996,https://www.nobelprize.org/nomination/archive/list.php?prize=2&year=1996,sealed_or_not_published,,nominations_sealed
1995,physics,True,147 | 148,Martin L. Perl | Frederick Reines,1/2 | 1/2,received | received,for the discovery of the tau lepton | for the detection of the neutrino,for pioneering experimental contributions to lepton physics,1995-10-11,7200000,11732784,https://www.nobelprize.org/prizes/physics/1995/summary/,https://api.nobelprize.org/2/nobelPrize/phy/1995,https://www.nobelprize.org/nomination/archive/list.php?prize=1&year=1995,sealed_or_not_published,,nominations_sealed
1995,peace,True,560 | 561,Joseph Rotblat | Pugwash Conferences on Science and World Affairs,1/2 | 1/2,received | received,"for their efforts to diminish the part played by nuclear arms in international politics and, in the longer run, to eliminate such arms | for their efforts to diminish the part played by nuclear arms in international politics and, in the longer run, to eliminate such arms",,1995-10-13,7200000,11732784,https://www.nobelprize.org/prizes/peace/1995/summary/,https://api.nobelprize.org/2/nobelPrize/pea/1995,https://www.nobelprize.org/nomination/archive/list.php?prize=5&year=1995,sealed_or_not_published,,nominations_sealed
1995,medicine,True,452 | 453 | 454,Edward B. Lewis | Christiane Nüsslein-Volhard | Eric F. Wieschaus,1/3 | 1/3 | 1/3,received | received | received,for their discoveries concerning the genetic control of early embryonic development | for their discoveries concerning the genetic control of early embryonic development | for their discoveries concerning the genetic control of early embryonic development,,1995-10-09,7200000,11732784,https://www.nobelprize.org/prizes/medicine/1995/summary/,https://api.nobelprize.org/2/nobelPrize/med/1995,https://www.nobelprize.org/nomination/archive/list.php?prize=3&year=1995,sealed_or_not_published,,nominations_sealed
1995,literature,True,672,Seamus Heaney,1,received,"for works of lyrical beauty and ethical depth, which exalt everyday miracles and the living past",,1995-10-05,7200000,11732784,https://www.nobelprize.org/prizes/literature/1995/summary/,https://api.nobelprize.org/2/nobelPrize/lit/1995,https://www.nobelprize.org/nomination/archive/list.php?prize=4&year=1995,sealed_or_not_published,,nominations_sealed
1995,economics,True,714,Robert E. Lucas Jr.,1,received,"for having developed and applied the hypothesis of rational expectations, and thereby having transformed macroeconomic analysis and deepened our understanding of economic policy",,1995-10-10,7200000,11732784,https://www.nobelprize.org/prizes/economic-sciences/1995/summary/,https://api.nobelprize.org/2/nobelPrize/eco/1995,https://www.nobelprize.org/nomination/archive/list.php?prize=6&year=1995,not_in_public_archive,,not_in_alfred_nobels_will
1995,chemistry,True,281 | 282 | 283,Paul J. Crutzen | Mario J. Molina | F. Sherwood Rowland,1/3 | 1/3 | 1/3,received | received | received,"for their work in atmospheric chemistry, particularly concerning the formation and decomposition of ozone | for their work in atmospheric chemistry, particularly concerning the formation and decomposition of ozone | for their work in atmospheric chemistry, particularly concerning the formation and decomposition of ozone",,1995-10-11,7200000,11732784,https://www.nobelprize.org/prizes/chemistry/1995/summary/,https://api.nobelprize.org/2/nobelPrize/che/1995,https://www.nobelprize.org/nomination/archive/list.php?prize=2&year=1995,sealed_or_not_published,,nominations_sealed
1994,physics,True,145 | 146,Bertram N. Brockhouse | Clifford G. Shull,1/2 | 1/2,received | received,for the development of neutron spectroscopy | for the development of the neutron diffraction technique,for pioneering contributions to the development of neutron scattering techniques for studies of condensed matter,1994-10-12,7000000,11696265,https://www.nobelprize.org/prizes/physics/1994/summary/,https://api.nobelprize.org/2/nobelPrize/phy/1994,https://www.nobelprize.org/nomination/archive/list.php?prize=1&year=1994,sealed_or_not_published,,nominations_sealed
1994,peace,True,557 | 558 | 559,Yasser Arafat | Shimon Peres | Yitzhak Rabin,1/3 | 1/3 | 1/3,received | received | received,for their efforts to create peace in the Middle East | for their efforts to create peace in the Middle East | for their efforts to create peace in the Middle East,,1994-10-14,7000000,11696265,https://www.nobelprize.org/prizes/peace/1994/summary/,https://api.nobelprize.org/2/nobelPrize/pea/1994,https://www.nobelprize.org/nomination/archive/list.php?prize=5&year=1994,sealed_or_not_published,,nominations_sealed
1994,medicine,True,450 | 451,Alfred G. Gilman | Martin Rodbell,1/2 | 1/2,received | received,for their discovery of G-proteins and the role of these proteins in signal transduction in cells | for their discovery of G-proteins and the role of these proteins in signal transduction in cells,,1994-10-10,7000000,11696265,https://www.nobelprize.org/prizes/medicine/1994/summary/,https://api.nobelprize.org/2/nobelPrize/med/1994,https://www.nobelprize.org/nomination/archive/list.php?prize=3&year=1994,sealed_or_not_published,,nominations_sealed
1994,literature,True,671,Kenzaburo Oe,1,received,"who with poetic force creates an imagined world, where life and myth condense to form a disconcerting picture of the human predicament today",,1994-10-13,7000000,11696265,https://www.nobelprize.org/prizes/literature/1994/summary/,https://api.nobelprize.org/2/nobelPrize/lit/1994,https://www.nobelprize.org/nomination/archive/list.php?prize=4&year=1994,sealed_or_not_published,,nominations_sealed
1994,economics,True,711 | 712 | 713,John C. Harsanyi | John F. Nash Jr. | Reinhard Selten,1/3 | 1/3 | 1/3,received | received | received,for their pioneering analysis of equilibria in the theory of non-cooperative games | for their pioneering analysis of equilibria in the theory of non-cooperative games | for their pioneering analysis of equilibria in the theory of non-cooperative games,,1994-10-11,7000000,11696265,https://www.nobelprize.org/prizes/economic-sciences/1994/summary/,https://api.nobelprize.org/2/nobelPrize/eco/1994,https://www.nobelprize.org/nomination/archive/list.php?prize=6&year=1994,not_in_public_archive,,not_in_alfred_nobels_will
1994,chemistry,True,280,George A. Olah,1,received,for his contribution to carbocation chemistry,,1994-10-12,7000000,11696265,https://www.nobelprize.org/prizes/chemistry/1994/summary/,https://api.nobelprize.org/2/nobelPrize/che/1994,https://www.nobelprize.org/nomination/archive/list.php?prize=2&year=1994,sealed_or_not_published,,nominations_sealed
1993,physics,True,143 | 144,Russell A. Hulse | Joseph H. Taylor Jr.,1/2 | 1/2,received | received,"for the discovery of a new type of pulsar, a discovery that has opened up new possibilities for the study of gravitation | for the discovery of a new type of pulsar, a discovery that has opened up new possibilities for the study of gravitation",,1993-10-13,6700000,11436789,https://www.nobelprize.org/prizes/physics/1993/summary/,https://api.nobelprize.org/2/nobelPrize/phy/1993,https://www.nobelprize.org/nomination/archive/list.php?prize=1&year=1993,sealed_or_not_published,,nominations_sealed
1993,peace,True,555 | 556,Nelson Mandela | F.W. de Klerk,1/2 | 1/2,received | received,"for their work for the peaceful termination of the apartheid regime, and for laying the foundations for a new democratic South Africa | for their work for the peaceful termination of the apartheid regime, and for laying the foundations for a new democratic South Africa",,1993-10-15,6700000,11436789,https://www.nobelprize.org/prizes/peace/1993/summary/,https://api.nobelprize.org/2/nobelPrize/pea/1993,https://www.nobelprize.org/nomination/archive/list.php?prize=5&year=1993,sealed_or_not_published,,nominations_sealed
1993,medicine,True,448 | 449,Richard J. Roberts | Phillip A. Sharp,1/2 | 1/2,received | received,for their discoveries of split genes | for their discoveries of split genes,,1993-10-11,6700000,11436789,https://www.nobelprize.org/prizes/medicine/1993/summary/,https://api.nobelprize.org/2/nobelPrize/med/1993,https://www.nobelprize.org/nomination/archive/list.php?prize=3&year=1993,sealed_or_not_published,,nominations_sealed
1993,literature,True,670,Toni Morrison,1,received,"who in novels characterized by visionary force and poetic import, gives life to an essential aspect of American reality",,1993-10-07,6700000,11436789,https://www.nobelprize.org/prizes/literature/1993/summary/,https://api.nobelprize.org/2/nobelPrize/lit/1993,https://www.nobelprize.org/nomination/archive/list.php?prize=4&year=1993,sealed_or_not_published,,nominations_sealed
1993,economics,True,709 | 710,Robert W. Fogel | Douglass C. North,1/2 | 1/2,received | received,for having renewed research in economic history by applying economic theory and quantitative methods in order to explain economic and institutional change | for having renewed research in economic history by applying economic theory and quantitative methods in order to explain economic and institutional change,,1993-10-12,6700000,11436789,https://www.nobelprize.org/prizes/economic-sciences/1993/summary/,https://api.nobelprize.org/2/nobelPrize/eco/1993,https://www.nobelprize.org/nomination/archive/list.php?prize=6&year=1993,not_in_public_archive,,not_in_alfred_nobels_will
1993,chemistry,True,278 | 279,Kary B. Mullis | Michael Smith,1/2 | 1/2,received | received,"for his invention of the polymerase chain reaction (PCR) method | for his fundamental contributions to the establishment of oligonucleotide-based, site-directed mutagenesis and its development for protein studies",for contributions to the developments of methods within DNA-based chemistry,1993-10-13,6700000,11436789,https://www.nobelprize.org/prizes/chemistry/1993/summary/,https://api.nobelprize.org/2/nobelPrize/che/1993,https://www.nobelprize.org/nomination/archive/list.php?prize=2&year=1993,sealed_or_not_published,,affiliation_not_published | nominations_sealed
1992,physics,True,142,Georges Charpak,1,received,"for his invention and development of particle detectors, in particular the multiwire proportional chamber",,1992-10-14,6500000,11613791,https://www.nobelprize.org/prizes/physics/1992/summary/,https://api.nobelprize.org/2/nobelPrize/phy/1992,https://www.nobelprize.org/nomination/archive/list.php?prize=1&year=1992,sealed_or_not_published,,nominations_sealed
1992,peace,True,554,Rigoberta Menchú Tum,1,received,for her struggle for social justice and ethno-cultural reconciliation based on respect for the rights of indigenous peoples,,1992-10-16,6500000,11613791,https://www.nobelprize.org/prizes/peace/1992/summary/,https://api.nobelprize.org/2/nobelPrize/pea/1992,https://www.nobelprize.org/nomination/archive/list.php?prize=5&year=1992,sealed_or_not_published,,nominations_sealed
1992,medicine,True,446 | 447,Edmond H. Fischer | Edwin G. Krebs,1/2 | 1/2,received | received,for their discoveries concerning reversible protein phosphorylation as a biological regulatory mechanism | for their discoveries concerning reversible protein phosphorylation as a biological regulatory mechanism,,1992-10-12,6500000,11613791,https://www.nobelprize.org/prizes/medicine/1992/summary/,https://api.nobelprize.org/2/nobelPrize/med/1992,https://www.nobelprize.org/nomination/archive/list.php?prize=3&year=1992,sealed_or_not_published,,nominations_sealed
1992,literature,True,669,Derek Walcott,1,received,"for a poetic oeuvre of great luminosity, sustained by a historical vision, the outcome of a multicultural commitment",,1992-10-08,6500000,11613791,https://www.nobelprize.org/prizes/literature/1992/summary/,https://api.nobelprize.org/2/nobelPrize/lit/1992,https://www.nobelprize.org/nomination/archive/list.php?prize=4&year=1992,sealed_or_not_published,,nominations_sealed
1992,economics,True,708,Gary Becker,1,received,"for having extended the domain of microeconomic analysis to a wide range of human behaviour and interaction, including nonmarket behaviour",,1992-10-13,6500000,11613791,https://www.nobelprize.org/prizes/economic-sciences/1992/summary/,https://api.nobelprize.org/2/nobelPrize/eco/1992,https://www.nobelprize.org/nomination/archive/list.php?prize=6&year=1992,not_in_public_archive,,not_in_alfred_nobels_will
1992,chemistry,True,277,Rudolph A. Marcus,1,received,for his contributions to the theory of electron transfer reactions in chemical systems,,1992-10-14,6500000,11613791,https://www.nobelprize.org/prizes/chemistry/1992/summary/,https://api.nobelprize.org/2/nobelPrize/che/1992,https://www.nobelprize.org/nomination/archive/list.php?prize=2&year=1992,sealed_or_not_published,,nominations_sealed
1991,physics,True,141,Pierre-Gilles de Gennes,1,received,"for discovering that methods developed for studying order phenomena in simple systems can be generalized to more complex forms of matter, in particular to liquid crystals and polymers",,1991-10-16,6000000,10968389,https://www.nobelprize.org/prizes/physics/1991/summary/,https://api.nobelprize.org/2/nobelPrize/phy/1991,https://www.nobelprize.org/nomination/archive/list.php?prize=1&year=1991,sealed_or_not_published,,nominations_sealed
1991,peace,True,553,Aung San Suu Kyi,1,received,for her non-violent struggle for democracy and human rights,,1991-10-14,6000000,10968389,https://www.nobelprize.org/prizes/peace/1991/summary/,https://api.nobelprize.org/2/nobelPrize/pea/1991,https://www.nobelprize.org/nomination/archive/list.php?prize=5&year=1991,sealed_or_not_published,,nominations_sealed
1991,medicine,True,444 | 445,Erwin Neher | Bert Sakmann,1/2 | 1/2,received | received,for their discoveries concerning the function of single ion channels in cells | for their discoveries concerning the function of single ion channels in cells,,1991-10-07,6000000,10968389,https://www.nobelprize.org/prizes/medicine/1991/summary/,https://api.nobelprize.org/2/nobelPrize/med/1991,https://www.nobelprize.org/nomination/archive/list.php?prize=3&year=1991,sealed_or_not_published,,nominations_sealed
1991,literature,True,668,Nadine Gordimer,1,received,who through her magnificent epic writing has - in the words of Alfred Nobel - been of very great benefit to humanity,,1991-10-03,6000000,10968389,https://www.nobelprize.org/prizes/literature/1991/summary/,https://api.nobelprize.org/2/nobelPrize/lit/1991,https://www.nobelprize.org/nomination/archive/list.php?prize=4&year=1991,sealed_or_not_published,,nominations_sealed
1991,economics,True,707,Ronald H. Coase,1,received,for his discovery and clarification of the significance of transaction costs and property rights for the institutional structure and functioning of the economy,,1991-10-15,6000000,10968389,https://www.nobelprize.org/prizes/economic-sciences/1991/summary/,https://api.nobelprize.org/2/nobelPrize/eco/1991,https://www.nobelprize.org/nomination/archive/list.php?prize=6&year=1991,not_in_public_archive,,not_in_alfred_nobels_will
1991,chemistry,True,276,Richard R. Ernst,1,received,for his contributions to the development of the methodology of high resolution nuclear magnetic resonance (NMR) spectroscopy,,1991-10-16,6000000,10968389,https://www.nobelprize.org/prizes/chemistry/1991/summary/,https://api.nobelprize.org/2/nobelPrize/che/1991,https://www.nobelprize.org/nomination/archive/list.php?prize=2&year=1991,sealed_or_not_published,,nominations_sealed
1990,physics,True,138 | 139 | 140,Jerome I. Friedman | Henry W. Kendall | Richard E. Taylor,1/3 | 1/3 | 1/3,received | received | received,"for their pioneering investigations concerning deep inelastic scattering of electrons on protons and bound neutrons, which have been of essential importance for the development of the quark model in particle physics | for their pioneering investigations concerning deep inelastic scattering of electrons on protons and bound neutrons, which have been of essential importance for the development of the quark model in particle physics | for their pioneering investigations concerning deep inelastic scattering of electrons on protons and bound neutrons, which have been of essential importance for the development of the quark model in particle physics",,1990-10-17,4000000,8003376,https://www.nobelprize.org/prizes/physics/1990/summary/,https://api.nobelprize.org/2/nobelPrize/phy/1990,https://www.nobelprize.org/nomination/archive/list.php?prize=1&year=1990,sealed_or_not_published,,nominations_sealed
1990,peace,True,552,Mikhail Gorbachev,1,received,for the leading role he played in the radical changes in East-West relations,,1990-10-15,4000000,8003376,https://www.nobelprize.org/prizes/peace/1990/summary/,https://api.nobelprize.org/2/nobelPrize/pea/1990,https://www.nobelprize.org/nomination/archive/list.php?prize=5&year=1990,sealed_or_not_published,,nominations_sealed
1990,medicine,True,442 | 443,Joseph E. Murray | E. Donnall Thomas,1/2 | 1/2,received | received,for their discoveries concerning organ and cell transplantation in the treatment of human disease | for their discoveries concerning organ and cell transplantation in the treatment of human disease,,1990-10-08,4000000,8003376,https://www.nobelprize.org/prizes/medicine/1990/summary/,https://api.nobelprize.org/2/nobelPrize/med/1990,https://www.nobelprize.org/nomination/archive/list.php?prize=3&year=1990,sealed_or_not_published,,nominations_sealed
1990,literature,True,667,Octavio Paz,1,received,"for impassioned writing with wide horizons, characterized by sensuous intelligence and humanistic integrity",,1990-10-11,4000000,8003376,https://www.nobelprize.org/prizes/literature/1990/summary/,https://api.nobelprize.org/2/nobelPrize/lit/1990,https://www.nobelprize.org/nomination/archive/list.php?prize=4&year=1990,sealed_or_not_published,,nominations_sealed
1990,economics,True,704 | 705 | 706,Harry M. Markowitz | Merton H. Miller | William F. Sharpe,1/3 | 1/3 | 1/3,received | received | received,for their pioneering work in the theory of financial economics | for their pioneering work in the theory of financial economics | for their pioneering work in the theory of financial economics,,1990-10-16,4000000,8003376,https://www.nobelprize.org/prizes/economic-sciences/1990/summary/,https://api.nobelprize.org/2/nobelPrize/eco/1990,https://www.nobelprize.org/nomination/archive/list.php?prize=6&year=1990,not_in_public_archive,,not_in_alfred_nobels_will
1990,chemistry,True,275,Elias James Corey,1,received,for his development of the theory and methodology of organic synthesis,,1990-10-17,4000000,8003376,https://www.nobelprize.org/prizes/chemistry/1990/summary/,https://api.nobelprize.org/2/nobelPrize/che/1990,https://www.nobelprize.org/nomination/archive/list.php?prize=2&year=1990,sealed_or_not_published,,nominations_sealed
1989,physics,True,135 | 136 | 137,Norman F. Ramsey | Hans G. Dehmelt | Wolfgang Paul,1/2 | 1/4 | 1/4,received | received | received,for the invention of the separated oscillatory fields method and its use in the hydrogen maser and other atomic clocks | for the development of the ion trap technique | for the development of the ion trap technique,,1989-10-12,3000000,6629077,https://www.nobelprize.org/prizes/physics/1989/summary/,https://api.nobelprize.org/2/nobelPrize/phy/1989,https://www.nobelprize.org/nomination/archive/list.php?prize=1&year=1989,sealed_or_not_published,,nominations_sealed
1989,peace,True,551,The 14th Dalai Lama,1,received,for advocating peaceful solutions based upon tolerance and mutual respect in order to preserve the historical and cultural heritage of his people,,1989-10-05,3000000,6629077,https://www.nobelprize.org/prizes/peace/1989/summary/,https://api.nobelprize.org/2/nobelPrize/pea/1989,https://www.nobelprize.org/nomination/archive/list.php?prize=5&year=1989,sealed_or_not_published,,nominations_sealed | v1_v2_name_differs
1989,medicine,True,440 | 441,J. Michael Bishop | Harold E. Varmus,1/2 | 1/2,received | received,for their discovery of the cellular origin of retroviral oncogenes | for their discovery of the cellular origin of retroviral oncogenes,,1989-10-09,3000000,6629077,https://www.nobelprize.org/prizes/medicine/1989/summary/,https://api.nobelprize.org/2/nobelPrize/med/1989,https://www.nobelprize.org/nomination/archive/list.php?prize=3&year=1989,sealed_or_not_published,,nominations_sealed
1989,literature,True,666,Camilo José Cela,1,received,"for a rich and intensive prose, which with restrained compassion forms a challenging vision of man's vulnerability",,1989-10-09,3000000,6629077,https://www.nobelprize.org/prizes/literature/1989/summary/,https://api.nobelprize.org/2/nobelPrize/lit/1989,https://www.nobelprize.org/nomination/archive/list.php?prize=4&year=1989,sealed_or_not_published,,nominations_sealed
1989,economics,True,703,Trygve Haavelmo,1,received,for his clarification of the probability theory foundations of econometrics and his analyses of simultaneous economic structures,,1989-10-11,3000000,6629077,https://www.nobelprize.org/prizes/economic-sciences/1989/summary/,https://api.nobelprize.org/2/nobelPrize/eco/1989,https://www.nobelprize.org/nomination/archive/list.php?prize=6&year=1989,not_in_public_archive,,not_in_alfred_nobels_will
1989,chemistry,True,273 | 274,Sidney Altman | Thomas R. Cech,1/2 | 1/2,received | received,for their discovery of catalytic properties of RNA | for their discovery of catalytic properties of RNA,,1989-10-12,3000000,6629077,https://www.nobelprize.org/prizes/chemistry/1989/summary/,https://api.nobelprize.org/2/nobelPrize/che/1989,https://www.nobelprize.org/nomination/archive/list.php?prize=2&year=1989,sealed_or_not_published,,nominations_sealed
1988,physics,True,132 | 133 | 134,Leon M. Lederman | Melvin Schwartz | Jack Steinberger,1/3 | 1/3 | 1/3,received | received | received,for the neutrino beam method and the demonstration of the doublet structure of the leptons through the discovery of the muon neutrino | for the neutrino beam method and the demonstration of the doublet structure of the leptons through the discovery of the muon neutrino | for the neutrino beam method and the demonstration of the doublet structure of the leptons through the discovery of the muon neutrino,,1988-10-19,2500000,5874628,https://www.nobelprize.org/prizes/physics/1988/summary/,https://api.nobelprize.org/2/nobelPrize/phy/1988,https://www.nobelprize.org/nomination/archive/list.php?prize=1&year=1988,sealed_or_not_published,,nominations_sealed
1988,peace,True,550,United Nations Peacekeeping Forces,1,received,for preventing armed clashes and creating conditions for negotiations,,1988-09-29,2500000,5874628,https://www.nobelprize.org/prizes/peace/1988/summary/,https://api.nobelprize.org/2/nobelPrize/pea/1988,https://www.nobelprize.org/nomination/archive/list.php?prize=5&year=1988,sealed_or_not_published,,nominations_sealed
1988,medicine,True,437 | 438 | 439,Sir James W. Black | Gertrude B. Elion | George H. Hitchings,1/3 | 1/3 | 1/3,received | received | received,for their discoveries of important principles for drug treatment | for their discoveries of important principles for drug treatment | for their discoveries of important principles for drug treatment,,1988-10-17,2500000,5874628,https://www.nobelprize.org/prizes/medicine/1988/summary/,https://api.nobelprize.org/2/nobelPrize/med/1988,https://www.nobelprize.org/nomination/archive/list.php?prize=3&year=1988,sealed_or_not_published,,nominations_sealed
1988,literature,True,665,Naguib Mahfouz,1,received,"who, through works rich in nuance - now clear-sightedly realistic, now evocatively ambiguous - has formed an Arabian narrative art that applies to all mankind",,1988-10-13,2500000,5874628,https://www.nobelprize.org/prizes/literature/1988/summary/,https://api.nobelprize.org/2/nobelPrize/lit/1988,https://www.nobelprize.org/nomination/archive/list.php?prize=4&year=1988,sealed_or_not_published,,nominations_sealed
1988,economics,True,702,Maurice Allais,1,received,for his pioneering contributions to the theory of markets and efficient utilization of resources,,1988-10-18,2500000,5874628,https://www.nobelprize.org/prizes/economic-sciences/1988/summary/,https://api.nobelprize.org/2/nobelPrize/eco/1988,https://www.nobelprize.org/nomination/archive/list.php?prize=6&year=1988,not_in_public_archive,,not_in_alfred_nobels_will
1988,chemistry,True,270 | 271 | 272,Johann Deisenhofer | Robert Huber | Hartmut Michel,1/3 | 1/3 | 1/3,received | received | received,for the determination of the three-dimensional structure of a photosynthetic reaction centre | for the determination of the three-dimensional structure of a photosynthetic reaction centre | for the determination of the three-dimensional structure of a photosynthetic reaction centre,,1988-10-19,2500000,5874628,https://www.nobelprize.org/prizes/chemistry/1988/summary/,https://api.nobelprize.org/2/nobelPrize/che/1988,https://www.nobelprize.org/nomination/archive/list.php?prize=2&year=1988,sealed_or_not_published,,nominations_sealed
1987,physics,True,130 | 131,J. Georg Bednorz | K. Alex Müller,1/2 | 1/2,received | received,for their important break-through in the discovery of superconductivity in ceramic materials | for their important break-through in the discovery of superconductivity in ceramic materials,,1987-10-14,2175000,5405582,https://www.nobelprize.org/prizes/physics/1987/summary/,https://api.nobelprize.org/2/nobelPrize/phy/1987,https://www.nobelprize.org/nomination/archive/list.php?prize=1&year=1987,sealed_or_not_published,,nominations_sealed
1987,peace,True,549,Oscar Arias Sánchez,1,received,for his work for lasting peace in Central America,,1987-10-13,2175000,5405582,https://www.nobelprize.org/prizes/peace/1987/summary/,https://api.nobelprize.org/2/nobelPrize/pea/1987,https://www.nobelprize.org/nomination/archive/list.php?prize=5&year=1987,sealed_or_not_published,,nominations_sealed
1987,medicine,True,436,Susumu Tonegawa,1,received,for his discovery of the genetic principle for generation of antibody diversity,,1987-10-12,2175000,5405582,https://www.nobelprize.org/prizes/medicine/1987/summary/,https://api.nobelprize.org/2/nobelPrize/med/1987,https://www.nobelprize.org/nomination/archive/list.php?prize=3&year=1987,sealed_or_not_published,,nominations_sealed
1987,literature,True,664,Joseph Brodsky,1,received,"for an all-embracing authorship, imbued with clarity of thought and poetic intensity",,1987-10-22,2175000,5405582,https://www.nobelprize.org/prizes/literature/1987/summary/,https://api.nobelprize.org/2/nobelPrize/lit/1987,https://www.nobelprize.org/nomination/archive/list.php?prize=4&year=1987,sealed_or_not_published,,nominations_sealed
1987,economics,True,701,Robert M. Solow,1,received,for his contributions to the theory of economic growth,,1987-10-21,2175000,5405582,https://www.nobelprize.org/prizes/economic-sciences/1987/summary/,https://api.nobelprize.org/2/nobelPrize/eco/1987,https://www.nobelprize.org/nomination/archive/list.php?prize=6&year=1987,not_in_public_archive,,not_in_alfred_nobels_will
1987,chemistry,True,267 | 268 | 269,Donald J. Cram | Jean-Marie Lehn | Charles J. Pedersen,1/3 | 1/3 | 1/3,received | received | received,for their development and use of molecules with structure-specific interactions of high selectivity | for their development and use of molecules with structure-specific interactions of high selectivity | for their development and use of molecules with structure-specific interactions of high selectivity,,1987-10-14,2175000,5405582,https://www.nobelprize.org/prizes/chemistry/1987/summary/,https://api.nobelprize.org/2/nobelPrize/che/1987,https://www.nobelprize.org/nomination/archive/list.php?prize=2&year=1987,sealed_or_not_published,,nominations_sealed
1986,physics,True,127 | 128 | 129,Ernst Ruska | Gerd Binnig | Heinrich Rohrer,1/2 | 1/4 | 1/4,received | received | received,"for his fundamental work in electron optics, and for the design of the first electron microscope | for their design of the scanning tunneling microscope | for their design of the scanning tunneling microscope",,1986-10-15,2000000,5182514,https://www.nobelprize.org/prizes/physics/1986/summary/,https://api.nobelprize.org/2/nobelPrize/phy/1986,https://www.nobelprize.org/nomination/archive/list.php?prize=1&year=1986,sealed_or_not_published,,nominations_sealed
1986,peace,True,548,Elie Wiesel,1,received,"for being a messenger to mankind: his message is one of peace, atonement and dignity",,1986-10-14,2000000,5182514,https://www.nobelprize.org/prizes/peace/1986/summary/,https://api.nobelprize.org/2/nobelPrize/pea/1986,https://www.nobelprize.org/nomination/archive/list.php?prize=5&year=1986,sealed_or_not_published,,nominations_sealed
1986,medicine,True,434 | 435,Stanley Cohen | Rita Levi-Montalcini,1/2 | 1/2,received | received,for their discoveries of growth factors | for their discoveries of growth factors,,1986-10-13,2000000,5182514,https://www.nobelprize.org/prizes/medicine/1986/summary/,https://api.nobelprize.org/2/nobelPrize/med/1986,https://www.nobelprize.org/nomination/archive/list.php?prize=3&year=1986,sealed_or_not_published,,nominations_sealed
1986,literature,True,663,Wole Soyinka,1,received,who in a wide cultural perspective and with poetic overtones fashions the drama of existence,,1986-10-16,2000000,5182514,https://www.nobelprize.org/prizes/literature/1986/summary/,https://api.nobelprize.org/2/nobelPrize/lit/1986,https://www.nobelprize.org/nomination/archive/list.php?prize=4&year=1986,sealed_or_not_published,,nominations_sealed
1986,economics,True,700,James M. Buchanan Jr.,1,received,for his development of the contractual and constitutional bases for the theory of economic and political decision-making,,1986-10-16,2000000,5182514,https://www.nobelprize.org/prizes/economic-sciences/1986/summary/,https://api.nobelprize.org/2/nobelPrize/eco/1986,https://www.nobelprize.org/nomination/archive/list.php?prize=6&year=1986,not_in_public_archive,,not_in_alfred_nobels_will
1986,chemistry,True,264 | 265 | 266,Dudley R. Herschbach | Yuan T. Lee | John C. Polanyi,1/3 | 1/3 | 1/3,received | received | received,for their contributions concerning the dynamics of chemical elementary processes | for their contributions concerning the dynamics of chemical elementary processes | for their contributions concerning the dynamics of chemical elementary processes,,1986-10-15,2000000,5182514,https://www.nobelprize.org/prizes/chemistry/1986/summary/,https://api.nobelprize.org/2/nobelPrize/che/1986,https://www.nobelprize.org/nomination/archive/list.php?prize=2&year=1986,sealed_or_not_published,,nominations_sealed
1985,physics,True,126,Klaus von Klitzing,1,received,for the discovery of the quantized Hall effect,,1985-10-16,1800000,4860820,https://www.nobelprize.org/prizes/physics/1985/summary/,https://api.nobelprize.org/2/nobelPrize/phy/1985,https://www.nobelprize.org/nomination/archive/list.php?prize=1&year=1985,sealed_or_not_published,,nominations_sealed
1985,peace,True,547,International Physicians for the Prevention of Nuclear War,1,received,for spreading authoritative information and by creating awareness of the catastrophic consequences of nuclear war,,1985-10-05,1800000,4860820,https://www.nobelprize.org/prizes/peace/1985/summary/,https://api.nobelprize.org/2/nobelPrize/pea/1985,https://www.nobelprize.org/nomination/archive/list.php?prize=5&year=1985,sealed_or_not_published,,nominations_sealed
1985,medicine,True,432 | 433,Michael S. Brown | Joseph L. Goldstein,1/2 | 1/2,received | received,for their discoveries concerning the regulation of cholesterol metabolism | for their discoveries concerning the regulation of cholesterol metabolism,,1985-10-14,1800000,4860820,https://www.nobelprize.org/prizes/medicine/1985/summary/,https://api.nobelprize.org/2/nobelPrize/med/1985,https://www.nobelprize.org/nomination/archive/list.php?prize=3&year=1985,sealed_or_not_published,,nominations_sealed
1985,literature,True,662,Claude Simon,1,received,who in his novel combines the poet's and the painter's creativeness with a deepened awareness of time in the depiction of the human condition,,1985-11-27,1800000,4860820,https://www.nobelprize.org/prizes/literature/1985/summary/,https://api.nobelprize.org/2/nobelPrize/lit/1985,https://www.nobelprize.org/nomination/archive/list.php?prize=4&year=1985,sealed_or_not_published,,nominations_sealed
1985,economics,True,699,Franco Modigliani,1,received,for his pioneering analyses of saving and of financial markets,,1985-10-15,1800000,4860820,https://www.nobelprize.org/prizes/economic-sciences/1985/summary/,https://api.nobelprize.org/2/nobelPrize/eco/1985,https://www.nobelprize.org/nomination/archive/list.php?prize=6&year=1985,not_in_public_archive,,not_in_alfred_nobels_will
1985,chemistry,True,262 | 263,Herbert A. Hauptman | Jerome Karle,1/2 | 1/2,received | received,for their outstanding achievements in the development of direct methods for the determination of crystal structures | for their outstanding achievements in the development of direct methods for the determination of crystal structures,,1985-10-16,1800000,4860820,https://www.nobelprize.org/prizes/chemistry/1985/summary/,https://api.nobelprize.org/2/nobelPrize/che/1985,https://www.nobelprize.org/nomination/archive/list.php?prize=2&year=1985,sealed_or_not_published,,nominations_sealed
1984,physics,True,124 | 125,Carlo Rubbia | Simon van der Meer,1/2 | 1/2,received | received,"for their decisive contributions to the large project, which led to the discovery of the field particles W and Z, communicators of weak interaction | for their decisive contributions to the large project, which led to the discovery of the field particles W and Z, communicators of weak interaction",,1984-10-17,1650000,4782579,https://www.nobelprize.org/prizes/physics/1984/summary/,https://api.nobelprize.org/2/nobelPrize/phy/1984,https://www.nobelprize.org/nomination/archive/list.php?prize=1&year=1984,sealed_or_not_published,,nominations_sealed
1984,peace,True,546,Desmond Tutu,1,received,for his role as a unifying leader figure in the non-violent campaign to resolve the problem of apartheid in South Africa,,1984-10-05,1650000,4782579,https://www.nobelprize.org/prizes/peace/1984/summary/,https://api.nobelprize.org/2/nobelPrize/pea/1984,https://www.nobelprize.org/nomination/archive/list.php?prize=5&year=1984,sealed_or_not_published,,nominations_sealed
1984,medicine,True,429 | 430 | 431,Niels K. Jerne | Georges J.F. Köhler | César Milstein,1/3 | 1/3 | 1/3,received | received | received,for theories concerning the specificity in development and control of the immune system and the discovery of the principle for production of monoclonal antibodies | for theories concerning the specificity in development and control of the immune system and the discovery of the principle for production of monoclonal antibodies | for theories concerning the specificity in development and control of the immune system and the discovery of the principle for production of monoclonal antibodies,,1984-10-15,1650000,4782579,https://www.nobelprize.org/prizes/medicine/1984/summary/,https://api.nobelprize.org/2/nobelPrize/med/1984,https://www.nobelprize.org/nomination/archive/list.php?prize=3&year=1984,sealed_or_not_published,,nominations_sealed
1984,literature,True,661,Jaroslav Seifert,1,received,"for his poetry which endowed with freshness, sensuality and rich inventiveness provides a liberating image of the indomitable spirit and versatility of man",,1984-11-27,1650000,4782579,https://www.nobelprize.org/prizes/literature/1984/summary/,https://api.nobelprize.org/2/nobelPrize/lit/1984,https://www.nobelprize.org/nomination/archive/list.php?prize=4&year=1984,sealed_or_not_published,,nominations_sealed
1984,economics,True,698,Richard Stone,1,received,for having made fundamental contributions to the development of systems of national accounts and hence greatly improved the basis for empirical economic analysis,,1984-10-18,1650000,4782579,https://www.nobelprize.org/prizes/economic-sciences/1984/summary/,https://api.nobelprize.org/2/nobelPrize/eco/1984,https://www.nobelprize.org/nomination/archive/list.php?prize=6&year=1984,not_in_public_archive,,not_in_alfred_nobels_will
1984,chemistry,True,261,Bruce Merrifield,1,received,for his development of methodology for chemical synthesis on a solid matrix,,1984-10-17,1650000,4782579,https://www.nobelprize.org/prizes/chemistry/1984/summary/,https://api.nobelprize.org/2/nobelPrize/che/1984,https://www.nobelprize.org/nomination/archive/list.php?prize=2&year=1984,sealed_or_not_published,,nominations_sealed
1983,physics,True,122 | 123,Subrahmanyan Chandrasekhar | William A. Fowler,1/2 | 1/2,received | received,for his theoretical studies of the physical processes of importance to the structure and evolution of the stars | for his theoretical and experimental studies of the nuclear reactions of importance in the formation of the chemical elements in the universe,,1983-10-19,1500000,4698151,https://www.nobelprize.org/prizes/physics/1983/summary/,https://api.nobelprize.org/2/nobelPrize/phy/1983,https://www.nobelprize.org/nomination/archive/list.php?prize=1&year=1983,sealed_or_not_published,,nominations_sealed
1983,peace,True,545,Lech Wałęsa,1,received,for non-violent struggle for free trade unions and human rights in Poland,,1983-10-05,1500000,4698151,https://www.nobelprize.org/prizes/peace/1983/summary/,https://api.nobelprize.org/2/nobelPrize/pea/1983,https://www.nobelprize.org/nomination/archive/list.php?prize=5&year=1983,sealed_or_not_published,,nominations_sealed
1983,medicine,True,428,Barbara McClintock,1,received,for her discovery of mobile genetic elements,,1983-10-10,1500000,4698151,https://www.nobelprize.org/prizes/medicine/1983/summary/,https://api.nobelprize.org/2/nobelPrize/med/1983,https://www.nobelprize.org/nomination/archive/list.php?prize=3&year=1983,sealed_or_not_published,,nominations_sealed
1983,literature,True,660,William Golding,1,received,"for his novels which, with the perspicuity of realistic narrative art and the diversity and universality of myth, illuminate the human condition in the world of today",,1983-10-27,1500000,4698151,https://www.nobelprize.org/prizes/literature/1983/summary/,https://api.nobelprize.org/2/nobelPrize/lit/1983,https://www.nobelprize.org/nomination/archive/list.php?prize=4&year=1983,sealed_or_not_published,,nominations_sealed
1983,economics,True,697,Gerard Debreu,1,received,for having incorporated new analytical methods into economic theory and for his rigorous reformulation of the theory of general equilibrium,,1983-10-17,1500000,4698151,https://www.nobelprize.org/prizes/economic-sciences/1983/summary/,https://api.nobelprize.org/2/nobelPrize/eco/1983,https://www.nobelprize.org/nomination/archive/list.php?prize=6&year=1983,not_in_public_archive,,not_in_alfred_nobels_will
1983,chemistry,True,260,Henry Taube,1,received,"for his work on the mechanisms of electron transfer reactions, especially in metal complexes",,1983-10-19,1500000,4698151,https://www.nobelprize.org/prizes/chemistry/1983/summary/,https://api.nobelprize.org/2/nobelPrize/che/1983,https://www.nobelprize.org/nomination/archive/list.php?prize=2&year=1983,sealed_or_not_published,,nominations_sealed
1982,physics,True,121,Kenneth G. Wilson,1,received,for his theory for critical phenomena in connection with phase transitions,,1982-10-18,1150000,3923237,https://www.nobelprize.org/prizes/physics/1982/summary/,https://api.nobelprize.org/2/nobelPrize/phy/1982,https://www.nobelprize.org/nomination/archive/list.php?prize=1&year=1982,sealed_or_not_published,,nominations_sealed
1982,peace,True,543 | 544,Alva Myrdal | Alfonso García Robles,1/2 | 1/2,received | received,for their work for disarmament and nuclear and weapon-free zones | for their work for disarmament and nuclear and weapon-free zones,,1982-10-13,1150000,3923237,https://www.nobelprize.org/prizes/peace/1982/summary/,https://api.nobelprize.org/2/nobelPrize/pea/1982,https://www.nobelprize.org/nomination/archive/list.php?prize=5&year=1982,sealed_or_not_published,,nominations_sealed
1982,medicine,True,425 | 426 | 427,Sune K. Bergström | Bengt I. Samuelsson | John R. Vane,1/3 | 1/3 | 1/3,received | received | received,for their discoveries concerning prostaglandins and related biologically active substances | for their discoveries concerning prostaglandins and related biologically active substances | for their discoveries concerning prostaglandins and related biologically active substances,,1982-10-11,1150000,3923237,https://www.nobelprize.org/prizes/medicine/1982/summary/,https://api.nobelprize.org/2/nobelPrize/med/1982,https://www.nobelprize.org/nomination/archive/list.php?prize=3&year=1982,sealed_or_not_published,,nominations_sealed
1982,literature,True,659,Gabriel García Márquez,1,received,"for his novels and short stories, in which the fantastic and the realistic are combined in a richly composed world of imagination, reflecting a continent's life and conflicts",,1982-10-21,1150000,3923237,https://www.nobelprize.org/prizes/literature/1982/summary/,https://api.nobelprize.org/2/nobelPrize/lit/1982,https://www.nobelprize.org/nomination/archive/list.php?prize=4&year=1982,sealed_or_not_published,,nominations_sealed
1982,economics,True,696,George J. Stigler,1,received,"for his seminal studies of industrial structures, functioning of markets and causes and effects of public regulation",,1982-10-20,1150000,3923237,https://www.nobelprize.org/prizes/economic-sciences/1982/summary/,https://api.nobelprize.org/2/nobelPrize/eco/1982,https://www.nobelprize.org/nomination/archive/list.php?prize=6&year=1982,not_in_public_archive,,not_in_alfred_nobels_will
1982,chemistry,True,259,Aaron Klug,1,received,for his development of crystallographic electron microscopy and his structural elucidation of biologically important nucleic acid-protein complexes,,1982-10-18,1150000,3923237,https://www.nobelprize.org/prizes/chemistry/1982/summary/,https://api.nobelprize.org/2/nobelPrize/che/1982,https://www.nobelprize.org/nomination/archive/list.php?prize=2&year=1982,sealed_or_not_published,,nominations_sealed
1981,physics,True,118 | 119 | 120,Nicolaas Bloembergen | Arthur L. Schawlow | Kai M. Siegbahn,1/4 | 1/4 | 1/2,received | received | received,for their contribution to the development of laser spectroscopy | for their contribution to the development of laser spectroscopy | for his contribution to the development of high-resolution electron spectroscopy,,1981-10-19,1000000,3704688,https://www.nobelprize.org/prizes/physics/1981/summary/,https://api.nobelprize.org/2/nobelPrize/phy/1981,https://www.nobelprize.org/nomination/archive/list.php?prize=1&year=1981,sealed_or_not_published,,nominations_sealed
1981,peace,True,515,Office of the United Nations High Commissioner for Refugees,1,received,for promoting the fundamental rights of refugees,,1981-10-14,1000000,3704688,https://www.nobelprize.org/prizes/peace/1981/summary/,https://api.nobelprize.org/2/nobelPrize/pea/1981,https://www.nobelprize.org/nomination/archive/list.php?prize=5&year=1981,sealed_or_not_published,,nominations_sealed
1981,medicine,True,422 | 423 | 424,Roger W. Sperry | David H. Hubel | Torsten N. Wiesel,1/2 | 1/4 | 1/4,received | received | received,for his discoveries concerning the functional specialization of the cerebral hemispheres | for their discoveries concerning information processing in the visual system | for their discoveries concerning information processing in the visual system,,1981-10-09,1000000,3704688,https://www.nobelprize.org/prizes/medicine/1981/summary/,https://api.nobelprize.org/2/nobelPrize/med/1981,https://www.nobelprize.org/nomination/archive/list.php?prize=3&year=1981,sealed_or_not_published,,nominations_sealed
1981,literature,True,658,Elias Canetti,1,received,"for writings marked by a broad outlook, a wealth of ideas and artistic power",,1981-10-15,1000000,3704688,https://www.nobelprize.org/prizes/literature/1981/summary/,https://api.nobelprize.org/2/nobelPrize/lit/1981,https://www.nobelprize.org/nomination/archive/list.php?prize=4&year=1981,sealed_or_not_published,,nominations_sealed
1981,economics,True,695,James Tobin,1,received,"for his analysis of financial markets and their relations to expenditure decisions, employment, production and prices",,1981-10-13,1000000,3704688,https://www.nobelprize.org/prizes/economic-sciences/1981/summary/,https://api.nobelprize.org/2/nobelPrize/eco/1981,https://www.nobelprize.org/nomination/archive/list.php?prize=6&year=1981,not_in_public_archive,,not_in_alfred_nobels_will
1981,chemistry,True,257 | 258,Kenichi Fukui | Roald Hoffmann,1/2 | 1/2,received | received,"for their theories, developed independently, concerning the course of chemical reactions | for their theories, developed independently, concerning the course of chemical reactions",,1981-10-19,1000000,3704688,https://www.nobelprize.org/prizes/chemistry/1981/summary/,https://api.nobelprize.org/2/nobelPrize/che/1981,https://www.nobelprize.org/nomination/archive/list.php?prize=2&year=1981,sealed_or_not_published,,nominations_sealed
1980,physics,True,116 | 117,James Cronin | Val Fitch,1/2 | 1/2,received | received,for the discovery of violations of fundamental symmetry principles in the decay of neutral K-mesons | for the discovery of violations of fundamental symmetry principles in the decay of neutral K-mesons,,1980-10-14,880000,3654081,https://www.nobelprize.org/prizes/physics/1980/summary/,https://api.nobelprize.org/2/nobelPrize/phy/1980,https://www.nobelprize.org/nomination/archive/list.php?prize=1&year=1980,sealed_or_not_published,,nominations_sealed
1980,peace,True,541,Adolfo Pérez Esquivel,1,received,"for being a source of inspiration to repressed people, especially in Latin America",,1980-10-27,880000,3654081,https://www.nobelprize.org/prizes/peace/1980/summary/,https://api.nobelprize.org/2/nobelPrize/pea/1980,https://www.nobelprize.org/nomination/archive/list.php?prize=5&year=1980,sealed_or_not_published,,nominations_sealed
1980,medicine,True,419 | 420 | 421,Baruj Benacerraf | Jean Dausset | George D. Snell,1/3 | 1/3 | 1/3,received | received | received,for their discoveries concerning genetically determined structures on the cell surface that regulate immunological reactions | for their discoveries concerning genetically determined structures on the cell surface that regulate immunological reactions | for their discoveries concerning genetically determined structures on the cell surface that regulate immunological reactions,,1980-10-10,880000,3654081,https://www.nobelprize.org/prizes/medicine/1980/summary/,https://api.nobelprize.org/2/nobelPrize/med/1980,https://www.nobelprize.org/nomination/archive/list.php?prize=3&year=1980,sealed_or_not_published,,nominations_sealed
1980,literature,True,657,Czesław Miłosz,1,received,who with uncompromising clear-sightedness voices man's exposed condition in a world of severe conflicts,,1980-10-09,880000,3654081,https://www.nobelprize.org/prizes/literature/1980/summary/,https://api.nobelprize.org/2/nobelPrize/lit/1980,https://www.nobelprize.org/nomination/archive/list.php?prize=4&year=1980,sealed_or_not_published,,nominations_sealed
1980,economics,True,694,Lawrence R. Klein,1,received,for the creation of econometric models and the application to the analysis of economic fluctuations and economic policies,,1980-10-15,880000,3654081,https://www.nobelprize.org/prizes/economic-sciences/1980/summary/,https://api.nobelprize.org/2/nobelPrize/eco/1980,https://www.nobelprize.org/nomination/archive/list.php?prize=6&year=1980,not_in_public_archive,,not_in_alfred_nobels_will
1980,chemistry,True,254 | 255 | 222,Paul Berg | Walter Gilbert | Frederick Sanger,1/2 | 1/4 | 1/4,received | received | received,"for his fundamental studies of the biochemistry of nucleic acids, with particular regard to recombinant-DNA | for their contributions concerning the determination of base sequences in nucleic acids | for their contributions concerning the determination of base sequences in nucleic acids",,1980-10-14,880000,3654081,https://www.nobelprize.org/prizes/chemistry/1980/summary/,https://api.nobelprize.org/2/nobelPrize/che/1980,https://www.nobelprize.org/nomination/archive/list.php?prize=2&year=1980,sealed_or_not_published,,nominations_sealed
1979,physics,True,113 | 114 | 115,Sheldon Glashow | Abdus Salam | Steven Weinberg,1/3 | 1/3 | 1/3,received | received | received,"for their contributions to the theory of the unified weak and electromagnetic interaction between elementary particles, including, inter alia, the prediction of the weak neutral current | for their contributions to the theory of the unified weak and electromagnetic interaction between elementary particles, including, inter alia, the prediction of the weak neutral current | for their contributions to the theory of the unified weak and electromagnetic interaction between elementary particles, including, inter alia, the prediction of the weak neutral current",,1979-10-15,800000,3778486,https://www.nobelprize.org/prizes/physics/1979/summary/,https://api.nobelprize.org/2/nobelPrize/phy/1979,https://www.nobelprize.org/nomination/archive/list.php?prize=1&year=1979,sealed_or_not_published,,nominations_sealed
1979,peace,True,540,Mother Teresa,1,received,for her work for bringing help to suffering humanity,,1979-10-27,800000,3778486,https://www.nobelprize.org/prizes/peace/1979/summary/,https://api.nobelprize.org/2/nobelPrize/pea/1979,https://www.nobelprize.org/nomination/archive/list.php?prize=5&year=1979,sealed_or_not_published,,nominations_sealed | v1_v2_name_differs
1979,medicine,True,417 | 418,Allan M. Cormack | Godfrey N. Hounsfield,1/2 | 1/2,received | received,for the development of computer assisted tomography | for the development of computer assisted tomography,,1979-10-11,800000,3778486,https://www.nobelprize.org/prizes/medicine/1979/summary/,https://api.nobelprize.org/2/nobelPrize/med/1979,https://www.nobelprize.org/nomination/archive/list.php?prize=3&year=1979,sealed_or_not_published,,nominations_sealed
1979,literature,True,655,Odysseus Elytis,1,received,"for his poetry, which, against the background of Greek tradition, depicts with sensuous strength and intellectual clear-sightedness modern man's struggle for freedom and creativeness",,1979-10-18,800000,3778486,https://www.nobelprize.org/prizes/literature/1979/summary/,https://api.nobelprize.org/2/nobelPrize/lit/1979,https://www.nobelprize.org/nomination/archive/list.php?prize=4&year=1979,sealed_or_not_published,,nominations_sealed
1979,economics,True,692 | 693,Theodore W. Schultz | Sir Arthur Lewis,1/2 | 1/2,received | received,for their pioneering research into economic development research with particular consideration of the problems of developing countries | for their pioneering research into economic development research with particular consideration of the problems of developing countries,,1979-10-16,800000,3778486,https://www.nobelprize.org/prizes/economic-sciences/1979/summary/,https://api.nobelprize.org/2/nobelPrize/eco/1979,https://www.nobelprize.org/nomination/archive/list.php?prize=6&year=1979,not_in_public_archive,,not_in_alfred_nobels_will
1979,chemistry,True,252 | 253,Herbert C. Brown | Georg Wittig,1/2 | 1/2,received | received,"for their development of the use of boron- and phosphorus-containing compounds, respectively, into important reagents in organic synthesis | for their development of the use of boron- and phosphorus-containing compounds, respectively, into important reagents in organic synthesis",,1979-10-15,800000,3778486,https://www.nobelprize.org/prizes/chemistry/1979/summary/,https://api.nobelprize.org/2/nobelPrize/che/1979,https://www.nobelprize.org/nomination/archive/list.php?prize=2&year=1979,sealed_or_not_published,,nominations_sealed
1978,physics,True,110 | 111 | 112,Pyotr Kapitsa | Arno Penzias | Robert Woodrow Wilson,1/2 | 1/4 | 1/4,received | received | received,for his basic inventions and discoveries in the area of low-temperature physics | for their discovery of cosmic microwave background radiation | for their discovery of cosmic microwave background radiation,,1978-10-17,725000,3665192,https://www.nobelprize.org/prizes/physics/1978/summary/,https://api.nobelprize.org/2/nobelPrize/phy/1978,https://www.nobelprize.org/nomination/archive/list.php?prize=1&year=1978,sealed_or_not_published,,nominations_sealed
1978,peace,True,538 | 539,Anwar al-Sadat | Menachem Begin,1/2 | 1/2,received | received,for jointly having negotiated peace between Egypt and Israel in 1978 | for jointly having negotiated peace between Egypt and Israel in 1978,,1978-10-27,725000,3665192,https://www.nobelprize.org/prizes/peace/1978/summary/,https://api.nobelprize.org/2/nobelPrize/pea/1978,https://www.nobelprize.org/nomination/archive/list.php?prize=5&year=1978,sealed_or_not_published,,nominations_sealed
1978,medicine,True,414 | 415 | 416,Werner Arber | Daniel Nathans | Hamilton O. Smith,1/3 | 1/3 | 1/3,received | received | received,for the discovery of restriction enzymes and their application to problems of molecular genetics | for the discovery of restriction enzymes and their application to problems of molecular genetics | for the discovery of restriction enzymes and their application to problems of molecular genetics,,1978-10-12,725000,3665192,https://www.nobelprize.org/prizes/medicine/1978/summary/,https://api.nobelprize.org/2/nobelPrize/med/1978,https://www.nobelprize.org/nomination/archive/list.php?prize=3&year=1978,sealed_or_not_published,,nominations_sealed
1978,literature,True,654,Isaac Bashevis Singer,1,received,"for his impassioned narrative art which, with roots in a Polish-Jewish cultural tradition, brings universal human conditions to life",,1978-10-05,725000,3665192,https://www.nobelprize.org/prizes/literature/1978/summary/,https://api.nobelprize.org/2/nobelPrize/lit/1978,https://www.nobelprize.org/nomination/archive/list.php?prize=4&year=1978,sealed_or_not_published,,nominations_sealed
1978,economics,True,691,Herbert Simon,1,received,for his pioneering research into the decision-making process within economic organizations,,1978-10-16,725000,3665192,https://www.nobelprize.org/prizes/economic-sciences/1978/summary/,https://api.nobelprize.org/2/nobelPrize/eco/1978,https://www.nobelprize.org/nomination/archive/list.php?prize=6&year=1978,not_in_public_archive,,not_in_alfred_nobels_will
1978,chemistry,True,251,Peter Mitchell,1,received,for his contribution to the understanding of biological energy transfer through the formulation of the chemiosmotic theory,,1978-10-17,725000,3665192,https://www.nobelprize.org/prizes/chemistry/1978/summary/,https://api.nobelprize.org/2/nobelPrize/che/1978,https://www.nobelprize.org/nomination/archive/list.php?prize=2&year=1978,sealed_or_not_published,,nominations_sealed
1977,physics,True,107 | 108 | 109,Philip W. Anderson | Sir Nevill F. Mott | John H. Van Vleck,1/3 | 1/3 | 1/3,received | received | received,for their fundamental theoretical investigations of the electronic structure of magnetic and disordered systems | for their fundamental theoretical investigations of the electronic structure of magnetic and disordered systems | for their fundamental theoretical investigations of the electronic structure of magnetic and disordered systems,,1977-10-11,700000,3896009,https://www.nobelprize.org/prizes/physics/1977/summary/,https://api.nobelprize.org/2/nobelPrize/phy/1977,https://www.nobelprize.org/nomination/archive/list.php?prize=1&year=1977,sealed_or_not_published,,nominations_sealed
1977,peace,True,537,Amnesty International,1,received,for worldwide respect for human rights,,1977-10-10,700000,3896009,https://www.nobelprize.org/prizes/peace/1977/summary/,https://api.nobelprize.org/2/nobelPrize/pea/1977,https://www.nobelprize.org/nomination/archive/list.php?prize=5&year=1977,sealed_or_not_published,,nominations_sealed
1977,medicine,True,411 | 412 | 413,Roger Guillemin | Andrew V. Schally | Rosalyn Yalow,1/4 | 1/4 | 1/2,received | received | received,for their discoveries concerning the peptide hormone production of the brain | for their discoveries concerning the peptide hormone production of the brain | for the development of radioimmunoassays of peptide hormones,,1977-10-13,700000,3896009,https://www.nobelprize.org/prizes/medicine/1977/summary/,https://api.nobelprize.org/2/nobelPrize/med/1977,https://www.nobelprize.org/nomination/archive/list.php?prize=3&year=1977,sealed_or_not_published,,nominations_sealed
1977,literature,True,653,Vicente Aleixandre,1,received,"for a creative poetic writing which illuminates man's condition in the cosmos and in present-day society, at the same time representing the great renewal of the traditions of Spanish poetry between the wars",,1977-10-06,700000,3896009,https://www.nobelprize.org/prizes/literature/1977/summary/,https://api.nobelprize.org/2/nobelPrize/lit/1977,https://www.nobelprize.org/nomination/archive/list.php?prize=4&year=1977,sealed_or_not_published,,nominations_sealed
1977,economics,True,689 | 690,Bertil Ohlin | James E. Meade,1/2 | 1/2,received | received,for their pathbreaking contribution to the theory of international trade and international capital movements | for their pathbreaking contribution to the theory of international trade and international capital movements,,1977-10-14,700000,3896009,https://www.nobelprize.org/prizes/economic-sciences/1977/summary/,https://api.nobelprize.org/2/nobelPrize/eco/1977,https://www.nobelprize.org/nomination/archive/list.php?prize=6&year=1977,not_in_public_archive,,not_in_alfred_nobels_will
1977,chemistry,True,250,Ilya Prigogine,1,received,"for his contributions to non-equilibrium thermodynamics, particularly the theory of dissipative structures",,1977-10-11,700000,3896009,https://www.nobelprize.org/prizes/chemistry/1977/summary/,https://api.nobelprize.org/2/nobelPrize/che/1977,https://www.nobelprize.org/nomination/archive/list.php?prize=2&year=1977,sealed_or_not_published,,nominations_sealed
1976,physics,True,105 | 106,Burton Richter | Samuel C.C. Ting,1/2 | 1/2,received | received,for their pioneering work in the discovery of a heavy elementary particle of a new kind | for their pioneering work in the discovery of a heavy elementary particle of a new kind,,1976-10-18,681000,4226835,https://www.nobelprize.org/prizes/physics/1976/summary/,https://api.nobelprize.org/2/nobelPrize/phy/1976,https://www.nobelprize.org/nomination/archive/list.php?prize=1&year=1976,sealed_or_not_published,,nominations_sealed
1976,peace,True,535 | 536,Betty Williams | Mairead Corrigan,1/2 | 1/2,received | received,for the courageous efforts in founding a movement to put an end to the violent conflict in Northern Ireland | for the courageous efforts in founding a movement to put an end to the violent conflict in Northern Ireland,,1977-10-10,681000,4226835,https://www.nobelprize.org/prizes/peace/1976/summary/,https://api.nobelprize.org/2/nobelPrize/pea/1976,https://www.nobelprize.org/nomination/archive/list.php?prize=5&year=1976,sealed_or_not_published,,nominations_sealed
1976,medicine,True,409 | 410,Baruch S. Blumberg | D. Carleton Gajdusek,1/2 | 1/2,received | received,for their discoveries concerning new mechanisms for the origin and dissemination of infectious diseases | for their discoveries concerning new mechanisms for the origin and dissemination of infectious diseases,,1976-10-14,681000,4226835,https://www.nobelprize.org/prizes/medicine/1976/summary/,https://api.nobelprize.org/2/nobelPrize/med/1976,https://www.nobelprize.org/nomination/archive/list.php?prize=3&year=1976,sealed_or_not_published,,nominations_sealed
1976,literature,True,652,Saul Bellow,1,received,for the human understanding and subtle analysis of contemporary culture that are combined in his work,,1976-10-21,681000,4226835,https://www.nobelprize.org/prizes/literature/1976/summary/,https://api.nobelprize.org/2/nobelPrize/lit/1976,https://www.nobelprize.org/nomination/archive/list.php?prize=4&year=1976,sealed_or_not_published,,nominations_sealed
1976,economics,True,688,Milton Friedman,1,received,"for his achievements in the fields of consumption analysis, monetary history and theory and for his demonstration of the complexity of stabilization policy",,1976-10-14,681000,4226835,https://www.nobelprize.org/prizes/economic-sciences/1976/summary/,https://api.nobelprize.org/2/nobelPrize/eco/1976,https://www.nobelprize.org/nomination/archive/list.php?prize=6&year=1976,not_in_public_archive,,not_in_alfred_nobels_will
1976,chemistry,True,249,William Lipscomb,1,received,for his studies on the structure of boranes illuminating problems of chemical bonding,,1976-10-18,681000,4226835,https://www.nobelprize.org/prizes/chemistry/1976/summary/,https://api.nobelprize.org/2/nobelPrize/che/1976,https://www.nobelprize.org/nomination/archive/list.php?prize=2&year=1976,sealed_or_not_published,,nominations_sealed
1975,physics,True,102 | 103 | 104,Aage N. Bohr | Ben R. Mottelson | James Rainwater,1/3 | 1/3 | 1/3,received | received | received,for the discovery of the connection between collective motion and particle motion in atomic nuclei and the development of the theory of the structure of the atomic nucleus based on this connection | for the discovery of the connection between collective motion and particle motion in atomic nuclei and the development of the theory of the structure of the atomic nucleus based on this connection | for the discovery of the connection between collective motion and particle motion in atomic nuclei and the development of the theory of the structure of the atomic nucleus based on this connection,,1975-10-17,630000,4304697,https://www.nobelprize.org/prizes/physics/1975/summary/,https://api.nobelprize.org/2/nobelPrize/phy/1975,https://www.nobelprize.org/nomination/archive/list.php?prize=1&year=1975,ingested,176,nomination_list_spelling_differs
1975,peace,True,534,Andrei Sakharov,1,received,"for his struggle for human rights in the Soviet Union, for disarmament and cooperation between all nations",,1975-10-09,630000,4304697,https://www.nobelprize.org/prizes/peace/1975/summary/,https://api.nobelprize.org/2/nobelPrize/pea/1975,https://www.nobelprize.org/nomination/archive/list.php?prize=5&year=1975,ingested,121,
1975,medicine,True,406 | 407 | 408,David Baltimore | Renato Dulbecco | Howard M. Temin,1/3 | 1/3 | 1/3,received | received | received,for their discoveries concerning the interaction between tumour viruses and the genetic material of the cell | for their discoveries concerning the interaction between tumour viruses and the genetic material of the cell | for their discoveries concerning the interaction between tumour viruses and the genetic material of the cell,,1975-10-16,630000,4304697,https://www.nobelprize.org/prizes/medicine/1975/summary/,https://api.nobelprize.org/2/nobelPrize/med/1975,https://www.nobelprize.org/nomination/archive/list.php?prize=3&year=1975,not_released_by_awarding_institution,0,medicine_nominations_not_released | medicine_page_returned_zero
1975,literature,True,651,Eugenio Montale,1,received,"for his distinctive poetry which, with great artistic sensitivity, has interpreted human values under the sign of an outlook on life with no illusions",,1975-10-23,630000,4304697,https://www.nobelprize.org/prizes/literature/1975/summary/,https://api.nobelprize.org/2/nobelPrize/lit/1975,https://www.nobelprize.org/nomination/archive/list.php?prize=4&year=1975,ingested,223,
1975,economics,True,686 | 687,Leonid Vitaliyevich Kantorovich | Tjalling C. Koopmans,1/2 | 1/2,received | received,for their contributions to the theory of optimum allocation of resources | for their contributions to the theory of optimum allocation of resources,,1975-10-14,630000,4304697,https://www.nobelprize.org/prizes/economic-sciences/1975/summary/,https://api.nobelprize.org/2/nobelPrize/eco/1975,https://www.nobelprize.org/nomination/archive/list.php?prize=6&year=1975,not_in_public_archive,,not_in_alfred_nobels_will
1975,chemistry,True,247 | 248,John Cornforth | Vladimir Prelog,1/2 | 1/2,received | received,for his work on the stereochemistry of enzyme-catalyzed reactions | for his research into the stereochemistry of organic molecules and reactions,,1975-10-17,630000,4304697,https://www.nobelprize.org/prizes/chemistry/1975/summary/,https://api.nobelprize.org/2/nobelPrize/che/1975,https://www.nobelprize.org/nomination/archive/list.php?prize=2&year=1975,ingested,159,nomination_list_spelling_differs
1974,physics,True,100 | 101,Martin Ryle | Antony Hewish,1/2 | 1/2,received | received,"for their pioneering research in radio astrophysics: Ryle for his observations and inventions, in particular of the aperture synthesis technique, and Hewish for his decisive role in the discovery of pulsars | for their pioneering research in radio astrophysics: Ryle for his observations and inventions, in particular of the aperture synthesis technique, and Hewish for his decisive role in the discovery of pulsars",,1974-10-15,550000,4126741,https://www.nobelprize.org/prizes/physics/1974/summary/,https://api.nobelprize.org/2/nobelPrize/phy/1974,https://www.nobelprize.org/nomination/archive/list.php?prize=1&year=1974,ingested,163,
1974,peace,True,532 | 533,Seán MacBride | Eisaku Satō,1/2 | 1/2,received | received,for his efforts to secure and develop human rights throughout the world | for his contribution to stabilize conditions in the Pacific rim area and for signing the Nuclear Non-Proliferation Treaty,,1974-10-09,550000,4126741,https://www.nobelprize.org/prizes/peace/1974/summary/,https://api.nobelprize.org/2/nobelPrize/pea/1974,https://www.nobelprize.org/nomination/archive/list.php?prize=5&year=1974,ingested,105,nomination_list_near_spelling
1974,medicine,True,403 | 404 | 405,Albert Claude | Christian de Duve | George E. Palade,1/3 | 1/3 | 1/3,received | received | received,for their discoveries concerning the structural and functional organization of the cell | for their discoveries concerning the structural and functional organization of the cell | for their discoveries concerning the structural and functional organization of the cell,,1974-10-10,550000,4126741,https://www.nobelprize.org/prizes/medicine/1974/summary/,https://api.nobelprize.org/2/nobelPrize/med/1974,https://www.nobelprize.org/nomination/archive/list.php?prize=3&year=1974,not_released_by_awarding_institution,0,medicine_nominations_not_released | medicine_page_returned_zero
1974,literature,True,649 | 650,Eyvind Johnson | Harry Martinson,1/2 | 1/2,received | received,"for a narrative art, far-seeing in lands and ages, in the service of freedom | for writings that catch the dewdrop and reflect the cosmos",,1974-10-03,550000,4126741,https://www.nobelprize.org/prizes/literature/1974/summary/,https://api.nobelprize.org/2/nobelPrize/lit/1974,https://www.nobelprize.org/nomination/archive/list.php?prize=4&year=1974,ingested,188,
1974,economics,True,684 | 685,Gunnar Myrdal | Friedrich von Hayek,1/2 | 1/2,received | received,"for their pioneering work in the theory of money and economic fluctuations and for their penetrating analysis of the interdependence of economic, social and institutional phenomena | for their pioneering work in the theory of money and economic fluctuations and for their penetrating analysis of the interdependence of economic, social and institutional phenomena",,1974-10-09,550000,4126741,https://www.nobelprize.org/prizes/economic-sciences/1974/summary/,https://api.nobelprize.org/2/nobelPrize/eco/1974,https://www.nobelprize.org/nomination/archive/list.php?prize=6&year=1974,not_in_public_archive,,affiliation_not_published | not_in_alfred_nobels_will
1974,chemistry,True,246,Paul J. Flory,1,received,"for his fundamental achievements, both theoretical and experimental, in the physical chemistry of the macromolecules",,1974-10-15,550000,4126741,https://www.nobelprize.org/prizes/chemistry/1974/summary/,https://api.nobelprize.org/2/nobelPrize/che/1974,https://www.nobelprize.org/nomination/archive/list.php?prize=2&year=1974,ingested,165,nomination_list_spelling_differs
1973,physics,True,97 | 98 | 99,Leo Esaki | Ivar Giaever | Brian D. Josephson,1/4 | 1/4 | 1/2,received | received | received,"for their experimental discoveries regarding tunneling phenomena in semiconductors and superconductors, respectively | for their experimental discoveries regarding tunneling phenomena in semiconductors and superconductors, respectively | for his theoretical predictions of the properties of a supercurrent through a tunnel barrier, in particular those phenomena which are generally known as the Josephson effects",,1973-10-23,510000,4213275,https://www.nobelprize.org/prizes/physics/1973/summary/,https://api.nobelprize.org/2/nobelPrize/phy/1973,https://www.nobelprize.org/nomination/archive/list.php?prize=1&year=1973,ingested,167,laureate_name_not_on_nomination_list
1973,peace,True,530 | 531,Henry Kissinger | Le Duc Tho,1/2 | 1/2,received | declined,for jointly having negotiated a cease fire in Vietnam in 1973 | for jointly having negotiated a cease fire in Vietnam in 1973,,1973-10-17,510000,4213275,https://www.nobelprize.org/prizes/peace/1973/summary/,https://api.nobelprize.org/2/nobelPrize/pea/1973,https://www.nobelprize.org/nomination/archive/list.php?prize=5&year=1973,ingested,170,nomination_list_spelling_differs | official_decline_wording_differs_across_pages | prize_status_not_received
1973,medicine,True,400 | 401 | 402,Karl von Frisch | Konrad Lorenz | Nikolaas Tinbergen,1/3 | 1/3 | 1/3,received | received | received,for their discoveries concerning organization and elicitation of individual and social behaviour patterns | for their discoveries concerning organization and elicitation of individual and social behaviour patterns | for their discoveries concerning organization and elicitation of individual and social behaviour patterns,,1973-10-11,510000,4213275,https://www.nobelprize.org/prizes/medicine/1973/summary/,https://api.nobelprize.org/2/nobelPrize/med/1973,https://www.nobelprize.org/nomination/archive/list.php?prize=3&year=1973,not_released_by_awarding_institution,0,medicine_nominations_not_released | medicine_page_returned_zero
1973,literature,True,648,Patrick White,1,received,for an epic and psychological narrative art which has introduced a new continent into literature,,1973-10-25,510000,4213275,https://www.nobelprize.org/prizes/literature/1973/summary/,https://api.nobelprize.org/2/nobelPrize/lit/1973,https://www.nobelprize.org/nomination/archive/list.php?prize=4&year=1973,ingested,205,
1973,economics,True,683,Wassily Leontief,1,received,for the development of the input-output method and for its application to important economic problems,,1973-10-18,510000,4213275,https://www.nobelprize.org/prizes/economic-sciences/1973/summary/,https://api.nobelprize.org/2/nobelPrize/eco/1973,https://www.nobelprize.org/nomination/archive/list.php?prize=6&year=1973,not_in_public_archive,,not_in_alfred_nobels_will
1973,chemistry,True,244 | 245,Ernst Otto Fischer | Geoffrey Wilkinson,1/2 | 1/2,received | received,"for their pioneering work, performed independently, on the chemistry of the organometallic, so called sandwich compounds | for their pioneering work, performed independently, on the chemistry of the organometallic, so called sandwich compounds",,1973-10-23,510000,4213275,https://www.nobelprize.org/prizes/chemistry/1973/summary/,https://api.nobelprize.org/2/nobelPrize/che/1973,https://www.nobelprize.org/nomination/archive/list.php?prize=2&year=1973,ingested,166,
1972,physics,True,66 | 95 | 96,John Bardeen | Leon N. Cooper | Robert Schrieffer,1/3 | 1/3 | 1/3,received | received | received,"for their jointly developed theory of superconductivity, usually called the BCS-theory | for their jointly developed theory of superconductivity, usually called the BCS-theory | for their jointly developed theory of superconductivity, usually called the BCS-theory",,1972-10-20,480000,4230781,https://www.nobelprize.org/prizes/physics/1972/summary/,https://api.nobelprize.org/2/nobelPrize/phy/1972,https://www.nobelprize.org/nomination/archive/list.php?prize=1&year=1972,ingested,119,nomination_list_spelling_differs
1972,peace,False,,,,,,No Nobel Prize was awarded this year. The prize money for 1972 was allocated to the Main Fund.,,480000,4230781,https://www.nobelprize.org/prizes/peace/1972/summary/,https://api.nobelprize.org/2/nobelPrize/pea/1972,https://www.nobelprize.org/nomination/archive/list.php?prize=5&year=1972,ingested,99,prize_not_awarded
1972,medicine,True,398 | 399,Gerald M. Edelman | Rodney R. Porter,1/2 | 1/2,received | received,for their discoveries concerning the chemical structure of antibodies | for their discoveries concerning the chemical structure of antibodies,,1972-10-12,480000,4230781,https://www.nobelprize.org/prizes/medicine/1972/summary/,https://api.nobelprize.org/2/nobelPrize/med/1972,https://www.nobelprize.org/nomination/archive/list.php?prize=3&year=1972,not_released_by_awarding_institution,0,medicine_nominations_not_released | medicine_page_returned_zero
1972,literature,True,647,Heinrich Böll,1,received,for his writing which through its combination of a broad perspective on his time and a sensitive skill in characterization has contributed to a renewal of German literature,,1972-10-19,480000,4230781,https://www.nobelprize.org/prizes/literature/1972/summary/,https://api.nobelprize.org/2/nobelPrize/lit/1972,https://www.nobelprize.org/nomination/archive/list.php?prize=4&year=1972,ingested,158,
1972,economics,True,681 | 682,John R. Hicks | Kenneth J. Arrow,1/2 | 1/2,received | received,for their pioneering contributions to general economic equilibrium theory and welfare theory | for their pioneering contributions to general economic equilibrium theory and welfare theory,,1972-10-25,480000,4230781,https://www.nobelprize.org/prizes/economic-sciences/1972/summary/,https://api.nobelprize.org/2/nobelPrize/eco/1972,https://www.nobelprize.org/nomination/archive/list.php?prize=6&year=1972,not_in_public_archive,,not_in_alfred_nobels_will
1972,chemistry,True,241 | 242 | 243,Christian Anfinsen | Stanford Moore | William H. Stein,1/2 | 1/4 | 1/4,received | received | received,"for his work on ribonuclease, especially concerning the connection between the amino acid sequence and the biologically active conformation | for their contribution to the understanding of the connection between chemical structure and catalytic activity of the active centre of the ribonuclease molecule | for their contribution to the understanding of the connection between chemical structure and catalytic activity of the active centre of the ribonuclease molecule",,1972-10-20,480000,4230781,https://www.nobelprize.org/prizes/chemistry/1972/summary/,https://api.nobelprize.org/2/nobelPrize/che/1972,https://www.nobelprize.org/nomination/archive/list.php?prize=2&year=1972,ingested,151,nomination_list_spelling_differs
1971,physics,True,93,Dennis Gabor,1,received,for his invention and development of the holographic method,,1971-11-02,450000,4200591,https://www.nobelprize.org/prizes/physics/1971/summary/,https://api.nobelprize.org/2/nobelPrize/phy/1971,https://www.nobelprize.org/nomination/archive/list.php?prize=1&year=1971,ingested,113,
1971,peace,True,529,Willy Brandt,1,received,for paving the way for a meaningful dialogue between East and West,,1971-10-21,450000,4200591,https://www.nobelprize.org/prizes/peace/1971/summary/,https://api.nobelprize.org/2/nobelPrize/pea/1971,https://www.nobelprize.org/nomination/archive/list.php?prize=5&year=1971,ingested,86,
1971,medicine,True,397,"Earl W. Sutherland, Jr.",1,received,for his discoveries concerning the mechanisms of the action of hormones,,1971-10-14,450000,4200591,https://www.nobelprize.org/prizes/medicine/1971/summary/,https://api.nobelprize.org/2/nobelPrize/med/1971,https://www.nobelprize.org/nomination/archive/list.php?prize=3&year=1971,not_released_by_awarding_institution,0,medicine_nominations_not_released | medicine_page_returned_zero
1971,literature,True,645,Pablo Neruda,1,received,for a poetry that with the action of an elemental force brings alive a continent's destiny and dreams,,1971-10-21,450000,4200591,https://www.nobelprize.org/prizes/literature/1971/summary/,https://api.nobelprize.org/2/nobelPrize/lit/1971,https://www.nobelprize.org/nomination/archive/list.php?prize=4&year=1971,ingested,137,
1971,economics,True,680,Simon Kuznets,1,received,for his empirically founded interpretation of economic growth which has led to new and deepened insight into the economic and social structure and process of development,,1971-10-15,450000,4200591,https://www.nobelprize.org/prizes/economic-sciences/1971/summary/,https://api.nobelprize.org/2/nobelPrize/eco/1971,https://www.nobelprize.org/nomination/archive/list.php?prize=6&year=1971,not_in_public_archive,,not_in_alfred_nobels_will
1971,chemistry,True,240,Gerhard Herzberg,1,received,"for his contributions to the knowledge of electronic structure and geometry of molecules, particularly free radicals",,1971-11-02,450000,4200591,https://www.nobelprize.org/prizes/chemistry/1971/summary/,https://api.nobelprize.org/2/nobelPrize/che/1971,https://www.nobelprize.org/nomination/archive/list.php?prize=2&year=1971,ingested,114,
1970,physics,True,91 | 92,Hannes Alfvén | Louis Néel,1/2 | 1/2,received | received,for fundamental work and discoveries in magnetohydro-dynamics with fruitful applications in different parts of plasma physics | for fundamental work and discoveries concerning antiferromagnetism and ferrimagnetism which have led to important applications in solid state physics,,1970-10-27,400000,4018644,https://www.nobelprize.org/prizes/physics/1970/summary/,https://api.nobelprize.org/2/nobelPrize/phy/1970,https://www.nobelprize.org/nomination/archive/list.php?prize=1&year=1970,ingested,121,
1970,peace,True,528,Norman Borlaug,1,received,for having given a well-founded hope - the green revolution,,1970-10-21,400000,4018644,https://www.nobelprize.org/prizes/peace/1970/summary/,https://api.nobelprize.org/2/nobelPrize/pea/1970,https://www.nobelprize.org/nomination/archive/list.php?prize=5&year=1970,ingested,70,nomination_list_spelling_differs
1970,medicine,True,394 | 395 | 396,Sir Bernard Katz | Ulf von Euler | Julius Axelrod,1/3 | 1/3 | 1/3,received | received | received,"for their discoveries concerning the humoral transmitters in the nerve terminals and the mechanism for their storage, release and inactivation | for their discoveries concerning the humoral transmitters in the nerve terminals and the mechanism for their storage, release and inactivation | for their discoveries concerning the humoral transmitters in the nerve terminals and the mechanism for their storage, release and inactivation",,1970-10-15,400000,4018644,https://www.nobelprize.org/prizes/medicine/1970/summary/,https://api.nobelprize.org/2/nobelPrize/med/1970,https://www.nobelprize.org/nomination/archive/list.php?prize=3&year=1970,not_released_by_awarding_institution,0,medicine_nominations_not_released | medicine_page_returned_zero
1970,literature,True,644,Aleksandr Solzhenitsyn,1,received,for the ethical force with which he has pursued the indispensable traditions of Russian literature,,1970-10-08,400000,4018644,https://www.nobelprize.org/prizes/literature/1970/summary/,https://api.nobelprize.org/2/nobelPrize/lit/1970,https://www.nobelprize.org/nomination/archive/list.php?prize=4&year=1970,ingested,128,nomination_list_near_spelling
1970,economics,True,679,Paul A. Samuelson,1,received,for the scientific work through which he has developed static and dynamic economic theory and actively contributed to raising the level of analysis in economic science,,1970-10-26,400000,4018644,https://www.nobelprize.org/prizes/economic-sciences/1970/summary/,https://api.nobelprize.org/2/nobelPrize/eco/1970,https://www.nobelprize.org/nomination/archive/list.php?prize=6&year=1970,not_in_public_archive,,not_in_alfred_nobels_will
1970,chemistry,True,239,Luis Leloir,1,received,for his discovery of sugar nucleotides and their role in the biosynthesis of carbohydrates,,1970-10-27,400000,4018644,https://www.nobelprize.org/prizes/chemistry/1970/summary/,https://api.nobelprize.org/2/nobelPrize/che/1970,https://www.nobelprize.org/nomination/archive/list.php?prize=2&year=1970,ingested,115,nomination_list_spelling_differs
1969,physics,True,90,Murray Gell-Mann,1,received,for his contributions and discoveries concerning the classification of elementary particles and their interactions,,1969-10-30,375000,4023190,https://www.nobelprize.org/prizes/physics/1969/summary/,https://api.nobelprize.org/2/nobelPrize/phy/1969,https://www.nobelprize.org/nomination/archive/list.php?prize=1&year=1969,ingested,132,
1969,peace,True,527,International Labour Organization,1,received,for creating international legislation insuring certain norms for working conditions in every country,,1969-10-20,375000,4023190,https://www.nobelprize.org/prizes/peace/1969/summary/,https://api.nobelprize.org/2/nobelPrize/pea/1969,https://www.nobelprize.org/nomination/archive/list.php?prize=5&year=1969,ingested,75,nomination_list_spelling_differs
1969,medicine,True,391 | 392 | 393,Max Delbrück | Alfred D. Hershey | Salvador E. Luria,1/3 | 1/3 | 1/3,received | received | received,for their discoveries concerning the replication mechanism and the genetic structure of viruses | for their discoveries concerning the replication mechanism and the genetic structure of viruses | for their discoveries concerning the replication mechanism and the genetic structure of viruses,,1969-10-16,375000,4023190,https://www.nobelprize.org/prizes/medicine/1969/summary/,https://api.nobelprize.org/2/nobelPrize/med/1969,https://www.nobelprize.org/nomination/archive/list.php?prize=3&year=1969,not_released_by_awarding_institution,0,medicine_nominations_not_released | medicine_page_returned_zero
1969,literature,True,643,Samuel Beckett,1,received,"for his writing, which - in new forms for the novel and drama - in the destitution of modern man acquires its elevation",,1969-10-23,375000,4023190,https://www.nobelprize.org/prizes/literature/1969/summary/,https://api.nobelprize.org/2/nobelPrize/lit/1969,https://www.nobelprize.org/nomination/archive/list.php?prize=4&year=1969,ingested,184,
1969,economics,True,677 | 678,Ragnar Frisch | Jan Tinbergen,1/2 | 1/2,received | received,for having developed and applied dynamic models for the analysis of economic processes | for having developed and applied dynamic models for the analysis of economic processes,,1969-10-27,375000,4023190,https://www.nobelprize.org/prizes/economic-sciences/1969/summary/,https://api.nobelprize.org/2/nobelPrize/eco/1969,https://www.nobelprize.org/nomination/archive/list.php?prize=6&year=1969,not_in_public_archive,0,not_in_alfred_nobels_will
1969,chemistry,True,237 | 238,Derek Barton | Odd Hassel,1/2 | 1/2,received | received,for their contributions to the development of the concept of conformation and its application in chemistry | for their contributions to the development of the concept of conformation and its application in chemistry,,1969-10-30,375000,4023190,https://www.nobelprize.org/prizes/chemistry/1969/summary/,https://api.nobelprize.org/2/nobelPrize/che/1969,https://www.nobelprize.org/nomination/archive/list.php?prize=2&year=1969,ingested,175,nomination_list_spelling_differs
1968,physics,True,89,Luis Alvarez,1,received,"for his decisive contributions to elementary particle physics, in particular the discovery of a large number of resonance states, made possible through his development of the technique of using hydrogen bubble chamber and data analysis",,1968-10-30,350000,3859767,https://www.nobelprize.org/prizes/physics/1968/summary/,https://api.nobelprize.org/2/nobelPrize/phy/1968,https://www.nobelprize.org/nomination/archive/list.php?prize=1&year=1968,ingested,128,nomination_list_spelling_differs
1968,peace,True,526,René Cassin,1,received,for his struggle to ensure the rights of man as stipulated in the UN Declaration,,1968-10-09,350000,3859767,https://www.nobelprize.org/prizes/peace/1968/summary/,https://api.nobelprize.org/2/nobelPrize/pea/1968,https://www.nobelprize.org/nomination/archive/list.php?prize=5&year=1968,ingested,78,
1968,medicine,True,388 | 389 | 390,Robert W. Holley | H. Gobind Khorana | Marshall W. Nirenberg,1/3 | 1/3 | 1/3,received | received | received,for their interpretation of the genetic code and its function in protein synthesis | for their interpretation of the genetic code and its function in protein synthesis | for their interpretation of the genetic code and its function in protein synthesis,,1968-10-16,350000,3859767,https://www.nobelprize.org/prizes/medicine/1968/summary/,https://api.nobelprize.org/2/nobelPrize/med/1968,https://www.nobelprize.org/nomination/archive/list.php?prize=3&year=1968,not_released_by_awarding_institution,0,medicine_nominations_not_released | medicine_page_returned_zero
1968,literature,True,642,Yasunari Kawabata,1,received,"for his narrative mastery, which with great sensibility expresses the essence of the Japanese mind",,1968-10-17,350000,3859767,https://www.nobelprize.org/prizes/literature/1968/summary/,https://api.nobelprize.org/2/nobelPrize/lit/1968,https://www.nobelprize.org/nomination/archive/list.php?prize=4&year=1968,ingested,112,
1968,chemistry,True,236,Lars Onsager,1,received,"for the discovery of the reciprocal relations bearing his name, which are fundamental for the thermodynamics of irreversible processes",,1968-10-30,350000,3859767,https://www.nobelprize.org/prizes/chemistry/1968/summary/,https://api.nobelprize.org/2/nobelPrize/che/1968,https://www.nobelprize.org/nomination/archive/list.php?prize=2&year=1968,ingested,139,
1967,physics,True,88,Hans Bethe,1,received,"for his contributions to the theory of nuclear reactions, especially his discoveries concerning the energy production in stars",,1967-10-30,320000,3595829,https://www.nobelprize.org/prizes/physics/1967/summary/,https://api.nobelprize.org/2/nobelPrize/phy/1967,https://www.nobelprize.org/nomination/archive/list.php?prize=1&year=1967,ingested,117,nomination_list_spelling_differs
1967,peace,False,,,,,,No Nobel Prize was awarded this year. 1/3 of the prize money was allocated to the main fund and 2/3 was allocated to the special fund of this prize section.,,320000,3595829,https://www.nobelprize.org/prizes/peace/1967/summary/,https://api.nobelprize.org/2/nobelPrize/pea/1967,https://www.nobelprize.org/nomination/archive/list.php?prize=5&year=1967,ingested,95,prize_not_awarded
1967,medicine,True,385 | 386 | 387,Ragnar Granit | Keffer Hartline | George Wald,1/3 | 1/3 | 1/3,received | received | received,for their discoveries concerning the primary physiological and chemical visual processes in the eye | for their discoveries concerning the primary physiological and chemical visual processes in the eye | for their discoveries concerning the primary physiological and chemical visual processes in the eye,,1967-10-18,320000,3595829,https://www.nobelprize.org/prizes/medicine/1967/summary/,https://api.nobelprize.org/2/nobelPrize/med/1967,https://www.nobelprize.org/nomination/archive/list.php?prize=3&year=1967,not_released_by_awarding_institution,0,medicine_nominations_not_released | medicine_page_returned_zero
1967,literature,True,641,Miguel Angel Asturias,1,received,"for his vivid literary achievement, deep-rooted in the national traits and traditions of Indian peoples of Latin America",,1967-10-19,320000,3595829,https://www.nobelprize.org/prizes/literature/1967/summary/,https://api.nobelprize.org/2/nobelPrize/lit/1967,https://www.nobelprize.org/nomination/archive/list.php?prize=4&year=1967,ingested,112,nomination_list_spelling_differs
1967,chemistry,True,233 | 234 | 235,Manfred Eigen | Ronald G.W. Norrish | George Porter,1/2 | 1/4 | 1/4,received | received | received,"for their studies of extremely fast chemical reactions, effected by disturbing the equilibrium by means of very short pulses of energy | for their studies of extremely fast chemical reactions, effected by disturbing the equilibrium by means of very short pulses of energy | for their studies of extremely fast chemical reactions, effected by disturbing the equilibrium by means of very short pulses of energy",,1967-10-30,320000,3595829,https://www.nobelprize.org/prizes/chemistry/1967/summary/,https://api.nobelprize.org/2/nobelPrize/che/1967,https://www.nobelprize.org/nomination/archive/list.php?prize=2&year=1967,ingested,135,nomination_list_spelling_differs
1966,physics,True,87,Alfred Kastler,1,received,for the discovery and development of optical methods for studying Hertzian resonances in atoms,,1966-11-03,300000,3521287,https://www.nobelprize.org/prizes/physics/1966/summary/,https://api.nobelprize.org/2/nobelPrize/phy/1966,https://www.nobelprize.org/nomination/archive/list.php?prize=1&year=1966,ingested,115,
1966,peace,False,,,,,,No Nobel Prize was awarded this year. The prize money was allocated to the Special Fund of this prize section.,,300000,3521287,https://www.nobelprize.org/prizes/peace/1966/summary/,https://api.nobelprize.org/2/nobelPrize/pea/1966,https://www.nobelprize.org/nomination/archive/list.php?prize=5&year=1966,ingested,61,prize_not_awarded
1966,medicine,True,383 | 384,Peyton Rous | Charles B. Huggins,1/2 | 1/2,received | received,for his discovery of tumour-inducing viruses | for his discoveries concerning hormonal treatment of prostatic cancer,,1966-10-13,300000,3521287,https://www.nobelprize.org/prizes/medicine/1966/summary/,https://api.nobelprize.org/2/nobelPrize/med/1966,https://www.nobelprize.org/nomination/archive/list.php?prize=3&year=1966,not_released_by_awarding_institution,0,medicine_nominations_not_released | medicine_page_returned_zero
1966,literature,True,639 | 640,Shmuel Agnon | Nelly Sachs,1/2 | 1/2,received | received,"for his profoundly characteristic narrative art with motifs from the life of the Jewish people | for her outstanding lyrical and dramatic writing, which interprets Israel's destiny with touching strength",,1966-10-20,300000,3521287,https://www.nobelprize.org/prizes/literature/1966/summary/,https://api.nobelprize.org/2/nobelPrize/lit/1966,https://www.nobelprize.org/nomination/archive/list.php?prize=4&year=1966,ingested,99,nomination_list_near_spelling
1966,chemistry,True,232,Robert S. Mulliken,1,received,for his fundamental work concerning chemical bonds and the electronic structure of molecules by the molecular orbital method,,1966-11-03,300000,3521287,https://www.nobelprize.org/prizes/chemistry/1966/summary/,https://api.nobelprize.org/2/nobelPrize/che/1966,https://www.nobelprize.org/nomination/archive/list.php?prize=2&year=1966,ingested,118,nomination_list_spelling_differs
1965,physics,True,84 | 85 | 86,Sin-Itiro Tomonaga | Julian Schwinger | Richard P. Feynman,1/3 | 1/3 | 1/3,received | received | received,"for their fundamental work in quantum electrodynamics, with deep-ploughing consequences for the physics of elementary particles | for their fundamental work in quantum electrodynamics, with deep-ploughing consequences for the physics of elementary particles | for their fundamental work in quantum electrodynamics, with deep-ploughing consequences for the physics of elementary particles",,1965-10-21,282000,3519063,https://www.nobelprize.org/prizes/physics/1965/summary/,https://api.nobelprize.org/2/nobelPrize/phy/1965,https://www.nobelprize.org/nomination/archive/list.php?prize=1&year=1965,ingested,106,nomination_list_spelling_differs
1965,peace,True,525,United Nations Children's Fund,1,received,for its effort to enhance solidarity between nations and reduce the difference between rich and poor states,,1965-10-25,282000,3519063,https://www.nobelprize.org/prizes/peace/1965/summary/,https://api.nobelprize.org/2/nobelPrize/pea/1965,https://www.nobelprize.org/nomination/archive/list.php?prize=5&year=1965,ingested,78,laureate_name_not_on_nomination_list
1965,medicine,True,380 | 381 | 382,François Jacob | André Lwoff | Jacques Monod,1/3 | 1/3 | 1/3,received | received | received,for their discoveries concerning genetic control of enzyme and virus synthesis | for their discoveries concerning genetic control of enzyme and virus synthesis | for their discoveries concerning genetic control of enzyme and virus synthesis,,1965-10-14,282000,3519063,https://www.nobelprize.org/prizes/medicine/1965/summary/,https://api.nobelprize.org/2/nobelPrize/med/1965,https://www.nobelprize.org/nomination/archive/list.php?prize=3&year=1965,not_released_by_awarding_institution,0,medicine_nominations_not_released | medicine_page_returned_zero
1965,literature,True,638,Mikhail Sholokhov,1,received,"for the artistic power and integrity with which, in his epic of the Don, he has given expression to a historic phase in the life of the Russian people",,1965-10-15,282000,3519063,https://www.nobelprize.org/prizes/literature/1965/summary/,https://api.nobelprize.org/2/nobelPrize/lit/1965,https://www.nobelprize.org/nomination/archive/list.php?prize=4&year=1965,ingested,120,
1965,chemistry,True,231,Robert B. Woodward,1,received,for his outstanding achievements in the art of organic synthesis,,1965-10-21,282000,3519063,https://www.nobelprize.org/prizes/chemistry/1965/summary/,https://api.nobelprize.org/2/nobelPrize/che/1965,https://www.nobelprize.org/nomination/archive/list.php?prize=2&year=1965,ingested,101,nomination_list_spelling_differs
1964,physics,True,81 | 82 | 83,Charles H. Townes | Nicolay G. Basov | Aleksandr M. Prokhorov,1/2 | 1/4 | 1/4,received | received | received,"for fundamental work in the field of quantum electronics, which has led to the construction of oscillators and amplifiers based on the maser-laser principle | for fundamental work in the field of quantum electronics, which has led to the construction of oscillators and amplifiers based on the maser-laser principle | for fundamental work in the field of quantum electronics, which has led to the construction of oscillators and amplifiers based on the maser-laser principle",,1964-10-29,273000,3576149,https://www.nobelprize.org/prizes/physics/1964/summary/,https://api.nobelprize.org/2/nobelPrize/phy/1964,https://www.nobelprize.org/nomination/archive/list.php?prize=1&year=1964,ingested,90,laureate_only_possible_nominee_name_match | nomination_list_spelling_differs
1964,peace,True,524,Martin Luther King Jr.,1,received,for his non-violent struggle for civil rights for the Afro-American population,,1964-10-14,273000,3576149,https://www.nobelprize.org/prizes/peace/1964/summary/,https://api.nobelprize.org/2/nobelPrize/pea/1964,https://www.nobelprize.org/nomination/archive/list.php?prize=5&year=1964,ingested,92,nomination_list_spelling_differs
1964,medicine,True,378 | 379,Konrad Bloch | Feodor Lynen,1/2 | 1/2,received | received,for their discoveries concerning the mechanism and regulation of the cholesterol and fatty acid metabolism | for their discoveries concerning the mechanism and regulation of the cholesterol and fatty acid metabolism,,1964-10-15,273000,3576149,https://www.nobelprize.org/prizes/medicine/1964/summary/,https://api.nobelprize.org/2/nobelPrize/med/1964,https://www.nobelprize.org/nomination/archive/list.php?prize=3&year=1964,not_released_by_awarding_institution,0,medicine_nominations_not_released | medicine_page_returned_zero
1964,literature,True,637,Jean-Paul Sartre,1,declined,"for his work which, rich in ideas and filled with the spirit of freedom and the quest for truth, has exerted a far-reaching influence on our age",,1964-10-22,273000,3576149,https://www.nobelprize.org/prizes/literature/1964/summary/,https://api.nobelprize.org/2/nobelPrize/lit/1964,https://www.nobelprize.org/nomination/archive/list.php?prize=4&year=1964,ingested,98,official_declined_wording | prize_status_not_received
1964,chemistry,True,230,Dorothy Crowfoot Hodgkin,1,received,for her determinations by X-ray techniques of the structures of important biochemical substances,,1964-10-29,273000,3576149,https://www.nobelprize.org/prizes/chemistry/1964/summary/,https://api.nobelprize.org/2/nobelPrize/che/1964,https://www.nobelprize.org/nomination/archive/list.php?prize=2&year=1964,ingested,101,
1963,physics,True,78 | 79 | 80,Eugene Wigner | Maria Goeppert Mayer | J. Hans D. Jensen,1/2 | 1/4 | 1/4,received | received | received,"for his contributions to the theory of the atomic nucleus and the elementary particles, particularly through the discovery and application of fundamental symmetry principles | for their discoveries concerning nuclear shell structure | for their discoveries concerning nuclear shell structure",,1963-11-05,265000,3590371,https://www.nobelprize.org/prizes/physics/1963/summary/,https://api.nobelprize.org/2/nobelPrize/phy/1963,https://www.nobelprize.org/nomination/archive/list.php?prize=1&year=1963,ingested,81,nomination_list_spelling_differs
1963,peace,True,482 | 523,International Committee of the Red Cross | League of Red Cross Societies,1/2 | 1/2,received | received,for promoting the principles of the Geneva Convention and cooperation with the UN | for promoting the principles of the Geneva Convention and cooperation with the UN,,1963-10-10,265000,3590371,https://www.nobelprize.org/prizes/peace/1963/summary/,https://api.nobelprize.org/2/nobelPrize/pea/1963,https://www.nobelprize.org/nomination/archive/list.php?prize=5&year=1963,ingested,213,laureate_name_not_on_nomination_list | nomination_list_spelling_differs
1963,medicine,True,375 | 376 | 377,Sir John Eccles | Alan Hodgkin | Andrew Huxley,1/3 | 1/3 | 1/3,received | received | received,for their discoveries concerning the ionic mechanisms involved in excitation and inhibition in the peripheral and central portions of the nerve cell membrane | for their discoveries concerning the ionic mechanisms involved in excitation and inhibition in the peripheral and central portions of the nerve cell membrane | for their discoveries concerning the ionic mechanisms involved in excitation and inhibition in the peripheral and central portions of the nerve cell membrane,,1963-10-17,265000,3590371,https://www.nobelprize.org/prizes/medicine/1963/summary/,https://api.nobelprize.org/2/nobelPrize/med/1963,https://www.nobelprize.org/nomination/archive/list.php?prize=3&year=1963,not_released_by_awarding_institution,0,medicine_nominations_not_released | medicine_page_returned_zero
1963,literature,True,635,Giorgos Seferis,1,received,"for his eminent lyrical writing, inspired by a deep feeling for the Hellenic world of culture",,1963-10-24,265000,3590371,https://www.nobelprize.org/prizes/literature/1963/summary/,https://api.nobelprize.org/2/nobelPrize/lit/1963,https://www.nobelprize.org/nomination/archive/list.php?prize=4&year=1963,ingested,121,laureate_name_not_on_nomination_list
1963,chemistry,True,228 | 229,Karl Ziegler | Giulio Natta,1/2 | 1/2,received | received,for their discoveries in the field of the chemistry and technology of high polymers | for their discoveries in the field of the chemistry and technology of high polymers,,1963-11-05,265000,3590371,https://www.nobelprize.org/prizes/chemistry/1963/summary/,https://api.nobelprize.org/2/nobelPrize/che/1963,https://www.nobelprize.org/nomination/archive/list.php?prize=2&year=1963,ingested,88,
1962,physics,True,77,Lev Landau,1,received,"for his pioneering theories for condensed matter, especially liquid helium",,1962-11-01,257220,3587462,https://www.nobelprize.org/prizes/physics/1962/summary/,https://api.nobelprize.org/2/nobelPrize/phy/1962,https://www.nobelprize.org/nomination/archive/list.php?prize=1&year=1962,ingested,79,nomination_list_spelling_differs
1962,peace,True,217,Linus Pauling,1,received,for his fight against the nuclear arms race between East and West,,1963-10-10,257220,3587462,https://www.nobelprize.org/prizes/peace/1962/summary/,https://api.nobelprize.org/2/nobelPrize/pea/1962,https://www.nobelprize.org/nomination/archive/list.php?prize=5&year=1962,ingested,77,nomination_list_spelling_differs
1962,medicine,True,372 | 373 | 374,Francis Crick | James Watson | Maurice Wilkins,1/3 | 1/3 | 1/3,received | received | received,for their discoveries concerning the molecular structure of nucleic acids and its significance for information transfer in living material | for their discoveries concerning the molecular structure of nucleic acids and its significance for information transfer in living material | for their discoveries concerning the molecular structure of nucleic acids and its significance for information transfer in living material,,1962-10-18,257220,3587462,https://www.nobelprize.org/prizes/medicine/1962/summary/,https://api.nobelprize.org/2/nobelPrize/med/1962,https://www.nobelprize.org/nomination/archive/list.php?prize=3&year=1962,not_released_by_awarding_institution,0,medicine_nominations_not_released | medicine_page_returned_zero
1962,literature,True,634,John Steinbeck,1,received,"for his realistic and imaginative writings, combining as they do sympathetic humour and keen social perception",,1962-10-05,257220,3587462,https://www.nobelprize.org/prizes/literature/1962/summary/,https://api.nobelprize.org/2/nobelPrize/lit/1962,https://www.nobelprize.org/nomination/archive/list.php?prize=4&year=1962,ingested,86,
1962,chemistry,True,226 | 227,Max F. Perutz | John C. Kendrew,1/2 | 1/2,received | received,for their studies of the structures of globular proteins | for their studies of the structures of globular proteins,,1962-11-01,257220,3587462,https://www.nobelprize.org/prizes/chemistry/1962/summary/,https://api.nobelprize.org/2/nobelPrize/che/1962,https://www.nobelprize.org/nomination/archive/list.php?prize=2&year=1962,ingested,69,nomination_list_spelling_differs
1961,physics,True,75 | 76,Robert Hofstadter | Rudolf Mössbauer,1/2 | 1/2,received | received,for his pioneering studies of electron scattering in atomic nuclei and for his thereby achieved discoveries concerning the structure of the nucleons | for his researches concerning the resonance absorption of gamma radiation and his discovery in this connection of the effect which bears his name,,1961-11-02,250233,3639892,https://www.nobelprize.org/prizes/physics/1961/summary/,https://api.nobelprize.org/2/nobelPrize/phy/1961,https://www.nobelprize.org/nomination/archive/list.php?prize=1&year=1961,ingested,54,nomination_list_spelling_differs
1961,peace,True,520,Dag Hammarskjöld,1,received,"for developing the UN into an effective and constructive international organization, capable of giving life to the principles and aims expressed in the UN Charter",,1961-10-23,250233,3639892,https://www.nobelprize.org/prizes/peace/1961/summary/,https://api.nobelprize.org/2/nobelPrize/pea/1961,https://www.nobelprize.org/nomination/archive/list.php?prize=5&year=1961,ingested,131,death_date_before_award_date | nomination_list_spelling_differs | posthumous_facts_page
1961,medicine,True,371,Georg von Békésy,1,received,for his discoveries of the physical mechanism of stimulation within the cochlea,,1961-10-19,250233,3639892,https://www.nobelprize.org/prizes/medicine/1961/summary/,https://api.nobelprize.org/2/nobelPrize/med/1961,https://www.nobelprize.org/nomination/archive/list.php?prize=3&year=1961,not_released_by_awarding_institution,0,medicine_nominations_not_released | medicine_page_returned_zero
1961,literature,True,633,Ivo Andrić,1,received,for the epic force with which he has traced themes and depicted human destinies drawn from the history of his country,,1961-10-26,250233,3639892,https://www.nobelprize.org/prizes/literature/1961/summary/,https://api.nobelprize.org/2/nobelPrize/lit/1961,https://www.nobelprize.org/nomination/archive/list.php?prize=4&year=1961,ingested,93,nomination_list_spelling_differs
1961,chemistry,True,225,Melvin Calvin,1,received,for his research on the carbon dioxide assimilation in plants,,1961-11-02,250233,3639892,https://www.nobelprize.org/prizes/chemistry/1961/summary/,https://api.nobelprize.org/2/nobelPrize/che/1961,https://www.nobelprize.org/nomination/archive/list.php?prize=2&year=1961,ingested,80,
1960,physics,True,74,Donald A. Glaser,1,received,for the invention of the bubble chamber,,1960-11-03,225987,3369907,https://www.nobelprize.org/prizes/physics/1960/summary/,https://api.nobelprize.org/2/nobelPrize/phy/1960,https://www.nobelprize.org/nomination/archive/list.php?prize=1&year=1960,ingested,80,nomination_list_spelling_differs
1960,peace,True,519,Albert Lutuli,1,received,for his non-violent struggle against apartheid,,1961-10-23,225987,3369907,https://www.nobelprize.org/prizes/peace/1960/summary/,https://api.nobelprize.org/2/nobelPrize/pea/1960,https://www.nobelprize.org/nomination/archive/list.php?prize=5&year=1960,ingested,69,laureate_name_not_on_nomination_list
1960,medicine,True,369 | 370,Sir Frank Macfarlane Burnet | Peter Medawar,1/2 | 1/2,received | received,for discovery of acquired immunological tolerance | for discovery of acquired immunological tolerance,,1960-10-20,225987,3369907,https://www.nobelprize.org/prizes/medicine/1960/summary/,https://api.nobelprize.org/2/nobelPrize/med/1960,https://www.nobelprize.org/nomination/archive/list.php?prize=3&year=1960,not_released_by_awarding_institution,0,medicine_nominations_not_released | medicine_page_returned_zero
1960,literature,True,631,Saint-John Perse,1,received,for the soaring flight and the evocative imagery of his poetry which in a visionary fashion reflects the conditions of our time,,1960-10-26,225987,3369907,https://www.nobelprize.org/prizes/literature/1960/summary/,https://api.nobelprize.org/2/nobelPrize/lit/1960,https://www.nobelprize.org/nomination/archive/list.php?prize=4&year=1960,ingested,70,
1960,chemistry,True,224,Willard F. Libby,1,received,"for his method to use carbon-14 for age determination in archaeology, geology, geophysics, and other branches of science",,1960-11-03,225987,3369907,https://www.nobelprize.org/prizes/chemistry/1960/summary/,https://api.nobelprize.org/2/nobelPrize/che/1960,https://www.nobelprize.org/nomination/archive/list.php?prize=2&year=1960,ingested,82,nomination_list_spelling_differs
1959,physics,True,72 | 73,Emilio Segrè | Owen Chamberlain,1/2 | 1/2,received | received,for their discovery of the antiproton | for their discovery of the antiproton,,1959-10-26,220678,3419788,https://www.nobelprize.org/prizes/physics/1959/summary/,https://api.nobelprize.org/2/nobelPrize/phy/1959,https://www.nobelprize.org/nomination/archive/list.php?prize=1&year=1959,ingested,61,nomination_list_spelling_differs
1959,peace,True,518,Philip Noel-Baker,1,received,for his longstanding contribution to the cause of disarmament and peace,,1959-11-05,220678,3419788,https://www.nobelprize.org/prizes/peace/1959/summary/,https://api.nobelprize.org/2/nobelPrize/pea/1959,https://www.nobelprize.org/nomination/archive/list.php?prize=5&year=1959,ingested,43,
1959,medicine,True,367 | 368,Severo Ochoa | Arthur Kornberg,1/2 | 1/2,received | received,for their discovery of the mechanisms in the biological synthesis of ribonucleic acid and deoxyribonucleic acid | for their discovery of the mechanisms in the biological synthesis of ribonucleic acid and deoxyribonucleic acid,,1959-10-15,220678,3419788,https://www.nobelprize.org/prizes/medicine/1959/summary/,https://api.nobelprize.org/2/nobelPrize/med/1959,https://www.nobelprize.org/nomination/archive/list.php?prize=3&year=1959,not_released_by_awarding_institution,0,medicine_nominations_not_released | medicine_page_returned_zero
1959,literature,True,630,Salvatore Quasimodo,1,received,"for his lyrical poetry, which with classical fire expresses the tragic experience of life in our own times",,1959-10-22,220678,3419788,https://www.nobelprize.org/prizes/literature/1959/summary/,https://api.nobelprize.org/2/nobelPrize/lit/1959,https://www.nobelprize.org/nomination/archive/list.php?prize=4&year=1959,ingested,83,
1959,chemistry,True,223,Jaroslav Heyrovsky,1,received,for his discovery and development of the polarographic methods of analysis,,1959-10-26,220678,3419788,https://www.nobelprize.org/prizes/chemistry/1959/summary/,https://api.nobelprize.org/2/nobelPrize/che/1959,https://www.nobelprize.org/nomination/archive/list.php?prize=2&year=1959,ingested,69,nomination_list_spelling_differs
1958,physics,True,70 | 721 | 71,Pavel A. Cherenkov | Il´ja M. Frank | Igor Y. Tamm,1/3 | 1/3 | 1/3,received | received | received,for the discovery and the interpretation of the Cherenkov effect | for the discovery and the interpretation of the Cherenkov effect | for the discovery and the interpretation of the Cherenkov effect,,1958-10-28,214559,3346838,https://www.nobelprize.org/prizes/physics/1958/summary/,https://api.nobelprize.org/2/nobelPrize/phy/1958,https://www.nobelprize.org/nomination/archive/list.php?prize=1&year=1958,ingested,55,laureate_name_not_on_nomination_list | laureate_only_possible_nominee_name_match | nomination_list_spelling_differs
1958,peace,True,517,Georges Pire,1,received,for his efforts to help refugees to leave their camps and return to a life of freedom and dignity,,1958-11-10,214559,3346838,https://www.nobelprize.org/prizes/peace/1958/summary/,https://api.nobelprize.org/2/nobelPrize/pea/1958,https://www.nobelprize.org/nomination/archive/list.php?prize=5&year=1958,ingested,52,laureate_name_not_on_nomination_list
1958,medicine,True,364 | 365 | 366,George Beadle | Edward Tatum | Joshua Lederberg,1/4 | 1/4 | 1/2,received | received | received,for their discovery that genes act by regulating definite chemical events | for their discovery that genes act by regulating definite chemical events | for his discoveries concerning genetic recombination and the organization of the genetic material of bacteria,,1958-10-30,214559,3346838,https://www.nobelprize.org/prizes/medicine/1958/summary/,https://api.nobelprize.org/2/nobelPrize/med/1958,https://www.nobelprize.org/nomination/archive/list.php?prize=3&year=1958,not_released_by_awarding_institution,0,medicine_nominations_not_released | medicine_page_returned_zero
1958,literature,True,629,Boris Pasternak,1,restricted,for his important achievement both in contemporary lyrical poetry and in the field of the great Russian epic tradition,,1958-10-28,214559,3346838,https://www.nobelprize.org/prizes/literature/1958/summary/,https://api.nobelprize.org/2/nobelPrize/lit/1958,https://www.nobelprize.org/nomination/archive/list.php?prize=4&year=1958,ingested,70,facts_page_and_api_status_differ | facts_page_decline_vs_api_status | prize_status_not_received
1958,chemistry,True,222,Frederick Sanger,1,received,"for his work on the structure of proteins, especially that of insulin",,1958-10-28,214559,3346838,https://www.nobelprize.org/prizes/chemistry/1958/summary/,https://api.nobelprize.org/2/nobelPrize/che/1958,https://www.nobelprize.org/nomination/archive/list.php?prize=2&year=1958,ingested,85,
1957,physics,True,68 | 69,Chen Ning Yang | Tsung-Dao Lee,1/2 | 1/2,received | received,for their penetrating investigation of the so-called parity laws which has led to important discoveries regarding the elementary particles | for their penetrating investigation of the so-called parity laws which has led to important discoveries regarding the elementary particles,,1957-10-31,208629,3411444,https://www.nobelprize.org/prizes/physics/1957/summary/,https://api.nobelprize.org/2/nobelPrize/phy/1957,https://www.nobelprize.org/nomination/archive/list.php?prize=1&year=1957,ingested,66,
1957,peace,True,516,Lester Bowles Pearson,1,received,for his crucial contribution to the deployment of a United Nations Emergency Force in the wake of the Suez Crisis,,1957-10-03,208629,3411444,https://www.nobelprize.org/prizes/peace/1957/summary/,https://api.nobelprize.org/2/nobelPrize/pea/1957,https://www.nobelprize.org/nomination/archive/list.php?prize=5&year=1957,ingested,38,laureate_only_possible_nominee_name_match
1957,medicine,True,363,Daniel Bovet,1,received,"for his discoveries relating to synthetic compounds that inhibit the action of certain body substances, and especially their action on the vascular system and the skeletal muscles",,1957-10-24,208629,3411444,https://www.nobelprize.org/prizes/medicine/1957/summary/,https://api.nobelprize.org/2/nobelPrize/med/1957,https://www.nobelprize.org/nomination/archive/list.php?prize=3&year=1957,not_released_by_awarding_institution,0,medicine_nominations_not_released | medicine_page_returned_zero
1957,literature,True,628,Albert Camus,1,received,"for his important literary production, which with clear-sighted earnestness illuminates the problems of the human conscience in our times",,1957-10-17,208629,3411444,https://www.nobelprize.org/prizes/literature/1957/summary/,https://api.nobelprize.org/2/nobelPrize/lit/1957,https://www.nobelprize.org/nomination/archive/list.php?prize=4&year=1957,ingested,66,
1957,chemistry,True,221,Lord Todd,1,received,for his work on nucleotides and nucleotide co-enzymes,,1957-10-31,208629,3411444,https://www.nobelprize.org/prizes/chemistry/1957/summary/,https://api.nobelprize.org/2/nobelPrize/che/1957,https://www.nobelprize.org/nomination/archive/list.php?prize=2&year=1957,ingested,95,laureate_name_not_on_nomination_list
1956,physics,True,65 | 66 | 67,William B. Shockley | John Bardeen | Walter H. Brattain,1/3 | 1/3 | 1/3,received | received | received,for their researches on semiconductors and their discovery of the transistor effect | for their researches on semiconductors and their discovery of the transistor effect | for their researches on semiconductors and their discovery of the transistor effect,,1956-11-01,200123,3413609,https://www.nobelprize.org/prizes/physics/1956/summary/,https://api.nobelprize.org/2/nobelPrize/phy/1956,https://www.nobelprize.org/nomination/archive/list.php?prize=1&year=1956,ingested,72,nomination_list_spelling_differs
1956,peace,False,,,,,,No Nobel Prize was awarded this year. 1/3 of the prize money was allocated to the main fund and 2/3 was allocated to the special fund of this prize section.,,200123,3413609,https://www.nobelprize.org/prizes/peace/1956/summary/,https://api.nobelprize.org/2/nobelPrize/pea/1956,https://www.nobelprize.org/nomination/archive/list.php?prize=5&year=1956,ingested,53,prize_not_awarded
1956,medicine,True,360 | 361 | 362,André F. Cournand | Werner Forssmann | Dickinson W. Richards,1/3 | 1/3 | 1/3,received | received | received,for their discoveries concerning heart catheterization and pathological changes in the circulatory system | for their discoveries concerning heart catheterization and pathological changes in the circulatory system | for their discoveries concerning heart catheterization and pathological changes in the circulatory system,,1956-10-18,200123,3413609,https://www.nobelprize.org/prizes/medicine/1956/summary/,https://api.nobelprize.org/2/nobelPrize/med/1956,https://www.nobelprize.org/nomination/archive/list.php?prize=3&year=1956,not_released_by_awarding_institution,0,medicine_nominations_not_released | medicine_page_returned_zero
1956,literature,True,627,Juan Ramón Jiménez,1,received,"for his lyrical poetry, which in Spanish language constitutes an example of high spirit and artistical purity",,1956-10-25,200123,3413609,https://www.nobelprize.org/prizes/literature/1956/summary/,https://api.nobelprize.org/2/nobelPrize/lit/1956,https://www.nobelprize.org/nomination/archive/list.php?prize=4&year=1956,ingested,158,
1956,chemistry,True,219 | 220,Sir Cyril Hinshelwood | Nikolay Semenov,1/2 | 1/2,received | received,for their researches into the mechanism of chemical reactions | for their researches into the mechanism of chemical reactions,,1956-11-01,200123,3413609,https://www.nobelprize.org/prizes/chemistry/1956/summary/,https://api.nobelprize.org/2/nobelPrize/che/1956,https://www.nobelprize.org/nomination/archive/list.php?prize=2&year=1956,ingested,80,laureate_name_not_on_nomination_list | nomination_list_near_spelling
1955,physics,True,63 | 64,Willis E. Lamb | Polykarp Kusch,1/2 | 1/2,received | received,for his discoveries concerning the fine structure of the hydrogen spectrum | for his precision determination of the magnetic moment of the electron,,1955-11-02,190214,3390958,https://www.nobelprize.org/prizes/physics/1955/summary/,https://api.nobelprize.org/2/nobelPrize/phy/1955,https://www.nobelprize.org/nomination/archive/list.php?prize=1&year=1955,ingested,58,nomination_list_spelling_differs
1955,peace,False,,,,,,No Nobel Prize was awarded this year. The prize money was allocated to the Special Fund of this prize section.,,190214,3390958,https://www.nobelprize.org/prizes/peace/1955/summary/,https://api.nobelprize.org/2/nobelPrize/pea/1955,https://www.nobelprize.org/nomination/archive/list.php?prize=5&year=1955,ingested,66,prize_not_awarded
1955,medicine,True,359,Hugo Theorell,1,received,for his discoveries concerning the nature and mode of action of oxidation enzymes,,1955-10-20,190214,3390958,https://www.nobelprize.org/prizes/medicine/1955/summary/,https://api.nobelprize.org/2/nobelPrize/med/1955,https://www.nobelprize.org/nomination/archive/list.php?prize=3&year=1955,not_released_by_awarding_institution,0,medicine_nominations_not_released | medicine_page_returned_zero
1955,literature,True,626,Halldór Laxness,1,received,for his vivid epic power which has renewed the great narrative art of Iceland,,1955-10-27,190214,3390958,https://www.nobelprize.org/prizes/literature/1955/summary/,https://api.nobelprize.org/2/nobelPrize/lit/1955,https://www.nobelprize.org/nomination/archive/list.php?prize=4&year=1955,ingested,59,nomination_list_spelling_differs
1955,chemistry,True,218,Vincent du Vigneaud,1,received,"for his work on biochemically important sulphur compounds, especially for the first synthesis of a polypeptide hormone",,1955-11-02,190214,3390958,https://www.nobelprize.org/prizes/chemistry/1955/summary/,https://api.nobelprize.org/2/nobelPrize/che/1955,https://www.nobelprize.org/nomination/archive/list.php?prize=2&year=1955,ingested,74,
1954,physics,True,61 | 62,Max Born | Walther Bothe,1/2 | 1/2,received | received,"for his fundamental research in quantum mechanics, especially for his statistical interpretation of the wavefunction | for the coincidence method and his discoveries made therewith",,1954-11-03,181647,3338644,https://www.nobelprize.org/prizes/physics/1954/summary/,https://api.nobelprize.org/2/nobelPrize/phy/1954,https://www.nobelprize.org/nomination/archive/list.php?prize=1&year=1954,ingested,53,
1954,peace,True,515,Office of the United Nations High Commissioner for Refugees,1,received,for its efforts to heal the wounds of war by providing help and protection to refugees all over the world,,1955-11-05,181647,3338644,https://www.nobelprize.org/prizes/peace/1954/summary/,https://api.nobelprize.org/2/nobelPrize/pea/1954,https://www.nobelprize.org/nomination/archive/list.php?prize=5&year=1954,ingested,54,laureate_name_not_on_nomination_list
1954,medicine,True,356 | 357 | 358,John F. Enders | Thomas H. Weller | Frederick C. Robbins,1/3 | 1/3 | 1/3,received | received | received,for their discovery of the ability of poliomyelitis viruses to grow in cultures of various types of tissue | for their discovery of the ability of poliomyelitis viruses to grow in cultures of various types of tissue | for their discovery of the ability of poliomyelitis viruses to grow in cultures of various types of tissue,,1954-10-21,181647,3338644,https://www.nobelprize.org/prizes/medicine/1954/summary/,https://api.nobelprize.org/2/nobelPrize/med/1954,https://www.nobelprize.org/nomination/archive/list.php?prize=3&year=1954,not_released_by_awarding_institution,0,medicine_nominations_not_released | medicine_page_returned_zero
1954,literature,True,625,Ernest Hemingway,1,received,"for his mastery of the art of narrative, most recently demonstrated in <I>The Old Man and the Sea,</I> and for the influence that he has exerted on contemporary style",,1954-10-28,181647,3338644,https://www.nobelprize.org/prizes/literature/1954/summary/,https://api.nobelprize.org/2/nobelPrize/lit/1954,https://www.nobelprize.org/nomination/archive/list.php?prize=4&year=1954,ingested,35,
1954,chemistry,True,217,Linus Pauling,1,received,for his research into the nature of the chemical bond and its application to the elucidation of the structure of complex substances,,1954-11-03,181647,3338644,https://www.nobelprize.org/prizes/chemistry/1954/summary/,https://api.nobelprize.org/2/nobelPrize/che/1954,https://www.nobelprize.org/nomination/archive/list.php?prize=2&year=1954,ingested,72,nomination_list_spelling_differs
1953,physics,True,60,Frits Zernike,1,received,"for his demonstration of the phase contrast method, especially for his invention of the phase contrast microscope",,1953-11-04,175293,3247029,https://www.nobelprize.org/prizes/physics/1953/summary/,https://api.nobelprize.org/2/nobelPrize/phy/1953,https://www.nobelprize.org/nomination/archive/list.php?prize=1&year=1953,ingested,51,
1953,peace,True,514,George C. Marshall,1,received,for proposing and supervising the plan for the economic recovery of Europe,,1953-10-30,175293,3247029,https://www.nobelprize.org/prizes/peace/1953/summary/,https://api.nobelprize.org/2/nobelPrize/pea/1953,https://www.nobelprize.org/nomination/archive/list.php?prize=5&year=1953,ingested,101,nomination_list_spelling_differs
1953,medicine,True,354 | 355,Hans Krebs | Fritz Lipmann,1/2 | 1/2,received | received,for his discovery of the citric acid cycle | for his discovery of co-enzyme A and its importance for intermediary metabolism,,1953-10-22,175293,3247029,https://www.nobelprize.org/prizes/medicine/1953/summary/,https://api.nobelprize.org/2/nobelPrize/med/1953,https://www.nobelprize.org/nomination/archive/list.php?prize=3&year=1953,ingested,166,nomination_list_spelling_differs
1953,literature,True,624,Winston Churchill,1,received,for his mastery of historical and biographical description as well as for brilliant oratory in defending exalted human values,,1953-10-15,175293,3247029,https://www.nobelprize.org/prizes/literature/1953/summary/,https://api.nobelprize.org/2/nobelPrize/lit/1953,https://www.nobelprize.org/nomination/archive/list.php?prize=4&year=1953,ingested,34,nomination_list_spelling_differs
1953,chemistry,True,216,Hermann Staudinger,1,received,for his discoveries in the field of macromolecular chemistry,,1953-11-04,175293,3247029,https://www.nobelprize.org/prizes/chemistry/1953/summary/,https://api.nobelprize.org/2/nobelPrize/che/1953,https://www.nobelprize.org/nomination/archive/list.php?prize=2&year=1953,ingested,63,
1952,physics,True,58 | 59,Felix Bloch | E. M. Purcell,1/2 | 1/2,received | received,for their development of new methods for nuclear magnetic precision measurements and discoveries in connection therewith | for their development of new methods for nuclear magnetic precision measurements and discoveries in connection therewith,,1952-11-06,171135,3220326,https://www.nobelprize.org/prizes/physics/1952/summary/,https://api.nobelprize.org/2/nobelPrize/phy/1952,https://www.nobelprize.org/nomination/archive/list.php?prize=1&year=1952,ingested,45,nomination_list_spelling_differs
1952,peace,True,513,Albert Schweitzer,1,received,"for his altruism, reverence for life, and tireless humanitarian work which has helped making the idea of brotherhood between men and nations a living one",,1953-10-30,171135,3220326,https://www.nobelprize.org/prizes/peace/1952/summary/,https://api.nobelprize.org/2/nobelPrize/pea/1952,https://www.nobelprize.org/nomination/archive/list.php?prize=5&year=1952,ingested,77,
1952,medicine,True,353,Selman A. Waksman,1,received,"for his discovery of streptomycin, the first antibiotic effective against tuberculosis",,1952-10-23,171135,3220326,https://www.nobelprize.org/prizes/medicine/1952/summary/,https://api.nobelprize.org/2/nobelPrize/med/1952,https://www.nobelprize.org/nomination/archive/list.php?prize=3&year=1952,ingested,122,nomination_list_spelling_differs
1952,literature,True,623,François Mauriac,1,received,for the deep spiritual insight and the artistic intensity with which he has in his novels penetrated the drama of human life,,1952-11-06,171135,3220326,https://www.nobelprize.org/prizes/literature/1952/summary/,https://api.nobelprize.org/2/nobelPrize/lit/1952,https://www.nobelprize.org/nomination/archive/list.php?prize=4&year=1952,ingested,57,
1952,chemistry,True,214 | 215,Archer J.P. Martin | Richard L.M. Synge,1/2 | 1/2,received | received,for their invention of partition chromatography | for their invention of partition chromatography,,1952-11-06,171135,3220326,https://www.nobelprize.org/prizes/chemistry/1952/summary/,https://api.nobelprize.org/2/nobelPrize/che/1952,https://www.nobelprize.org/nomination/archive/list.php?prize=2&year=1952,ingested,67,nomination_list_spelling_differs
1951,physics,True,56 | 57,John Cockcroft | Ernest T.S. Walton,1/2 | 1/2,received | received,for their pioneer work on the transmutation of atomic nuclei by artificially accelerated atomic particles | for their pioneer work on the transmutation of atomic nuclei by artificially accelerated atomic particles,,1951-11-15,167612,3396650,https://www.nobelprize.org/prizes/physics/1951/summary/,https://api.nobelprize.org/2/nobelPrize/phy/1951,https://www.nobelprize.org/nomination/archive/list.php?prize=1&year=1951,ingested,50,nomination_list_spelling_differs
1951,peace,True,512,Léon Jouhaux,1,received,for having devoted his life to the fight against war through the promotion of social justice and brotherhood among men and nations,,1951-11-05,167612,3396650,https://www.nobelprize.org/prizes/peace/1951/summary/,https://api.nobelprize.org/2/nobelPrize/pea/1951,https://www.nobelprize.org/nomination/archive/list.php?prize=5&year=1951,ingested,103,
1951,medicine,True,352,Max Theiler,1,received,for his discoveries concerning yellow fever and how to combat it,,1951-10-18,167612,3396650,https://www.nobelprize.org/prizes/medicine/1951/summary/,https://api.nobelprize.org/2/nobelPrize/med/1951,https://www.nobelprize.org/nomination/archive/list.php?prize=3&year=1951,ingested,109,
1951,literature,True,622,Pär Lagerkvist,1,received,for the artistic vigour and true independence of mind with which he endeavours in his poetry to find answers to the eternal questions confronting mankind,,1951-11-15,167612,3396650,https://www.nobelprize.org/prizes/literature/1951/summary/,https://api.nobelprize.org/2/nobelPrize/lit/1951,https://www.nobelprize.org/nomination/archive/list.php?prize=4&year=1951,ingested,44,nomination_list_spelling_differs
1951,chemistry,True,212 | 213,Edwin M. McMillan | Glenn T. Seaborg,1/2 | 1/2,received | received,for their discoveries in the chemistry of the transuranium elements | for their discoveries in the chemistry of the transuranium elements,,1951-11-15,167612,3396650,https://www.nobelprize.org/prizes/chemistry/1951/summary/,https://api.nobelprize.org/2/nobelPrize/che/1951,https://www.nobelprize.org/nomination/archive/list.php?prize=2&year=1951,ingested,55,nomination_list_spelling_differs
1950,physics,True,55,Cecil Powell,1,received,for his development of the photographic method of studying nuclear processes and his discoveries regarding mesons made with this method,,1950-11-10,164304,3857077,https://www.nobelprize.org/prizes/physics/1950/summary/,https://api.nobelprize.org/2/nobelPrize/phy/1950,https://www.nobelprize.org/nomination/archive/list.php?prize=1&year=1950,ingested,42,nomination_list_spelling_differs
1950,peace,True,511,Ralph Bunche,1,received,for his work as mediator in Palestine in 1948-1949,,1950-09-22,164304,3857077,https://www.nobelprize.org/prizes/peace/1950/summary/,https://api.nobelprize.org/2/nobelPrize/pea/1950,https://www.nobelprize.org/nomination/archive/list.php?prize=5&year=1950,ingested,77,nomination_list_spelling_differs
1950,medicine,True,349 | 350 | 351,Edward C. Kendall | Tadeus Reichstein | Philip S. Hench,1/3 | 1/3 | 1/3,received | received | received,"for their discoveries relating to the hormones of the adrenal cortex, their structure and biological effects | for their discoveries relating to the hormones of the adrenal cortex, their structure and biological effects | for their discoveries relating to the hormones of the adrenal cortex, their structure and biological effects",,1950-10-26,164304,3857077,https://www.nobelprize.org/prizes/medicine/1950/summary/,https://api.nobelprize.org/2/nobelPrize/med/1950,https://www.nobelprize.org/nomination/archive/list.php?prize=3&year=1950,ingested,121,nomination_list_spelling_differs
1950,literature,True,621,Bertrand Russell,1,received,in recognition of his varied and significant writings in which he champions humanitarian ideals and freedom of thought,,1950-11-10,164304,3857077,https://www.nobelprize.org/prizes/literature/1950/summary/,https://api.nobelprize.org/2/nobelPrize/lit/1950,https://www.nobelprize.org/nomination/archive/list.php?prize=4&year=1950,ingested,79,
1950,chemistry,True,210 | 211,Otto Diels | Kurt Alder,1/2 | 1/2,received | received,for their discovery and development of the diene synthesis | for their discovery and development of the diene synthesis,,1950-11-10,164304,3857077,https://www.nobelprize.org/prizes/chemistry/1950/summary/,https://api.nobelprize.org/2/nobelPrize/che/1950,https://www.nobelprize.org/nomination/archive/list.php?prize=2&year=1950,ingested,68,
1949,physics,True,54,Hideki Yukawa,1,received,for his prediction of the existence of mesons on the basis of theoretical work on nuclear forces,,1949-11-03,156290,3705636,https://www.nobelprize.org/prizes/physics/1949/summary/,https://api.nobelprize.org/2/nobelPrize/phy/1949,https://www.nobelprize.org/nomination/archive/list.php?prize=1&year=1949,ingested,53,
1949,peace,True,510,Lord Boyd Orr,1,received,"for his lifelong effort to conquer hunger and want, thereby helping to remove a major cause of military conflict and war",,1949-10-12,156290,3705636,https://www.nobelprize.org/prizes/peace/1949/summary/,https://api.nobelprize.org/2/nobelPrize/pea/1949,https://www.nobelprize.org/nomination/archive/list.php?prize=5&year=1949,ingested,48,laureate_name_not_on_nomination_list | v1_v2_name_differs
1949,medicine,True,347 | 348,Walter Hess | Egas Moniz,1/2 | 1/2,received | received,for his discovery of the functional organization of the interbrain as a coordinator of the activities of the internal organs | for his discovery of the therapeutic value of leucotomy in certain psychoses,,1949-10-27,156290,3705636,https://www.nobelprize.org/prizes/medicine/1949/summary/,https://api.nobelprize.org/2/nobelPrize/med/1949,https://www.nobelprize.org/nomination/archive/list.php?prize=3&year=1949,ingested,103,nomination_list_spelling_differs
1949,literature,True,620,William Faulkner,1,received,for his powerful and artistically unique contribution to the modern American novel,,1950-11-10,156290,3705636,https://www.nobelprize.org/prizes/literature/1949/summary/,https://api.nobelprize.org/2/nobelPrize/lit/1949,https://www.nobelprize.org/nomination/archive/list.php?prize=4&year=1949,ingested,43,laureate_name_not_on_nomination_list
1949,chemistry,True,209,William F. Giauque,1,received,"for his contributions in the field of chemical thermodynamics, particularly concerning the behaviour of substances at extremely low temperatures",,1949-11-03,156290,3705636,https://www.nobelprize.org/prizes/chemistry/1949/summary/,https://api.nobelprize.org/2/nobelPrize/che/1949,https://www.nobelprize.org/nomination/archive/list.php?prize=2&year=1949,ingested,59,nomination_list_spelling_differs
1948,physics,True,53,Patrick M.S. Blackett,1,received,"for his development of the Wilson cloud chamber method, and his discoveries therewith in the fields of nuclear physics and cosmic radiation",,1948-11-04,159773,3865528,https://www.nobelprize.org/prizes/physics/1948/summary/,https://api.nobelprize.org/2/nobelPrize/phy/1948,https://www.nobelprize.org/nomination/archive/list.php?prize=1&year=1948,ingested,35,nomination_list_spelling_differs
1948,peace,False,,,,,,No Nobel Prize was awarded this year. 1/3 of the prize money was allocated to the main fund and 2/3 was allocated to the special fund of this prize section.,1948-10-01,159773,3865528,https://www.nobelprize.org/prizes/peace/1948/summary/,https://api.nobelprize.org/2/nobelPrize/pea/1948,https://www.nobelprize.org/nomination/archive/list.php?prize=5&year=1948,ingested,79,prize_not_awarded
1948,medicine,True,346,Paul Müller,1,received,for his discovery of the high efficiency of DDT as a contact poison against several arthropods,,1948-10-28,159773,3865528,https://www.nobelprize.org/prizes/medicine/1948/summary/,https://api.nobelprize.org/2/nobelPrize/med/1948,https://www.nobelprize.org/nomination/archive/list.php?prize=3&year=1948,ingested,148,nomination_list_spelling_differs
1948,literature,True,619,T.S. Eliot,1,received,"for his outstanding, pioneer contribution to present-day poetry",,1948-11-04,159773,3865528,https://www.nobelprize.org/prizes/literature/1948/summary/,https://api.nobelprize.org/2/nobelPrize/lit/1948,https://www.nobelprize.org/nomination/archive/list.php?prize=4&year=1948,ingested,45,nomination_list_spelling_differs
1948,chemistry,True,208,Arne Tiselius,1,received,"for his research on electrophoresis and adsorption analysis, especially for his discoveries concerning the complex nature of the serum proteins",,1948-11-04,159773,3865528,https://www.nobelprize.org/prizes/chemistry/1948/summary/,https://api.nobelprize.org/2/nobelPrize/che/1948,https://www.nobelprize.org/nomination/archive/list.php?prize=2&year=1948,ingested,74,
1947,physics,True,52,Edward V. Appleton,1,received,for his investigations of the physics of the upper atmosphere especially for the discovery of the so-called Appleton layer,,1947-11-13,146115,3685518,https://www.nobelprize.org/prizes/physics/1947/summary/,https://api.nobelprize.org/2/nobelPrize/phy/1947,https://www.nobelprize.org/nomination/archive/list.php?prize=1&year=1947,ingested,31,nomination_list_spelling_differs
1947,peace,True,508 | 509,Friends Service Council | American Friends Service Committee,1/2 | 1/2,received | received,"for their pioneering work in the international peace movement and compassionate effort to relieve human suffering, thereby promoting the fraternity between nations | for their pioneering work in the international peace movement and compassionate effort to relieve human suffering, thereby promoting the fraternity between nations",,1947-10-30,146115,3685518,https://www.nobelprize.org/prizes/peace/1947/summary/,https://api.nobelprize.org/2/nobelPrize/pea/1947,https://www.nobelprize.org/nomination/archive/list.php?prize=5&year=1947,ingested,25,laureate_name_not_on_nomination_list
1947,medicine,True,343 | 344 | 345,Carl Cori | Gerty Cori | Bernardo Houssay,1/4 | 1/4 | 1/2,received | received | received,for their discovery of the course of the catalytic conversion of glycogen | for their discovery of the course of the catalytic conversion of glycogen | for his discovery of the part played by the hormone of the anterior pituitary lobe in the metabolism of sugar,,1947-10-23,146115,3685518,https://www.nobelprize.org/prizes/medicine/1947/summary/,https://api.nobelprize.org/2/nobelPrize/med/1947,https://www.nobelprize.org/nomination/archive/list.php?prize=3&year=1947,ingested,85,nomination_list_spelling_differs
1947,literature,True,618,André Gide,1,received,"for his comprehensive and artistically significant writings, in which human problems and conditions have been presented with a fearless love of truth and keen psychological insight",,1947-11-13,146115,3685518,https://www.nobelprize.org/prizes/literature/1947/summary/,https://api.nobelprize.org/2/nobelPrize/lit/1947,https://www.nobelprize.org/nomination/archive/list.php?prize=4&year=1947,ingested,43,
1947,chemistry,True,207,Sir Robert Robinson,1,received,"for his investigations on plant products of biological importance, especially the alkaloids",,1947-11-13,146115,3685518,https://www.nobelprize.org/prizes/chemistry/1947/summary/,https://api.nobelprize.org/2/nobelPrize/che/1947,https://www.nobelprize.org/nomination/archive/list.php?prize=2&year=1947,ingested,29,laureate_only_possible_nominee_name_match
1946,physics,True,51,Percy W. Bridgman,1,received,"for the invention of an apparatus to produce extremely high pressures, and for the discoveries he made therewith in the field of high pressure physics",,1946-11-14,121524,3166301,https://www.nobelprize.org/prizes/physics/1946/summary/,https://api.nobelprize.org/2/nobelPrize/phy/1946,https://www.nobelprize.org/nomination/archive/list.php?prize=1&year=1946,ingested,26,nomination_list_spelling_differs
1946,peace,True,506 | 507,Emily Greene Balch | John R. Mott,1/2 | 1/2,received | received,for her lifelong work for the cause of peace | for his contribution to the creation of a peace-promoting religious brotherhood across national boundaries,,1946-11-14,121524,3166301,https://www.nobelprize.org/prizes/peace/1946/summary/,https://api.nobelprize.org/2/nobelPrize/pea/1946,https://www.nobelprize.org/nomination/archive/list.php?prize=5&year=1946,ingested,31,nomination_list_spelling_differs
1946,medicine,True,342,Hermann J. Muller,1,received,for the discovery of the production of mutations by means of X-ray irradiation,,1946-10-31,121524,3166301,https://www.nobelprize.org/prizes/medicine/1946/summary/,https://api.nobelprize.org/2/nobelPrize/med/1946,https://www.nobelprize.org/nomination/archive/list.php?prize=3&year=1946,parse_count_mismatch,81,nomination_list_spelling_differs | nomination_parse_count_mismatch
1946,literature,True,617,Hermann Hesse,1,received,"for his inspired writings which, while growing in boldness and penetration, exemplify the classical humanitarian ideals and high qualities of style",,1946-11-14,121524,3166301,https://www.nobelprize.org/prizes/literature/1946/summary/,https://api.nobelprize.org/2/nobelPrize/lit/1946,https://www.nobelprize.org/nomination/archive/list.php?prize=4&year=1946,ingested,32,
1946,chemistry,True,204 | 205 | 206,James B. Sumner | John H. Northrop | Wendell M. Stanley,1/2 | 1/4 | 1/4,received | received | received,for his discovery that enzymes can be crystallized | for their preparation of enzymes and virus proteins in a pure form | for their preparation of enzymes and virus proteins in a pure form,,1946-11-14,121524,3166301,https://www.nobelprize.org/prizes/chemistry/1946/summary/,https://api.nobelprize.org/2/nobelPrize/che/1946,https://www.nobelprize.org/nomination/archive/list.php?prize=2&year=1946,ingested,33,nomination_list_spelling_differs
1945,physics,True,50,Wolfgang Pauli,1,received,"for the discovery of the Exclusion Principle, also called the Pauli Principle",,1945-11-15,121333,3161325,https://www.nobelprize.org/prizes/physics/1945/summary/,https://api.nobelprize.org/2/nobelPrize/phy/1945,https://www.nobelprize.org/nomination/archive/list.php?prize=1&year=1945,ingested,20,
1945,peace,True,505,Cordell Hull,1,received,for his indefatigable work for international understanding and his pivotal role in establishing the United Nations,,1945-11-12,121333,3161325,https://www.nobelprize.org/prizes/peace/1945/summary/,https://api.nobelprize.org/2/nobelPrize/pea/1945,https://www.nobelprize.org/nomination/archive/list.php?prize=5&year=1945,ingested,18,
1945,medicine,True,339 | 340 | 341,Sir Alexander Fleming | Ernst B. Chain | Sir Howard Florey,1/3 | 1/3 | 1/3,received | received | received,for the discovery of penicillin and its curative effect in various infectious diseases | for the discovery of penicillin and its curative effect in various infectious diseases | for the discovery of penicillin and its curative effect in various infectious diseases,,1945-10-25,121333,3161325,https://www.nobelprize.org/prizes/medicine/1945/summary/,https://api.nobelprize.org/2/nobelPrize/med/1945,https://www.nobelprize.org/nomination/archive/list.php?prize=3&year=1945,parse_count_mismatch,47,laureate_only_possible_nominee_name_match | nomination_list_spelling_differs | nomination_parse_count_mismatch
1945,literature,True,615,Gabriela Mistral,1,received,"for her lyric poetry which, inspired by powerful emotions, has made her name a symbol of the idealistic aspirations of the entire Latin American world",,1945-11-15,121333,3161325,https://www.nobelprize.org/prizes/literature/1945/summary/,https://api.nobelprize.org/2/nobelPrize/lit/1945,https://www.nobelprize.org/nomination/archive/list.php?prize=4&year=1945,ingested,23,nomination_list_spelling_differs
1945,chemistry,True,203,Artturi Virtanen,1,received,"for his research and inventions in agricultural and nutrition chemistry, especially for his fodder preservation method",,1945-11-15,121333,3161325,https://www.nobelprize.org/prizes/chemistry/1945/summary/,https://api.nobelprize.org/2/nobelPrize/che/1945,https://www.nobelprize.org/nomination/archive/list.php?prize=2&year=1945,ingested,24,
1944,physics,True,49,Isidor Isaac Rabi,1,received,for his resonance method for recording the magnetic properties of atomic nuclei,,1944-11-09,121841,3174561,https://www.nobelprize.org/prizes/physics/1944/summary/,https://api.nobelprize.org/2/nobelPrize/phy/1944,https://www.nobelprize.org/nomination/archive/list.php?prize=1&year=1944,ingested,17,laureate_only_possible_nominee_name_match
1944,peace,True,482,International Committee of the Red Cross,1,received,for the great work it has performed during the war on behalf of humanity,,1945-11-12,121841,3174561,https://www.nobelprize.org/prizes/peace/1944/summary/,https://api.nobelprize.org/2/nobelPrize/pea/1944,https://www.nobelprize.org/nomination/archive/list.php?prize=5&year=1944,ingested,0,official_list_says_zero_nominations
1944,medicine,True,337 | 338,Joseph Erlanger | Herbert S. Gasser,1/2 | 1/2,received | received,for their discoveries relating to the highly differentiated functions of single nerve fibres | for their discoveries relating to the highly differentiated functions of single nerve fibres,,1944-10-26,121841,3174561,https://www.nobelprize.org/prizes/medicine/1944/summary/,https://api.nobelprize.org/2/nobelPrize/med/1944,https://www.nobelprize.org/nomination/archive/list.php?prize=3&year=1944,parse_count_mismatch,23,nomination_list_spelling_differs | nomination_parse_count_mismatch
1944,literature,True,614,Johannes V. Jensen,1,received,"for the rare strength and fertility of his poetic imagination with which is combined an intellectual curiosity of wide scope and a bold, freshly creative style",,1944-11-09,121841,3174561,https://www.nobelprize.org/prizes/literature/1944/summary/,https://api.nobelprize.org/2/nobelPrize/lit/1944,https://www.nobelprize.org/nomination/archive/list.php?prize=4&year=1944,ingested,24,nomination_list_spelling_differs
1944,chemistry,True,202,Otto Hahn,1,received,for his discovery of the fission of heavy nuclei,,1945-11-15,121841,3174561,https://www.nobelprize.org/prizes/chemistry/1944/summary/,https://api.nobelprize.org/2/nobelPrize/che/1944,https://www.nobelprize.org/nomination/archive/list.php?prize=2&year=1944,ingested,37,
1943,physics,True,48,Otto Stern,1,received,for his contribution to the development of the molecular ray method and his discovery of the magnetic moment of the proton,,1944-11-09,123691,3187732,https://www.nobelprize.org/prizes/physics/1943/summary/,https://api.nobelprize.org/2/nobelPrize/phy/1943,https://www.nobelprize.org/nomination/archive/list.php?prize=1&year=1943,ingested,20,
1943,peace,False,,,,,,No Nobel Prize was awarded this year. 1/3 of the prize money was allocated to the main fund and 2/3 was allocated to the special fund of this prize section.,,123691,3187732,https://www.nobelprize.org/prizes/peace/1943/summary/,https://api.nobelprize.org/2/nobelPrize/pea/1943,https://www.nobelprize.org/nomination/archive/list.php?prize=5&year=1943,ingested,0,official_list_says_zero_nominations | prize_not_awarded
1943,medicine,True,335 | 336,Henrik Dam | Edward A. Doisy,1/2 | 1/2,received | received,for his discovery of vitamin K | for his discovery of the chemical nature of vitamin K,,1944-10-26,123691,3187732,https://www.nobelprize.org/prizes/medicine/1943/summary/,https://api.nobelprize.org/2/nobelPrize/med/1943,https://www.nobelprize.org/nomination/archive/list.php?prize=3&year=1943,ingested,28,laureate_name_not_on_nomination_list | nomination_list_near_spelling
1943,literature,False,,,,,,No Nobel Prize was awarded this year. 1/3 of the prize money was allocated to the main fund and 2/3 was allocated to the special fund of this prize section.,,123691,3187732,https://www.nobelprize.org/prizes/literature/1943/summary/,https://api.nobelprize.org/2/nobelPrize/lit/1943,https://www.nobelprize.org/nomination/archive/list.php?prize=4&year=1943,ingested,21,prize_not_awarded
1943,chemistry,True,201,George de Hevesy,1,received,for his work on the use of isotopes as tracers in the study of chemical processes,,1944-11-09,123691,3187732,https://www.nobelprize.org/prizes/chemistry/1943/summary/,https://api.nobelprize.org/2/nobelPrize/che/1943,https://www.nobelprize.org/nomination/archive/list.php?prize=2&year=1943,ingested,18,
1942,physics,False,,,,,,No Nobel Prize was awarded this year. 1/3 of the prize money was allocated to the main fund and 2/3 was allocated to the special fund of this prize section.,,131891,3474595,https://www.nobelprize.org/prizes/physics/1942/summary/,https://api.nobelprize.org/2/nobelPrize/phy/1942,https://www.nobelprize.org/nomination/archive/list.php?prize=1&year=1942,ingested,20,prize_not_awarded
1942,peace,False,,,,,,No Nobel Prize was awarded this year. 1/3 of the prize money was allocated to the main fund and 2/3 was allocated to the special fund of this prize section.,,131891,3474595,https://www.nobelprize.org/prizes/peace/1942/summary/,https://api.nobelprize.org/2/nobelPrize/pea/1942,https://www.nobelprize.org/nomination/archive/list.php?prize=5&year=1942,ingested,0,official_list_says_zero_nominations | prize_not_awarded
1942,medicine,False,,,,,,No Nobel Prize was awarded this year. 1/3 of the prize money was allocated to the main fund and 2/3 was allocated to the special fund of this prize section.,,131891,3474595,https://www.nobelprize.org/prizes/medicine/1942/summary/,https://api.nobelprize.org/2/nobelPrize/med/1942,https://www.nobelprize.org/nomination/archive/list.php?prize=3&year=1942,parse_count_mismatch,50,nomination_parse_count_mismatch | prize_not_awarded
1942,literature,False,,,,,,No Nobel Prize was awarded this year. 1/3 of the prize money was allocated to the main fund and 2/3 was allocated to the special fund of this prize section.,,131891,3474595,https://www.nobelprize.org/prizes/literature/1942/summary/,https://api.nobelprize.org/2/nobelPrize/lit/1942,https://www.nobelprize.org/nomination/archive/list.php?prize=4&year=1942,ingested,30,prize_not_awarded
1942,chemistry,False,,,,,,No Nobel Prize was awarded this year. 1/3 of the prize money was allocated to the main fund and 2/3 was allocated to the special fund of this prize section.,,131891,3474595,https://www.nobelprize.org/prizes/chemistry/1942/summary/,https://api.nobelprize.org/2/nobelPrize/che/1942,https://www.nobelprize.org/nomination/archive/list.php?prize=2&year=1942,ingested,27,prize_not_awarded
1941,physics,False,,,,,,No Nobel Prize was awarded this year. 1/3 of the prize money was allocated to the main fund and 2/3 was allocated to the special fund of this prize section.,,131496,3711631,https://www.nobelprize.org/prizes/physics/1941/summary/,https://api.nobelprize.org/2/nobelPrize/phy/1941,https://www.nobelprize.org/nomination/archive/list.php?prize=1&year=1941,ingested,15,prize_not_awarded
1941,peace,False,,,,,,No Nobel Prize was awarded this year. 1/3 of the prize money was allocated to the main fund and 2/3 was allocated to the special fund of this prize section.,,131496,3711631,https://www.nobelprize.org/prizes/peace/1941/summary/,https://api.nobelprize.org/2/nobelPrize/pea/1941,https://www.nobelprize.org/nomination/archive/list.php?prize=5&year=1941,ingested,3,prize_not_awarded
1941,medicine,False,,,,,,No Nobel Prize was awarded this year. 1/3 of the prize money was allocated to the main fund and 2/3 was allocated to the special fund of this prize section.,,131496,3711631,https://www.nobelprize.org/prizes/medicine/1941/summary/,https://api.nobelprize.org/2/nobelPrize/med/1941,https://www.nobelprize.org/nomination/archive/list.php?prize=3&year=1941,parse_count_mismatch,68,nomination_parse_count_mismatch | prize_not_awarded
1941,literature,False,,,,,,No Nobel Prize was awarded this year. 1/3 of the prize money was allocated to the main fund and 2/3 was allocated to the special fund of this prize section.,,131496,3711631,https://www.nobelprize.org/prizes/literature/1941/summary/,https://api.nobelprize.org/2/nobelPrize/lit/1941,https://www.nobelprize.org/nomination/archive/list.php?prize=4&year=1941,ingested,21,prize_not_awarded
1941,chemistry,False,,,,,,No Nobel Prize was awarded this year. 1/3 of the prize money was allocated to the main fund and 2/3 was allocated to the special fund of this prize section.,,131496,3711631,https://www.nobelprize.org/prizes/chemistry/1941/summary/,https://api.nobelprize.org/2/nobelPrize/che/1941,https://www.nobelprize.org/nomination/archive/list.php?prize=2&year=1941,ingested,23,prize_not_awarded
1940,physics,False,,,,,,No Nobel Prize was awarded this year. 1/3 of the prize money was allocated to the main fund and 2/3 was allocated to the special fund of this prize section.,,138570,4439858,https://www.nobelprize.org/prizes/physics/1940/summary/,https://api.nobelprize.org/2/nobelPrize/phy/1940,https://www.nobelprize.org/nomination/archive/list.php?prize=1&year=1940,ingested,36,prize_not_awarded
1940,peace,False,,,,,,No Nobel Prize was awarded this year. 1/3 of the prize money was allocated to the main fund and 2/3 was allocated to the special fund of this prize section.,,138570,4439858,https://www.nobelprize.org/prizes/peace/1940/summary/,https://api.nobelprize.org/2/nobelPrize/pea/1940,https://www.nobelprize.org/nomination/archive/list.php?prize=5&year=1940,ingested,0,official_list_says_zero_nominations | prize_not_awarded
1940,medicine,False,,,,,,No Nobel Prize was awarded this year. 1/3 of the prize money was allocated to the main fund and 2/3 was allocated to the special fund of this prize section.,,138570,4439858,https://www.nobelprize.org/prizes/medicine/1940/summary/,https://api.nobelprize.org/2/nobelPrize/med/1940,https://www.nobelprize.org/nomination/archive/list.php?prize=3&year=1940,parse_count_mismatch,58,nomination_parse_count_mismatch | prize_not_awarded
1940,literature,False,,,,,,No Nobel Prize was awarded this year. 1/3 of the prize money was allocated to the main fund and 2/3 was allocated to the special fund of this prize section.,,138570,4439858,https://www.nobelprize.org/prizes/literature/1940/summary/,https://api.nobelprize.org/2/nobelPrize/lit/1940,https://www.nobelprize.org/nomination/archive/list.php?prize=4&year=1940,ingested,26,prize_not_awarded
1940,chemistry,False,,,,,,No Nobel Prize was awarded this year. 1/3 of the prize money was allocated to the main fund and 2/3 was allocated to the special fund of this prize section.,,138570,4439858,https://www.nobelprize.org/prizes/chemistry/1940/summary/,https://api.nobelprize.org/2/nobelPrize/che/1940,https://www.nobelprize.org/nomination/archive/list.php?prize=2&year=1940,ingested,34,prize_not_awarded
1939,physics,True,47,Ernest Lawrence,1,received,"for the invention and development of the cyclotron and for results obtained with it, especially with regard to artificial radioactive elements",,1939-11-09,148822,5346318,https://www.nobelprize.org/prizes/physics/1939/summary/,https://api.nobelprize.org/2/nobelPrize/phy/1939,https://www.nobelprize.org/nomination/archive/list.php?prize=1&year=1939,ingested,42,
1939,peace,False,,,,,,No Nobel Prize was awarded this year. 1/3 of the prize money was allocated to the main fund and 2/3 was allocated to the special fund of this prize section.,1939-10-01,148822,5346318,https://www.nobelprize.org/prizes/peace/1939/summary/,https://api.nobelprize.org/2/nobelPrize/pea/1939,https://www.nobelprize.org/nomination/archive/list.php?prize=5&year=1939,ingested,59,prize_not_awarded
1939,medicine,True,334,Gerhard Domagk,1,received,for the discovery of the antibacterial effects of prontosil,,1939-10-26,148822,5346318,https://www.nobelprize.org/prizes/medicine/1939/summary/,https://api.nobelprize.org/2/nobelPrize/med/1939,https://www.nobelprize.org/nomination/archive/list.php?prize=3&year=1939,parse_count_mismatch,98,forced_to_decline_facts_page | nomination_parse_count_mismatch
1939,literature,True,613,Frans Eemil Sillanpää,1,received,for his deep understanding of his country's peasantry and the exquisite art with which he has portrayed their way of life and their relationship with Nature,,1939-11-10,148822,5346318,https://www.nobelprize.org/prizes/literature/1939/summary/,https://api.nobelprize.org/2/nobelPrize/lit/1939,https://www.nobelprize.org/nomination/archive/list.php?prize=4&year=1939,ingested,45,laureate_only_possible_nominee_name_match
1939,chemistry,True,199 | 200,Adolf Butenandt | Leopold Ruzicka,1/2 | 1/2,received | received,for his work on sex hormones | for his work on polymethylenes and higher terpenes,,1939-11-09,148822,5346318,https://www.nobelprize.org/prizes/chemistry/1939/summary/,https://api.nobelprize.org/2/nobelPrize/che/1939,https://www.nobelprize.org/nomination/archive/list.php?prize=2&year=1939,ingested,35,forced_to_decline_facts_page
1938,physics,True,46,Enrico Fermi,1,received,"for his demonstrations of the existence of new radioactive elements produced by neutron irradiation, and for his related discovery of nuclear reactions brought about by slow neutrons",,1938-11-10,155077,5745118,https://www.nobelprize.org/prizes/physics/1938/summary/,https://api.nobelprize.org/2/nobelPrize/phy/1938,https://www.nobelprize.org/nomination/archive/list.php?prize=1&year=1938,ingested,25,
1938,peace,True,503,Nansen International Office for Refugees,1,received,for having carried on the work of Fridtjof Nansen to the benefit of refugees across Europe,,1938-11-17,155077,5745118,https://www.nobelprize.org/prizes/peace/1938/summary/,https://api.nobelprize.org/2/nobelPrize/pea/1938,https://www.nobelprize.org/nomination/archive/list.php?prize=5&year=1938,ingested,90,nomination_list_spelling_differs
1938,medicine,True,333,Corneille Heymans,1,received,for the discovery of the role played by the sinus and aortic mechanisms in the regulation of respiration,,1939-10-26,155077,5745118,https://www.nobelprize.org/prizes/medicine/1938/summary/,https://api.nobelprize.org/2/nobelPrize/med/1938,https://www.nobelprize.org/nomination/archive/list.php?prize=3&year=1938,parse_count_mismatch,111,nomination_parse_count_mismatch
1938,literature,True,610,Pearl Buck,1,received,for her rich and truly epic descriptions of peasant life in China and for her biographical masterpieces,,1938-11-10,155077,5745118,https://www.nobelprize.org/prizes/literature/1938/summary/,https://api.nobelprize.org/2/nobelPrize/lit/1938,https://www.nobelprize.org/nomination/archive/list.php?prize=4&year=1938,ingested,47,
1938,chemistry,True,198,Richard Kuhn,1,received,for his work on carotenoids and vitamins,,1939-11-09,155077,5745118,https://www.nobelprize.org/prizes/chemistry/1938/summary/,https://api.nobelprize.org/2/nobelPrize/che/1938,https://www.nobelprize.org/nomination/archive/list.php?prize=2&year=1938,ingested,17,forced_to_decline_facts_page | laureate_name_not_on_nomination_list
1937,physics,True,44 | 45,Clinton Davisson | George Paget Thomson,1/2 | 1/2,received | received,for their experimental discovery of the diffraction of electrons by crystals | for their experimental discovery of the diffraction of electrons by crystals,,1937-11-11,158463,5963742,https://www.nobelprize.org/prizes/physics/1937/summary/,https://api.nobelprize.org/2/nobelPrize/phy/1937,https://www.nobelprize.org/nomination/archive/list.php?prize=1&year=1937,ingested,54,
1937,peace,True,502,"Robert Cecil, Viscount Cecil of Chelwood",1,received,"for his tireless effort in support of the League of Nations, disarmament and peace",,1937-11-18,158463,5963742,https://www.nobelprize.org/prizes/peace/1937/summary/,https://api.nobelprize.org/2/nobelPrize/pea/1937,https://www.nobelprize.org/nomination/archive/list.php?prize=5&year=1937,ingested,63,nomination_list_spelling_differs | v1_v2_name_differs
1937,medicine,True,332,Albert Szent-Györgyi,1,received,"for his discoveries in connection with the biological combustion processes, with special reference to vitamin C and the catalysis of fumaric acid",,1937-10-28,158463,5963742,https://www.nobelprize.org/prizes/medicine/1937/summary/,https://api.nobelprize.org/2/nobelPrize/med/1937,https://www.nobelprize.org/nomination/archive/list.php?prize=3&year=1937,parse_count_mismatch,180,nomination_list_spelling_differs | nomination_parse_count_mismatch
1937,literature,True,609,Roger Martin du Gard,1,received,for the artistic power and truth with which he has depicted human conflict as well as some fundamental aspects of contemporary life in his novel-cycle <I>Les Thibault</I>,,1937-11-11,158463,5963742,https://www.nobelprize.org/prizes/literature/1937/summary/,https://api.nobelprize.org/2/nobelPrize/lit/1937,https://www.nobelprize.org/nomination/archive/list.php?prize=4&year=1937,ingested,62,
1937,chemistry,True,196 | 197,Norman Haworth | Paul Karrer,1/2 | 1/2,received | received,"for his investigations on carbohydrates and vitamin C | for his investigations on carotenoids, flavins and vitamins A and B2",,1937-11-11,158463,5963742,https://www.nobelprize.org/prizes/chemistry/1937/summary/,https://api.nobelprize.org/2/nobelPrize/che/1937,https://www.nobelprize.org/nomination/archive/list.php?prize=2&year=1937,ingested,36,nomination_list_spelling_differs
1936,physics,True,42 | 43,Victor F. Hess | Carl D. Anderson,1/2 | 1/2,received | received,for his discovery of cosmic radiation | for his discovery of the positron,,1936-11-12,159850,6213186,https://www.nobelprize.org/prizes/physics/1936/summary/,https://api.nobelprize.org/2/nobelPrize/phy/1936,https://www.nobelprize.org/nomination/archive/list.php?prize=1&year=1936,ingested,30,nomination_list_spelling_differs
1936,peace,True,501,Carlos Saavedra Lamas,1,received,"for his role as father of the Argentine Antiwar Pact of 1933, which he also used as a means to mediate peace between Paraguay and Bolivia in 1935",,1936-11-24,159850,6213186,https://www.nobelprize.org/prizes/peace/1936/summary/,https://api.nobelprize.org/2/nobelPrize/pea/1936,https://www.nobelprize.org/nomination/archive/list.php?prize=5&year=1936,ingested,196,
1936,medicine,True,330 | 331,Sir Henry Dale | Otto Loewi,1/2 | 1/2,received | received,for their discoveries relating to chemical transmission of nerve impulses | for their discoveries relating to chemical transmission of nerve impulses,,1936-10-29,159850,6213186,https://www.nobelprize.org/prizes/medicine/1936/summary/,https://api.nobelprize.org/2/nobelPrize/med/1936,https://www.nobelprize.org/nomination/archive/list.php?prize=3&year=1936,parse_count_mismatch,155,nomination_list_near_spelling | nomination_parse_count_mismatch
1936,literature,True,608,Eugene O'Neill,1,received,"for the power, honesty and deep-felt emotions of his dramatic works, which embody an original concept of tragedy",,1936-11-12,159850,6213186,https://www.nobelprize.org/prizes/literature/1936/summary/,https://api.nobelprize.org/2/nobelPrize/lit/1936,https://www.nobelprize.org/nomination/archive/list.php?prize=4&year=1936,ingested,47,
1936,chemistry,True,195,Peter Debye,1,received,for his contributions to our knowledge of molecular structure through his investigations on dipole moments and on the diffraction of X-rays and electrons in gases,,1936-11-12,159850,6213186,https://www.nobelprize.org/prizes/chemistry/1936/summary/,https://api.nobelprize.org/2/nobelPrize/che/1936,https://www.nobelprize.org/nomination/archive/list.php?prize=2&year=1936,ingested,38,laureate_name_not_on_nomination_list
1935,physics,True,41,James Chadwick,1,received,for the discovery of the neutron,,1935-11-14,159917,6319387,https://www.nobelprize.org/prizes/physics/1935/summary/,https://api.nobelprize.org/2/nobelPrize/phy/1935,https://www.nobelprize.org/nomination/archive/list.php?prize=1&year=1935,ingested,39,
1935,peace,True,500,Carl von Ossietzky,1,received,for his burning love for freedom of thought and expression and his valuable contribution to the cause of peace,,1936-11-24,159917,6319387,https://www.nobelprize.org/prizes/peace/1935/summary/,https://api.nobelprize.org/2/nobelPrize/pea/1935,https://www.nobelprize.org/nomination/archive/list.php?prize=5&year=1935,ingested,111,
1935,medicine,True,329,Hans Spemann,1,received,for his discovery of the organizer effect in embryonic development,,1935-10-24,159917,6319387,https://www.nobelprize.org/prizes/medicine/1935/summary/,https://api.nobelprize.org/2/nobelPrize/med/1935,https://www.nobelprize.org/nomination/archive/list.php?prize=3&year=1935,parse_count_mismatch,177,nomination_parse_count_mismatch
1935,literature,False,,,,,,No Nobel Prize was awarded this year. 1/3 of the prize money was allocated to the main fund and 2/3 was allocated to the special fund of this prize section.,,159917,6319387,https://www.nobelprize.org/prizes/literature/1935/summary/,https://api.nobelprize.org/2/nobelPrize/lit/1935,https://www.nobelprize.org/nomination/archive/list.php?prize=4&year=1935,ingested,52,prize_not_awarded
1935,chemistry,True,193 | 194,Frédéric Joliot | Irène Joliot-Curie,1/2 | 1/2,received | received,in recognition of their synthesis of new radioactive elements | in recognition of their synthesis of new radioactive elements,,1935-11-14,159917,6319387,https://www.nobelprize.org/prizes/chemistry/1935/summary/,https://api.nobelprize.org/2/nobelPrize/che/1935,https://www.nobelprize.org/nomination/archive/list.php?prize=2&year=1935,ingested,50,
1934,physics,False,,,,,,No Nobel Prize was awarded this year. 1/3 of the prize money was allocated to the main fund and 2/3 was allocated to the special fund of this prize section.,,162608,6534637,https://www.nobelprize.org/prizes/physics/1934/summary/,https://api.nobelprize.org/2/nobelPrize/phy/1934,https://www.nobelprize.org/nomination/archive/list.php?prize=1&year=1934,ingested,54,prize_not_awarded
1934,peace,True,499,Arthur Henderson,1,received,for his untiring struggle and his courageous efforts as Chairman of the League of Nations Disarmament Conference 1931-34,,1934-12-10,162608,6534637,https://www.nobelprize.org/prizes/peace/1934/summary/,https://api.nobelprize.org/2/nobelPrize/pea/1934,https://www.nobelprize.org/nomination/archive/list.php?prize=5&year=1934,ingested,103,
1934,medicine,True,326 | 327 | 328,George H. Whipple | George R. Minot | William P. Murphy,1/3 | 1/3 | 1/3,received | received | received,for their discoveries concerning liver therapy in cases of anaemia | for their discoveries concerning liver therapy in cases of anaemia | for their discoveries concerning liver therapy in cases of anaemia,,1934-10-25,162608,6534637,https://www.nobelprize.org/prizes/medicine/1934/summary/,https://api.nobelprize.org/2/nobelPrize/med/1934,https://www.nobelprize.org/nomination/archive/list.php?prize=3&year=1934,parse_count_mismatch,211,nomination_list_spelling_differs | nomination_parse_count_mismatch
1934,literature,True,607,Luigi Pirandello,1,received,for his bold and ingenious revival of dramatic and scenic art,,1934-11-08,162608,6534637,https://www.nobelprize.org/prizes/literature/1934/summary/,https://api.nobelprize.org/2/nobelPrize/lit/1934,https://www.nobelprize.org/nomination/archive/list.php?prize=4&year=1934,ingested,44,
1934,chemistry,True,192,Harold C. Urey,1,received,for his discovery of heavy hydrogen,,1934-11-15,162608,6534637,https://www.nobelprize.org/prizes/chemistry/1934/summary/,https://api.nobelprize.org/2/nobelPrize/che/1934,https://www.nobelprize.org/nomination/archive/list.php?prize=2&year=1934,ingested,41,nomination_list_spelling_differs
1933,physics,True,39 | 40,Erwin Schrödinger | Paul A.M. Dirac,1/2 | 1/2,received | received,for the discovery of new productive forms of atomic theory | for the discovery of new productive forms of atomic theory,,1933-11-09,170332,6845037,https://www.nobelprize.org/prizes/physics/1933/summary/,https://api.nobelprize.org/2/nobelPrize/phy/1933,https://www.nobelprize.org/nomination/archive/list.php?prize=1&year=1933,ingested,48,nomination_list_spelling_differs
1933,peace,True,498,Sir Norman Angell,1,received,for having exposed by his pen the illusion of war and presented a convincing plea for international cooperation and peace,,1934-12-10,170332,6845037,https://www.nobelprize.org/prizes/peace/1933/summary/,https://api.nobelprize.org/2/nobelPrize/pea/1933,https://www.nobelprize.org/nomination/archive/list.php?prize=5&year=1933,ingested,85,laureate_name_not_on_nomination_list
1933,medicine,True,325,Thomas H. Morgan,1,received,for his discoveries concerning the role played by the chromosome in heredity,,1933-10-20,170332,6845037,https://www.nobelprize.org/prizes/medicine/1933/summary/,https://api.nobelprize.org/2/nobelPrize/med/1933,https://www.nobelprize.org/nomination/archive/list.php?prize=3&year=1933,parse_count_mismatch,80,nomination_list_spelling_differs | nomination_parse_count_mismatch
1933,literature,True,606,Ivan Bunin,1,received,for the strict artistry with which he has carried on the classical Russian traditions in prose writing,,1933-11-09,170332,6845037,https://www.nobelprize.org/prizes/literature/1933/summary/,https://api.nobelprize.org/2/nobelPrize/lit/1933,https://www.nobelprize.org/nomination/archive/list.php?prize=4&year=1933,ingested,47,laureate_name_not_on_nomination_list
1933,chemistry,False,,,,,,No Nobel Prize was awarded this year. 1/3 of the prize money was allocated to the main fund and 2/3 was allocated to the special fund of this prize section.,,170332,6845037,https://www.nobelprize.org/prizes/chemistry/1933/summary/,https://api.nobelprize.org/2/nobelPrize/che/1933,https://www.nobelprize.org/nomination/archive/list.php?prize=2&year=1933,ingested,39,prize_not_awarded
1932,physics,True,38,Werner Heisenberg,1,received,"for the creation of quantum mechanics, the application of which has, inter alia, led to the discovery of the allotropic forms of hydrogen",,1933-11-09,171753,6675842,https://www.nobelprize.org/prizes/physics/1932/summary/,https://api.nobelprize.org/2/nobelPrize/phy/1932,https://www.nobelprize.org/nomination/archive/list.php?prize=1&year=1932,ingested,41,nomination_list_spelling_differs
1932,peace,False,,,,,,No Nobel Prize was awarded this year. The prize money was allocated to the Special Fund of this prize section.,1932-10-01,171753,6675842,https://www.nobelprize.org/prizes/peace/1932/summary/,https://api.nobelprize.org/2/nobelPrize/pea/1932,https://www.nobelprize.org/nomination/archive/list.php?prize=5&year=1932,ingested,74,prize_not_awarded
1932,medicine,True,323 | 324,Sir Charles Sherrington | Edgar Adrian,1/2 | 1/2,received | received,for their discoveries regarding the functions of neurons | for their discoveries regarding the functions of neurons,,1932-10-27,171753,6675842,https://www.nobelprize.org/prizes/medicine/1932/summary/,https://api.nobelprize.org/2/nobelPrize/med/1932,https://www.nobelprize.org/nomination/archive/list.php?prize=3&year=1932,parse_count_mismatch,117,laureate_only_possible_nominee_name_match | nomination_list_spelling_differs | nomination_parse_count_mismatch
1932,literature,True,605,John Galsworthy,1,received,for his distinguished art of narration which takes its highest form in <I>The Forsyte Saga</I>,,1932-11-10,171753,6675842,https://www.nobelprize.org/prizes/literature/1932/summary/,https://api.nobelprize.org/2/nobelPrize/lit/1932,https://www.nobelprize.org/nomination/archive/list.php?prize=4&year=1932,ingested,48,
1932,chemistry,True,191,Irving Langmuir,1,received,for his discoveries and investigations in surface chemistry,,1932-11-10,171753,6675842,https://www.nobelprize.org/prizes/chemistry/1932/summary/,https://api.nobelprize.org/2/nobelPrize/che/1932,https://www.nobelprize.org/nomination/archive/list.php?prize=2&year=1932,ingested,40,
1931,physics,False,,,,,,No Nobel Prize was awarded this year. The prize money was allocated to the Special Fund of this prize section.,,173206,6623733,https://www.nobelprize.org/prizes/physics/1931/summary/,https://api.nobelprize.org/2/nobelPrize/phy/1931,https://www.nobelprize.org/nomination/archive/list.php?prize=1&year=1931,ingested,26,prize_not_awarded
1931,peace,True,496 | 497,Jane Addams | Nicholas Murray Butler,1/2 | 1/2,received | received,for their assiduous effort to revive the ideal of peace and to rekindle the spirit of peace in their own nation and in the whole of mankind | for their assiduous effort to revive the ideal of peace and to rekindle the spirit of peace in their own nation and in the whole of mankind,,1931-12-10,173206,6623733,https://www.nobelprize.org/prizes/peace/1931/summary/,https://api.nobelprize.org/2/nobelPrize/pea/1931,https://www.nobelprize.org/nomination/archive/list.php?prize=5&year=1931,ingested,75,
1931,medicine,True,322,Otto Warburg,1,received,for his discovery of the nature and mode of action of the respiratory enzyme,,1931-10-29,173206,6623733,https://www.nobelprize.org/prizes/medicine/1931/summary/,https://api.nobelprize.org/2/nobelPrize/med/1931,https://www.nobelprize.org/nomination/archive/list.php?prize=3&year=1931,parse_count_mismatch,161,nomination_parse_count_mismatch
1931,literature,True,604,Erik Axel Karlfeldt,1,received,The poetry of Erik Axel Karlfeldt,,1931-11-08,173206,6623733,https://www.nobelprize.org/prizes/literature/1931/summary/,https://api.nobelprize.org/2/nobelPrize/lit/1931,https://www.nobelprize.org/nomination/archive/list.php?prize=4&year=1931,ingested,49,death_date_before_award_date | posthumous_facts_page
1931,chemistry,True,189 | 190,Carl Bosch | Friedrich Bergius,1/2 | 1/2,received | received,in recognition of their contributions to the invention and development of chemical high pressure methods | in recognition of their contributions to the invention and development of chemical high pressure methods,,1931-11-12,173206,6623733,https://www.nobelprize.org/prizes/chemistry/1931/summary/,https://api.nobelprize.org/2/nobelPrize/che/1931,https://www.nobelprize.org/nomination/archive/list.php?prize=2&year=1931,ingested,43,
1930,physics,True,37,Sir Chandrasekhara Venkata Raman,1,received,for his work on the scattering of light and for the discovery of the effect named after him,,1930-11-13,172947,6407146,https://www.nobelprize.org/prizes/physics/1930/summary/,https://api.nobelprize.org/2/nobelPrize/phy/1930,https://www.nobelprize.org/nomination/archive/list.php?prize=1&year=1930,ingested,40,laureate_only_possible_nominee_name_match
1930,peace,True,495,Nathan Söderblom,1,received,for promoting Christian unity and helping create 'that new attitude of mind which is necessary if peace between nations is to become reality',,1930-12-10,172947,6407146,https://www.nobelprize.org/prizes/peace/1930/summary/,https://api.nobelprize.org/2/nobelPrize/pea/1930,https://www.nobelprize.org/nomination/archive/list.php?prize=5&year=1930,ingested,73,laureate_name_not_on_nomination_list
1930,medicine,True,321,Karl Landsteiner,1,received,for his discovery of human blood groups,,1930-10-30,172947,6407146,https://www.nobelprize.org/prizes/medicine/1930/summary/,https://api.nobelprize.org/2/nobelPrize/med/1930,https://www.nobelprize.org/nomination/archive/list.php?prize=3&year=1930,parse_count_mismatch,139,nomination_parse_count_mismatch
1930,literature,True,603,Sinclair Lewis,1,received,"for his vigorous and graphic art of description and his ability to create, with wit and humour, new types of characters",,1930-11-05,172947,6407146,https://www.nobelprize.org/prizes/literature/1930/summary/,https://api.nobelprize.org/2/nobelPrize/lit/1930,https://www.nobelprize.org/nomination/archive/list.php?prize=4&year=1930,ingested,47,
1930,chemistry,True,188,Hans Fischer,1,received,for his researches into the constitution of haemin and chlorophyll and especially for his synthesis of haemin,,1930-11-13,172947,6407146,https://www.nobelprize.org/prizes/chemistry/1930/summary/,https://api.nobelprize.org/2/nobelPrize/che/1930,https://www.nobelprize.org/nomination/archive/list.php?prize=2&year=1930,ingested,29,
1929,physics,True,36,Louis de Broglie,1,received,for his discovery of the wave nature of electrons,,1929-11-12,172760,6206272,https://www.nobelprize.org/prizes/physics/1929/summary/,https://api.nobelprize.org/2/nobelPrize/phy/1929,https://www.nobelprize.org/nomination/archive/list.php?prize=1&year=1929,ingested,58,nomination_list_spelling_differs
1929,peace,True,494,Frank B. Kellogg,1,received,for his crucial role in bringing about the Briand-Kellogg Pact,,1930-12-10,172760,6206272,https://www.nobelprize.org/prizes/peace/1929/summary/,https://api.nobelprize.org/2/nobelPrize/pea/1929,https://www.nobelprize.org/nomination/archive/list.php?prize=5&year=1929,ingested,79,nomination_list_spelling_differs
1929,medicine,True,319 | 320,Christiaan Eijkman | Sir Frederick Hopkins,1/2 | 1/2,received | received,for his discovery of the antineuritic vitamin | for his discovery of the growth-stimulating vitamins,,1929-10-31,172760,6206272,https://www.nobelprize.org/prizes/medicine/1929/summary/,https://api.nobelprize.org/2/nobelPrize/med/1929,https://www.nobelprize.org/nomination/archive/list.php?prize=3&year=1929,parse_count_mismatch,121,laureate_only_possible_nominee_name_match | nomination_parse_count_mismatch
1929,literature,True,602,Thomas Mann,1,received,"principally for his great novel, <I>Buddenbrooks</I>, which has won steadily increased recognition as one of the classic works of contemporary literature",,1929-11-12,172760,6206272,https://www.nobelprize.org/prizes/literature/1929/summary/,https://api.nobelprize.org/2/nobelPrize/lit/1929,https://www.nobelprize.org/nomination/archive/list.php?prize=4&year=1929,ingested,30,
1929,chemistry,True,186 | 187,Arthur Harden | Hans von Euler-Chelpin,1/2 | 1/2,received | received,for their investigations on the fermentation of sugar and fermentative enzymes | for their investigations on the fermentation of sugar and fermentative enzymes,,1929-11-12,172760,6206272,https://www.nobelprize.org/prizes/chemistry/1929/summary/,https://api.nobelprize.org/2/nobelPrize/che/1929,https://www.nobelprize.org/nomination/archive/list.php?prize=2&year=1929,ingested,61,
1928,physics,True,35,Owen Willans Richardson,1,received,for his work on the thermionic phenomenon and especially for the discovery of the law named after him,,1929-11-12,156939,5637915,https://www.nobelprize.org/prizes/physics/1928/summary/,https://api.nobelprize.org/2/nobelPrize/phy/1928,https://www.nobelprize.org/nomination/archive/list.php?prize=1&year=1928,ingested,32,laureate_only_possible_nominee_name_match
1928,peace,False,,,,,,No Nobel Prize was awarded this year. The prize money was allocated to the Special Fund of this prize section.,,156939,5637915,https://www.nobelprize.org/prizes/peace/1928/summary/,https://api.nobelprize.org/2/nobelPrize/pea/1928,https://www.nobelprize.org/nomination/archive/list.php?prize=5&year=1928,ingested,50,prize_not_awarded
1928,medicine,True,318,Charles Nicolle,1,received,for his work on typhus,,1928-10-25,156939,5637915,https://www.nobelprize.org/prizes/medicine/1928/summary/,https://api.nobelprize.org/2/nobelPrize/med/1928,https://www.nobelprize.org/nomination/archive/list.php?prize=3&year=1928,parse_count_mismatch,147,nomination_parse_count_mismatch
1928,literature,True,601,Sigrid Undset,1,received,principally for her powerful descriptions of Northern life during the Middle Ages,,1928-11-13,156939,5637915,https://www.nobelprize.org/prizes/literature/1928/summary/,https://api.nobelprize.org/2/nobelPrize/lit/1928,https://www.nobelprize.org/nomination/archive/list.php?prize=4&year=1928,ingested,48,
1928,chemistry,True,185,Adolf Windaus,1,received,for the services rendered through his research into the constitution of the sterols and their connection with the vitamins,,1928-11-13,156939,5637915,https://www.nobelprize.org/prizes/chemistry/1928/summary/,https://api.nobelprize.org/2/nobelPrize/che/1928,https://www.nobelprize.org/nomination/archive/list.php?prize=2&year=1928,ingested,39,
1927,physics,True,33 | 34,Arthur H. Compton | C.T.R. Wilson,1/2 | 1/2,received | received,for his discovery of the effect named after him | for his method of making the paths of electrically charged particles visible by condensation of vapour,,1927-11-10,126501,4544453,https://www.nobelprize.org/prizes/physics/1927/summary/,https://api.nobelprize.org/2/nobelPrize/phy/1927,https://www.nobelprize.org/nomination/archive/list.php?prize=1&year=1927,ingested,33,nomination_list_spelling_differs
1927,peace,True,492 | 493,Ferdinand Buisson | Ludwig Quidde,1/2 | 1/2,received | received,for their contribution to the emergence in France and Germany of a public opinion which favours peaceful international cooperation | for their contribution to the emergence in France and Germany of a public opinion which favours peaceful international cooperation,,1927-12-10,126501,4544453,https://www.nobelprize.org/prizes/peace/1927/summary/,https://api.nobelprize.org/2/nobelPrize/pea/1927,https://www.nobelprize.org/nomination/archive/list.php?prize=5&year=1927,ingested,37,nomination_list_spelling_differs
1927,medicine,True,317,Julius Wagner-Jauregg,1,received,for his discovery of the therapeutic value of malaria inoculation in the treatment of dementia paralytica,,1927-10-27,126501,4544453,https://www.nobelprize.org/prizes/medicine/1927/summary/,https://api.nobelprize.org/2/nobelPrize/med/1927,https://www.nobelprize.org/nomination/archive/list.php?prize=3&year=1927,parse_count_mismatch,108,nomination_parse_count_mismatch
1927,literature,True,600,Henri Bergson,1,received,in recognition of his rich and vitalizing ideas and the brilliant skill with which they have been presented,,1928-11-13,126501,4544453,https://www.nobelprize.org/prizes/literature/1927/summary/,https://api.nobelprize.org/2/nobelPrize/lit/1927,https://www.nobelprize.org/nomination/archive/list.php?prize=4&year=1927,ingested,29,laureate_name_not_on_nomination_list
1927,chemistry,True,184,Heinrich Wieland,1,received,for his investigations of the constitution of the bile acids and related substances,,1928-11-13,126501,4544453,https://www.nobelprize.org/prizes/chemistry/1927/summary/,https://api.nobelprize.org/2/nobelPrize/che/1927,https://www.nobelprize.org/nomination/archive/list.php?prize=2&year=1927,ingested,30,nomination_list_spelling_differs
1926,physics,True,32,Jean Baptiste Perrin,1,received,"for his work on the discontinuous structure of matter, and especially for his discovery of sedimentation equilibrium",,1926-11-11,116960,4138987,https://www.nobelprize.org/prizes/physics/1926/summary/,https://api.nobelprize.org/2/nobelPrize/phy/1926,https://www.nobelprize.org/nomination/archive/list.php?prize=1&year=1926,ingested,42,laureate_only_possible_nominee_name_match
1926,peace,True,490 | 491,Aristide Briand | Gustav Stresemann,1/2 | 1/2,received | received,for their crucial role in bringing about the Locarno Treaty | for their crucial role in bringing about the Locarno Treaty,,1926-12-10,116960,4138987,https://www.nobelprize.org/prizes/peace/1926/summary/,https://api.nobelprize.org/2/nobelPrize/pea/1926,https://www.nobelprize.org/nomination/archive/list.php?prize=5&year=1926,ingested,72,nomination_list_spelling_differs
1926,medicine,True,316,Johannes Fibiger,1,received,for his discovery of the Spiroptera carcinoma,,1927-10-27,116960,4138987,https://www.nobelprize.org/prizes/medicine/1926/summary/,https://api.nobelprize.org/2/nobelPrize/med/1926,https://www.nobelprize.org/nomination/archive/list.php?prize=3&year=1926,parse_count_mismatch,102,nomination_parse_count_mismatch
1926,literature,True,597,Grazia Deledda,1,received,for her idealistically inspired writings which with plastic clarity picture the life on her native island and with depth and sympathy deal with human problems in general,,1927-11-10,116960,4138987,https://www.nobelprize.org/prizes/literature/1926/summary/,https://api.nobelprize.org/2/nobelPrize/lit/1926,https://www.nobelprize.org/nomination/archive/list.php?prize=4&year=1926,ingested,37,laureate_name_not_on_nomination_list
1926,chemistry,True,183,The Svedberg,1,received,for his work on disperse systems,,1926-11-11,116960,4138987,https://www.nobelprize.org/prizes/chemistry/1926/summary/,https://api.nobelprize.org/2/nobelPrize/che/1926,https://www.nobelprize.org/nomination/archive/list.php?prize=2&year=1926,ingested,37,nomination_list_spelling_differs
1925,physics,True,30 | 31,James Franck | Gustav Hertz,1/2 | 1/2,received | received,for their discovery of the laws governing the impact of an electron upon an atom | for their discovery of the laws governing the impact of an electron upon an atom,,1926-11-11,118165,4060423,https://www.nobelprize.org/prizes/physics/1925/summary/,https://api.nobelprize.org/2/nobelPrize/phy/1925,https://www.nobelprize.org/nomination/archive/list.php?prize=1&year=1925,ingested,31,laureate_name_not_on_nomination_list
1925,peace,True,488 | 489,Sir Austen Chamberlain | Charles G. Dawes,1/2 | 1/2,received | received,for his crucial role in bringing about the Locarno Treaty | for his crucial role in bringing about the Dawes Plan,,1926-12-10,118165,4060423,https://www.nobelprize.org/prizes/peace/1925/summary/,https://api.nobelprize.org/2/nobelPrize/pea/1925,https://www.nobelprize.org/nomination/archive/list.php?prize=5&year=1925,ingested,73,laureate_name_not_on_nomination_list
1925,medicine,False,,,,,,No Nobel Prize was awarded this year. The prize money was allocated to the Special Fund of this prize section.,,118165,4060423,https://www.nobelprize.org/prizes/medicine/1925/summary/,https://api.nobelprize.org/2/nobelPrize/med/1925,https://www.nobelprize.org/nomination/archive/list.php?prize=3&year=1925,parse_count_mismatch,155,nomination_parse_count_mismatch | prize_not_awarded
1925,literature,True,596,George Bernard Shaw,1,received,"for his work which is marked by both idealism and humanity, its stimulating satire often being infused with a singular poetic beauty",,1926-11-11,118165,4060423,https://www.nobelprize.org/prizes/literature/1925/summary/,https://api.nobelprize.org/2/nobelPrize/lit/1925,https://www.nobelprize.org/nomination/archive/list.php?prize=4&year=1925,ingested,25,
1925,chemistry,True,182,Richard Zsigmondy,1,received,"for his demonstration of the heterogenous nature of colloid solutions and for the methods he used, which have since become fundamental in modern colloid chemistry",,1926-11-11,118165,4060423,https://www.nobelprize.org/prizes/chemistry/1925/summary/,https://api.nobelprize.org/2/nobelPrize/che/1925,https://www.nobelprize.org/nomination/archive/list.php?prize=2&year=1925,ingested,25,laureate_name_not_on_nomination_list
1924,physics,True,29,Manne Siegbahn,1,received,for his discoveries and research in the field of X-ray spectroscopy,,1925-11-12,116719,4069717,https://www.nobelprize.org/prizes/physics/1924/summary/,https://api.nobelprize.org/2/nobelPrize/phy/1924,https://www.nobelprize.org/nomination/archive/list.php?prize=1&year=1924,ingested,32,laureate_name_not_on_nomination_list
1924,peace,False,,,,,,No Nobel Prize was awarded this year. The prize money was allocated to the Special Fund of this prize section.,,116719,4069717,https://www.nobelprize.org/prizes/peace/1924/summary/,https://api.nobelprize.org/2/nobelPrize/pea/1924,https://www.nobelprize.org/nomination/archive/list.php?prize=5&year=1924,ingested,53,prize_not_awarded
1924,medicine,True,315,Willem Einthoven,1,received,for his discovery of the mechanism of the electrocardiogram,,1924-10-23,116719,4069717,https://www.nobelprize.org/prizes/medicine/1924/summary/,https://api.nobelprize.org/2/nobelPrize/med/1924,https://www.nobelprize.org/nomination/archive/list.php?prize=3&year=1924,parse_count_mismatch,102,nomination_parse_count_mismatch
1924,literature,True,594,Władysław Reymont,1,received,"for his great national epic, <I>The Peasants</I>",,1924-11-13,116719,4069717,https://www.nobelprize.org/prizes/literature/1924/summary/,https://api.nobelprize.org/2/nobelPrize/lit/1924,https://www.nobelprize.org/nomination/archive/list.php?prize=4&year=1924,ingested,22,laureate_name_not_on_nomination_list
1924,chemistry,False,,,,,,No Nobel Prize was awarded this year. The prize money was allocated to the Special Fund of this prize section.,,116719,4069717,https://www.nobelprize.org/prizes/chemistry/1924/summary/,https://api.nobelprize.org/2/nobelPrize/che/1924,https://www.nobelprize.org/nomination/archive/list.php?prize=2&year=1924,ingested,35,prize_not_awarded
1923,physics,True,28,Robert A. Millikan,1,received,for his work on the elementary charge of electricity and on the photoelectric effect,,1923-11-13,114935,4007513,https://www.nobelprize.org/prizes/physics/1923/summary/,https://api.nobelprize.org/2/nobelPrize/phy/1923,https://www.nobelprize.org/nomination/archive/list.php?prize=1&year=1923,ingested,18,nomination_list_spelling_differs
1923,peace,False,,,,,,No Nobel Prize was awarded this year. The prize money was allocated to the Special Fund of this prize section.,,114935,4007513,https://www.nobelprize.org/prizes/peace/1923/summary/,https://api.nobelprize.org/2/nobelPrize/pea/1923,https://www.nobelprize.org/nomination/archive/list.php?prize=5&year=1923,ingested,91,prize_not_awarded
1923,medicine,True,313 | 314,Frederick G. Banting | John Macleod,1/2 | 1/2,received | received,for the discovery of insulin | for the discovery of insulin,,1923-10-25,114935,4007513,https://www.nobelprize.org/prizes/medicine/1923/summary/,https://api.nobelprize.org/2/nobelPrize/med/1923,https://www.nobelprize.org/nomination/archive/list.php?prize=3&year=1923,parse_count_mismatch,141,nomination_list_spelling_differs | nomination_parse_count_mismatch
1923,literature,True,593,William Butler Yeats,1,received,"for his always inspired poetry, which in a highly artistic form gives expression to the spirit of a whole nation",,1923-11-14,114935,4007513,https://www.nobelprize.org/prizes/literature/1923/summary/,https://api.nobelprize.org/2/nobelPrize/lit/1923,https://www.nobelprize.org/nomination/archive/list.php?prize=4&year=1923,ingested,36,laureate_only_possible_nominee_name_match
1923,chemistry,True,181,Fritz Pregl,1,received,for his invention of the method of micro-analysis of organic substances,,1923-11-13,114935,4007513,https://www.nobelprize.org/prizes/chemistry/1923/summary/,https://api.nobelprize.org/2/nobelPrize/che/1923,https://www.nobelprize.org/nomination/archive/list.php?prize=2&year=1923,ingested,16,
1922,physics,True,27,Niels Bohr,1,received,for his services in the investigation of the structure of atoms and of the radiation emanating from them,,1922-11-09,122483,3978181,https://www.nobelprize.org/prizes/physics/1922/summary/,https://api.nobelprize.org/2/nobelPrize/phy/1922,https://www.nobelprize.org/nomination/archive/list.php?prize=1&year=1922,ingested,47,
1922,peace,True,487,Fridtjof Nansen,1,received,"for his leading role in the repatriation of prisoners of war, in international relief work and as the League of Nations' High Commissioner for refugees",,1922-12-10,122483,3978181,https://www.nobelprize.org/prizes/peace/1922/summary/,https://api.nobelprize.org/2/nobelPrize/pea/1922,https://www.nobelprize.org/nomination/archive/list.php?prize=5&year=1922,ingested,42,
1922,medicine,True,311 | 312,Archibald V. Hill | Otto Meyerhof,1/2 | 1/2,received | received,for his discovery relating to the production of heat in the muscle | for his discovery of the fixed relationship between the consumption of oxygen and the metabolism of lactic acid in the muscle,,1922-10-25,122483,3978181,https://www.nobelprize.org/prizes/medicine/1922/summary/,https://api.nobelprize.org/2/nobelPrize/med/1922,https://www.nobelprize.org/nomination/archive/list.php?prize=3&year=1922,parse_count_mismatch,86,laureate_name_not_on_nomination_list | nomination_parse_count_mismatch
1922,literature,True,592,Jacinto Benavente,1,received,for the happy manner in which he has continued the illustrious traditions of the Spanish drama,,1922-11-09,122483,3978181,https://www.nobelprize.org/prizes/literature/1922/summary/,https://api.nobelprize.org/2/nobelPrize/lit/1922,https://www.nobelprize.org/nomination/archive/list.php?prize=4&year=1922,ingested,30,
1922,chemistry,True,180,Francis W. Aston,1,received,"for his discovery, by means of his mass spectrograph, of isotopes, in a large number of non-radioactive elements, and for his enunciation of the whole-number rule",,1922-11-09,122483,3978181,https://www.nobelprize.org/prizes/chemistry/1922/summary/,https://api.nobelprize.org/2/nobelPrize/che/1922,https://www.nobelprize.org/nomination/archive/list.php?prize=2&year=1922,ingested,34,nomination_list_spelling_differs
1921,physics,True,26,Albert Einstein,1,received,"for his services to Theoretical Physics, and especially for his discovery of the law of the photoelectric effect",,1922-11-09,121573,3202773,https://www.nobelprize.org/prizes/physics/1921/summary/,https://api.nobelprize.org/2/nobelPrize/phy/1921,https://www.nobelprize.org/nomination/archive/list.php?prize=1&year=1921,ingested,31,
1921,peace,True,485 | 486,Hjalmar Branting | Christian Lange,1/2 | 1/2,received | received,for their lifelong contributions to the cause of peace and organized internationalism | for their lifelong contributions to the cause of peace and organized internationalism,,1921-12-10,121573,3202773,https://www.nobelprize.org/prizes/peace/1921/summary/,https://api.nobelprize.org/2/nobelPrize/pea/1921,https://www.nobelprize.org/nomination/archive/list.php?prize=5&year=1921,ingested,17,nomination_list_spelling_differs
1921,medicine,False,,,,,,No Nobel Prize was awarded this year. The prize money was allocated to the Special Fund of this prize section.,,121573,3202773,https://www.nobelprize.org/prizes/medicine/1921/summary/,https://api.nobelprize.org/2/nobelPrize/med/1921,https://www.nobelprize.org/nomination/archive/list.php?prize=3&year=1921,parse_count_mismatch,110,nomination_parse_count_mismatch | prize_not_awarded
1921,literature,True,590,Anatole France,1,received,"in recognition of his brilliant literary achievements, characterized as they are by a nobility of style, a profound human sympathy, grace, and a true Gallic temperament",,1921-11-10,121573,3202773,https://www.nobelprize.org/prizes/literature/1921/summary/,https://api.nobelprize.org/2/nobelPrize/lit/1921,https://www.nobelprize.org/nomination/archive/list.php?prize=4&year=1921,ingested,22,nomination_list_spelling_differs
1921,chemistry,True,179,Frederick Soddy,1,received,"for his contributions to our knowledge of the chemistry of radioactive substances, and his investigations into the origin and nature of isotopes",,1922-11-09,121573,3202773,https://www.nobelprize.org/prizes/chemistry/1921/summary/,https://api.nobelprize.org/2/nobelPrize/che/1921,https://www.nobelprize.org/nomination/archive/list.php?prize=2&year=1921,ingested,46,laureate_name_not_on_nomination_list
1920,physics,True,25,Charles Edouard Guillaume,1,received,in recognition of the service he has rendered to precision measurements in Physics by his discovery of anomalies in nickel steel alloys,,1920-11-11,134100,3028106,https://www.nobelprize.org/prizes/physics/1920/summary/,https://api.nobelprize.org/2/nobelPrize/phy/1920,https://www.nobelprize.org/nomination/archive/list.php?prize=1&year=1920,ingested,28,laureate_only_possible_nominee_name_match
1920,peace,True,484,Léon Bourgeois,1,received,for his longstanding contribution to the cause of peace and justice and his prominent role in the establishment of the League of Nations,,1920-12-10,134100,3028106,https://www.nobelprize.org/prizes/peace/1920/summary/,https://api.nobelprize.org/2/nobelPrize/pea/1920,https://www.nobelprize.org/nomination/archive/list.php?prize=5&year=1920,ingested,33,nomination_list_spelling_differs
1920,medicine,True,310,August Krogh,1,received,for his discovery of the capillary motor regulating mechanism,,1920-10-28,134100,3028106,https://www.nobelprize.org/prizes/medicine/1920/summary/,https://api.nobelprize.org/2/nobelPrize/med/1920,https://www.nobelprize.org/nomination/archive/list.php?prize=3&year=1920,parse_count_mismatch,141,nomination_parse_count_mismatch
1920,literature,True,589,Knut Hamsun,1,received,"for his monumental work, <I>Growth of the Soil</I>",,1920-11-11,134100,3028106,https://www.nobelprize.org/prizes/literature/1920/summary/,https://api.nobelprize.org/2/nobelPrize/lit/1920,https://www.nobelprize.org/nomination/archive/list.php?prize=4&year=1920,ingested,27,
1920,chemistry,True,178,Walther Nernst,1,received,in recognition of his work in thermochemistry,,1921-11-10,134100,3028106,https://www.nobelprize.org/prizes/chemistry/1920/summary/,https://api.nobelprize.org/2/nobelPrize/che/1920,https://www.nobelprize.org/nomination/archive/list.php?prize=2&year=1920,ingested,29,
1919,physics,True,24,Johannes Stark,1,received,for his discovery of the Doppler effect in canal rays and the splitting of spectral lines in electric fields,,1919-11-13,133127,3006134,https://www.nobelprize.org/prizes/physics/1919/summary/,https://api.nobelprize.org/2/nobelPrize/phy/1919,https://www.nobelprize.org/nomination/archive/list.php?prize=1&year=1919,ingested,30,
1919,peace,True,483,Woodrow Wilson,1,received,for his role as founder of the League of Nations,,1920-12-10,133127,3006134,https://www.nobelprize.org/prizes/peace/1919/summary/,https://api.nobelprize.org/2/nobelPrize/pea/1919,https://www.nobelprize.org/nomination/archive/list.php?prize=5&year=1919,ingested,28,nomination_list_spelling_differs
1919,medicine,True,309,Jules Bordet,1,received,for his discoveries relating to immunity,,1920-10-28,133127,3006134,https://www.nobelprize.org/prizes/medicine/1919/summary/,https://api.nobelprize.org/2/nobelPrize/med/1919,https://www.nobelprize.org/nomination/archive/list.php?prize=3&year=1919,parse_count_mismatch,119,nomination_parse_count_mismatch
1919,literature,True,588,Carl Spitteler,1,received,"in special appreciation of his epic, <I>Olympian Spring</I>",,1920-11-11,133127,3006134,https://www.nobelprize.org/prizes/literature/1919/summary/,https://api.nobelprize.org/2/nobelPrize/lit/1919,https://www.nobelprize.org/nomination/archive/list.php?prize=4&year=1919,ingested,18,
1919,chemistry,False,,,,,,No Nobel Prize was awarded this year. The prize money was allocated to the Special Fund of this prize section.,,133127,3006134,https://www.nobelprize.org/prizes/chemistry/1919/summary/,https://api.nobelprize.org/2/nobelPrize/che/1919,https://www.nobelprize.org/nomination/archive/list.php?prize=2&year=1919,ingested,22,prize_not_awarded
1918,physics,True,23,Max Planck,1,received,in recognition of the services he rendered to the advancement of Physics by his discovery of energy quanta,,1919-11-13,138198,3600741,https://www.nobelprize.org/prizes/physics/1918/summary/,https://api.nobelprize.org/2/nobelPrize/phy/1918,https://www.nobelprize.org/nomination/archive/list.php?prize=1&year=1918,ingested,29,
1918,peace,False,,,,,,No Nobel Prize was awarded this year. The prize money was allocated to the Special Fund of this prize section.,,138198,3600741,https://www.nobelprize.org/prizes/peace/1918/summary/,https://api.nobelprize.org/2/nobelPrize/pea/1918,https://www.nobelprize.org/nomination/archive/list.php?prize=5&year=1918,ingested,25,prize_not_awarded
1918,medicine,False,,,,,,No Nobel Prize was awarded this year. The prize money was allocated to the Special Fund of this prize section.,,138198,3600741,https://www.nobelprize.org/prizes/medicine/1918/summary/,https://api.nobelprize.org/2/nobelPrize/med/1918,https://www.nobelprize.org/nomination/archive/list.php?prize=3&year=1918,parse_count_mismatch,65,nomination_parse_count_mismatch | prize_not_awarded
1918,literature,False,,,,,,No Nobel Prize was awarded this year. The prize money was allocated to the Special Fund of this prize section.,,138198,3600741,https://www.nobelprize.org/prizes/literature/1918/summary/,https://api.nobelprize.org/2/nobelPrize/lit/1918,https://www.nobelprize.org/nomination/archive/list.php?prize=4&year=1918,ingested,19,prize_not_awarded
1918,chemistry,True,177,Fritz Haber,1,received,for the synthesis of ammonia from its elements,,1919-11-13,138198,3600741,https://www.nobelprize.org/prizes/chemistry/1918/summary/,https://api.nobelprize.org/2/nobelPrize/che/1918,https://www.nobelprize.org/nomination/archive/list.php?prize=2&year=1918,ingested,11,
1917,physics,True,22,Charles Glover Barkla,1,received,for his discovery of the characteristic R&ouml;ntgen radiation of the elements,,1918-11-12,133823,4957724,https://www.nobelprize.org/prizes/physics/1917/summary/,https://api.nobelprize.org/2/nobelPrize/phy/1917,https://www.nobelprize.org/nomination/archive/list.php?prize=1&year=1917,ingested,34,laureate_name_not_on_nomination_list
1917,peace,True,482,International Committee of the Red Cross,1,received,for the efforts to take care of wounded soldiers and prisoners of war and their families,,1917-12-10,133823,4957724,https://www.nobelprize.org/prizes/peace/1917/summary/,https://api.nobelprize.org/2/nobelPrize/pea/1917,https://www.nobelprize.org/nomination/archive/list.php?prize=5&year=1917,ingested,22,nomination_list_spelling_differs
1917,medicine,False,,,,,,No Nobel Prize was awarded this year. The prize money was allocated to the Special Fund of this prize section.,,133823,4957724,https://www.nobelprize.org/prizes/medicine/1917/summary/,https://api.nobelprize.org/2/nobelPrize/med/1917,https://www.nobelprize.org/nomination/archive/list.php?prize=3&year=1917,parse_count_mismatch,79,nomination_parse_count_mismatch | prize_not_awarded
1917,literature,True,586 | 587,Karl Gjellerup | Henrik Pontoppidan,1/2 | 1/2,received | received,"for his varied and rich poetry, which is inspired by lofty ideals | for his authentic descriptions of present-day life in Denmark",,1917-11-08,133823,4957724,https://www.nobelprize.org/prizes/literature/1917/summary/,https://api.nobelprize.org/2/nobelPrize/lit/1917,https://www.nobelprize.org/nomination/archive/list.php?prize=4&year=1917,ingested,26,
1917,chemistry,False,,,,,,No Nobel Prize was awarded this year. The prize money was allocated to the Special Fund of this prize section.,,133823,4957724,https://www.nobelprize.org/prizes/chemistry/1917/summary/,https://api.nobelprize.org/2/nobelPrize/che/1917,https://www.nobelprize.org/nomination/archive/list.php?prize=2&year=1917,ingested,17,prize_not_awarded
1916,physics,False,,,,,,No Nobel Prize was awarded this year. The prize money was allocated to the Special Fund of this prize section.,1916-10-01,131793,6127082,https://www.nobelprize.org/prizes/physics/1916/summary/,https://api.nobelprize.org/2/nobelPrize/phy/1916,https://www.nobelprize.org/nomination/archive/list.php?prize=1&year=1916,ingested,32,prize_not_awarded
1916,peace,False,,,,,,No Nobel Prize was awarded this year. The prize money was allocated to the Special Fund of this prize section.,,131793,6127082,https://www.nobelprize.org/prizes/peace/1916/summary/,https://api.nobelprize.org/2/nobelPrize/pea/1916,https://www.nobelprize.org/nomination/archive/list.php?prize=5&year=1916,ingested,27,prize_not_awarded
1916,medicine,False,,,,,,No Nobel Prize was awarded this year. The prize money was allocated to the Special Fund of this prize section.,1916-10-01,131793,6127082,https://www.nobelprize.org/prizes/medicine/1916/summary/,https://api.nobelprize.org/2/nobelPrize/med/1916,https://www.nobelprize.org/nomination/archive/list.php?prize=3&year=1916,parse_count_mismatch,71,nomination_parse_count_mismatch | prize_not_awarded
1916,literature,True,585,Verner von Heidenstam,1,received,in recognition of his significance as the leading representative of a new era in our literature,,1916-11-09,131793,6127082,https://www.nobelprize.org/prizes/literature/1916/summary/,https://api.nobelprize.org/2/nobelPrize/lit/1916,https://www.nobelprize.org/nomination/archive/list.php?prize=4&year=1916,ingested,46,
1916,chemistry,False,,,,,,No Nobel Prize was awarded this year. The prize money was allocated to the Special Fund of this prize section.,1916-10-01,131793,6127082,https://www.nobelprize.org/prizes/chemistry/1916/summary/,https://api.nobelprize.org/2/nobelPrize/che/1916,https://www.nobelprize.org/nomination/archive/list.php?prize=2&year=1916,ingested,27,prize_not_awarded
1915,physics,True,20 | 21,William Bragg | Lawrence Bragg,1/2 | 1/2,received | received,for their services in the analysis of crystal structure by means of X-rays | for their services in the analysis of crystal structure by means of X-rays,,1915-11-12,149223,7862394,https://www.nobelprize.org/prizes/physics/1915/summary/,https://api.nobelprize.org/2/nobelPrize/phy/1915,https://www.nobelprize.org/nomination/archive/list.php?prize=1&year=1915,ingested,18,nomination_list_spelling_differs
1915,peace,False,,,,,,No Nobel Prize was awarded this year. The prize money was allocated to the Special Fund of this prize section.,1915-10-01,149223,7862394,https://www.nobelprize.org/prizes/peace/1915/summary/,https://api.nobelprize.org/2/nobelPrize/pea/1915,https://www.nobelprize.org/nomination/archive/list.php?prize=5&year=1915,ingested,73,prize_not_awarded
1915,medicine,False,,,,,,No Nobel Prize was awarded this year. The prize money was allocated to the Special Fund of this prize section.,,149223,7862394,https://www.nobelprize.org/prizes/medicine/1915/summary/,https://api.nobelprize.org/2/nobelPrize/med/1915,https://www.nobelprize.org/nomination/archive/list.php?prize=3&year=1915,parse_count_mismatch,65,nomination_parse_count_mismatch | prize_not_awarded
1915,literature,True,584,Romain Rolland,1,received,as a tribute to the lofty idealism of his literary production and to the sympathy and love of truth with which he has described different types of human beings,,1916-11-09,149223,7862394,https://www.nobelprize.org/prizes/literature/1915/summary/,https://api.nobelprize.org/2/nobelPrize/lit/1915,https://www.nobelprize.org/nomination/archive/list.php?prize=4&year=1915,ingested,26,
1915,chemistry,True,176,Richard Willstätter,1,received,"for his researches on plant pigments, especially chlorophyll",,1915-11-11,149223,7862394,https://www.nobelprize.org/prizes/chemistry/1915/summary/,https://api.nobelprize.org/2/nobelPrize/che/1915,https://www.nobelprize.org/nomination/archive/list.php?prize=2&year=1915,ingested,30,
1914,physics,True,19,Max von Laue,1,received,for his discovery of the diffraction of X-rays by crystals,,1915-11-11,146900,8930767,https://www.nobelprize.org/prizes/physics/1914/summary/,https://api.nobelprize.org/2/nobelPrize/phy/1914,https://www.nobelprize.org/nomination/archive/list.php?prize=1&year=1914,ingested,38,
1914,peace,False,,,,,,No Nobel Prize was awarded this year. The prize money was allocated to the Special Fund of this prize section.,,146900,8930767,https://www.nobelprize.org/prizes/peace/1914/summary/,https://api.nobelprize.org/2/nobelPrize/pea/1914,https://www.nobelprize.org/nomination/archive/list.php?prize=5&year=1914,ingested,66,prize_not_awarded
1914,medicine,True,308,Robert Bárány,1,received,for his work on the physiology and pathology of the vestibular apparatus,,1915-10-29,146900,8930767,https://www.nobelprize.org/prizes/medicine/1914/summary/,https://api.nobelprize.org/2/nobelPrize/med/1914,https://www.nobelprize.org/nomination/archive/list.php?prize=3&year=1914,parse_count_mismatch,170,nomination_parse_count_mismatch
1914,literature,False,,,,,,No Nobel Prize was awarded this year. The prize money was allocated to the Special Fund of this prize section.,,146900,8930767,https://www.nobelprize.org/prizes/literature/1914/summary/,https://api.nobelprize.org/2/nobelPrize/lit/1914,https://www.nobelprize.org/nomination/archive/list.php?prize=4&year=1914,ingested,26,prize_not_awarded
1914,chemistry,True,175,Theodore W. Richards,1,received,in recognition of his accurate determinations of the atomic weight of a large number of chemical elements,,1915-11-11,146900,8930767,https://www.nobelprize.org/prizes/chemistry/1914/summary/,https://api.nobelprize.org/2/nobelPrize/che/1914,https://www.nobelprize.org/nomination/archive/list.php?prize=2&year=1914,ingested,28,nomination_list_spelling_differs
1913,physics,True,18,Heike Kamerlingh Onnes,1,received,"for his investigations on the properties of matter at low temperatures which led, inter alia, to the production of liquid helium",,1913-11-11,143010,8694275,https://www.nobelprize.org/prizes/physics/1913/summary/,https://api.nobelprize.org/2/nobelPrize/phy/1913,https://www.nobelprize.org/nomination/archive/list.php?prize=1&year=1913,ingested,39,
1913,peace,True,481,Henri La Fontaine,1,received,for his unparalleled contribution to the organization of peaceful internationalism,,1913-12-10,143010,8694275,https://www.nobelprize.org/prizes/peace/1913/summary/,https://api.nobelprize.org/2/nobelPrize/pea/1913,https://www.nobelprize.org/nomination/archive/list.php?prize=5&year=1913,ingested,77,nomination_list_spelling_differs
1913,medicine,True,307,Charles Richet,1,received,in recognition of his work on anaphylaxis,,1913-10-30,143010,8694275,https://www.nobelprize.org/prizes/medicine/1913/summary/,https://api.nobelprize.org/2/nobelPrize/med/1913,https://www.nobelprize.org/nomination/archive/list.php?prize=3&year=1913,parse_count_mismatch,152,nomination_list_spelling_differs | nomination_parse_count_mismatch
1913,literature,True,583,Rabindranath Tagore,1,received,"because of his profoundly sensitive, fresh and beautiful verse, by which, with consummate skill, he has made his poetic thought, expressed in his own English words, a part of the literature of the West",,1913-11-13,143010,8694275,https://www.nobelprize.org/prizes/literature/1913/summary/,https://api.nobelprize.org/2/nobelPrize/lit/1913,https://www.nobelprize.org/nomination/archive/list.php?prize=4&year=1913,ingested,32,
1913,chemistry,True,174,Alfred Werner,1,received,in recognition of his work on the linkage of atoms in molecules by which he has thrown new light on earlier investigations and opened up new fields of research especially in inorganic chemistry,,1913-11-11,143010,8694275,https://www.nobelprize.org/prizes/chemistry/1913/summary/,https://api.nobelprize.org/2/nobelPrize/che/1913,https://www.nobelprize.org/nomination/archive/list.php?prize=2&year=1913,ingested,31,
1912,physics,True,17,Gustaf Dalén,1,received,for his invention of automatic regulators for use in conjunction with gas accumulators for illuminating lighthouses and buoys,,1912-11-12,140476,8540220,https://www.nobelprize.org/prizes/physics/1912/summary/,https://api.nobelprize.org/2/nobelPrize/phy/1912,https://www.nobelprize.org/nomination/archive/list.php?prize=1&year=1912,ingested,30,laureate_name_not_on_nomination_list
1912,peace,True,480,Elihu Root,1,received,for bringing about better understanding between the countries of North and South America and initiating important arbitration agreements between the United States and other countries,,1913-12-10,140476,8540220,https://www.nobelprize.org/prizes/peace/1912/summary/,https://api.nobelprize.org/2/nobelPrize/pea/1912,https://www.nobelprize.org/nomination/archive/list.php?prize=5&year=1912,ingested,64,laureate_name_not_on_nomination_list
1912,medicine,True,306,Alexis Carrel,1,received,in recognition of his work on vascular suture and the transplantation of blood vessels and organs,,1912-10-10,140476,8540220,https://www.nobelprize.org/prizes/medicine/1912/summary/,https://api.nobelprize.org/2/nobelPrize/med/1912,https://www.nobelprize.org/nomination/archive/list.php?prize=3&year=1912,parse_count_mismatch,131,nomination_parse_count_mismatch
1912,literature,True,582,Gerhart Hauptmann,1,received,"primarily in recognition of his fruitful, varied and outstanding production in the realm of dramatic art",,1912-11-14,140476,8540220,https://www.nobelprize.org/prizes/literature/1912/summary/,https://api.nobelprize.org/2/nobelPrize/lit/1912,https://www.nobelprize.org/nomination/archive/list.php?prize=4&year=1912,ingested,37,
1912,chemistry,True,172 | 173,Victor Grignard | Paul Sabatier,1/2 | 1/2,received | received,"for the discovery of the so-called Grignard reagent, which in recent years has greatly advanced the progress of organic chemistry | for his method of hydrogenating organic compounds in the presence of finely disintegrated metals whereby the progress of organic chemistry has been greatly advanced in recent years",,1912-11-12,140476,8540220,https://www.nobelprize.org/prizes/chemistry/1912/summary/,https://api.nobelprize.org/2/nobelPrize/che/1912,https://www.nobelprize.org/nomination/archive/list.php?prize=2&year=1912,ingested,31,
1911,physics,True,16,Wilhelm Wien,1,received,for his discoveries regarding the laws governing the radiation of heat,,1911-11-07,140695,9266329,https://www.nobelprize.org/prizes/physics/1911/summary/,https://api.nobelprize.org/2/nobelPrize/phy/1911,https://www.nobelprize.org/nomination/archive/list.php?prize=1&year=1911,ingested,27,
1911,peace,True,478 | 479,Tobias Asser | Alfred Fried,1/2 | 1/2,received | received,"for his role as co-founder of the Institut de droit international, initiator of the Conferences on International Private Law (Conférences de Droit international privé) at the Hague, and pioneer in the field of international legal relations | for his effort to expose and fight what he considers to be the main cause of war, namely, the anarchy in international relations",,1911-12-10,140695,9266329,https://www.nobelprize.org/prizes/peace/1911/summary/,https://api.nobelprize.org/2/nobelPrize/pea/1911,https://www.nobelprize.org/nomination/archive/list.php?prize=5&year=1911,ingested,67,nomination_list_spelling_differs
1911,medicine,True,305,Allvar Gullstrand,1,received,for his work on the dioptrics of the eye,,1911-10-19,140695,9266329,https://www.nobelprize.org/prizes/medicine/1911/summary/,https://api.nobelprize.org/2/nobelPrize/med/1911,https://www.nobelprize.org/nomination/archive/list.php?prize=3&year=1911,parse_count_mismatch,92,nomination_parse_count_mismatch
1911,literature,True,581,Maurice Maeterlinck,1,received,"in appreciation of his many-sided literary activities, and especially of his dramatic works, which are distinguished by a wealth of imagination and by a poetic fancy, which reveals, sometimes in the guise of a fairy tale, a deep inspiration, while in a mysterious way they appeal to the readers' own feelings and stimulate their imaginations",,1911-11-09,140695,9266329,https://www.nobelprize.org/prizes/literature/1911/summary/,https://api.nobelprize.org/2/nobelPrize/lit/1911,https://www.nobelprize.org/nomination/archive/list.php?prize=4&year=1911,ingested,30,
1911,chemistry,True,6,Marie Curie,1,received,"in recognition of her services to the advancement of chemistry by the discovery of the elements radium and polonium, by the isolation of radium and the study of the nature and compounds of this remarkable element",,1911-11-07,140695,9266329,https://www.nobelprize.org/prizes/chemistry/1911/summary/,https://api.nobelprize.org/2/nobelPrize/che/1911,https://www.nobelprize.org/nomination/archive/list.php?prize=2&year=1911,ingested,19,
1910,physics,True,15,Johannes Diderik van der Waals,1,received,for his work on the equation of state for gases and liquids,,1910-11-05,140703,9016400,https://www.nobelprize.org/prizes/physics/1910/summary/,https://api.nobelprize.org/2/nobelPrize/phy/1910,https://www.nobelprize.org/nomination/archive/list.php?prize=1&year=1910,ingested,58,laureate_only_possible_nominee_name_match
1910,peace,True,477,Permanent International Peace Bureau,1,received,"for acting as a link between the peace societies of the various countries, and helping them to organize the world rallies of the international peace movement",,1910-12-10,140703,9016400,https://www.nobelprize.org/prizes/peace/1910/summary/,https://api.nobelprize.org/2/nobelPrize/pea/1910,https://www.nobelprize.org/nomination/archive/list.php?prize=5&year=1910,ingested,71,nomination_list_spelling_differs
1910,medicine,True,304,Albrecht Kossel,1,received,"in recognition of the contributions to our knowledge of cell chemistry made through his work on proteins, including the nucleic substances",,1910-10-20,140703,9016400,https://www.nobelprize.org/prizes/medicine/1910/summary/,https://api.nobelprize.org/2/nobelPrize/med/1910,https://www.nobelprize.org/nomination/archive/list.php?prize=3&year=1910,parse_count_mismatch,159,nomination_parse_count_mismatch
1910,literature,True,580,Paul Heyse,1,received,"as a tribute to the consummate artistry, permeated with idealism, which he has demonstrated during his long productive career as a lyric poet, dramatist, novelist and writer of world-renowned short stories",,1910-11-10,140703,9016400,https://www.nobelprize.org/prizes/literature/1910/summary/,https://api.nobelprize.org/2/nobelPrize/lit/1910,https://www.nobelprize.org/nomination/archive/list.php?prize=4&year=1910,ingested,27,
1910,chemistry,True,169,Otto Wallach,1,received,in recognition of his services to organic chemistry and the chemical industry by his pioneer work in the field of alicyclic compounds,,1910-11-12,140703,9016400,https://www.nobelprize.org/prizes/chemistry/1910/summary/,https://api.nobelprize.org/2/nobelPrize/che/1910,https://www.nobelprize.org/nomination/archive/list.php?prize=2&year=1910,ingested,22,
1909,physics,True,13 | 14,Guglielmo Marconi | Ferdinand Braun,1/2 | 1/2,received | received,in recognition of their contributions to the development of wireless telegraphy | in recognition of their contributions to the development of wireless telegraphy,,1909-11-09,139800,8958535,https://www.nobelprize.org/prizes/physics/1909/summary/,https://api.nobelprize.org/2/nobelPrize/phy/1909,https://www.nobelprize.org/nomination/archive/list.php?prize=1&year=1909,ingested,49,
1909,peace,True,475 | 476,Auguste Beernaert | Paul Henri d'Estournelles de Constant,1/2 | 1/2,received | received,for their prominent position in the international movement for peace and arbitration | for their prominent position in the international movement for peace and arbitration,,1909-12-10,139800,8958535,https://www.nobelprize.org/prizes/peace/1909/summary/,https://api.nobelprize.org/2/nobelPrize/pea/1909,https://www.nobelprize.org/nomination/archive/list.php?prize=5&year=1909,ingested,46,nomination_list_spelling_differs
1909,medicine,True,303,Theodor Kocher,1,received,"for his work on the physiology, pathology and surgery of the thyroid gland",,1909-10-28,139800,8958535,https://www.nobelprize.org/prizes/medicine/1909/summary/,https://api.nobelprize.org/2/nobelPrize/med/1909,https://www.nobelprize.org/nomination/archive/list.php?prize=3&year=1909,parse_count_mismatch,125,laureate_name_not_on_nomination_list | nomination_parse_count_mismatch
1909,literature,True,579,Selma Lagerlöf,1,received,"in appreciation of the lofty idealism, vivid imagination and spiritual perception that characterize her writings",,1909-11-11,139800,8958535,https://www.nobelprize.org/prizes/literature/1909/summary/,https://api.nobelprize.org/2/nobelPrize/lit/1909,https://www.nobelprize.org/nomination/archive/list.php?prize=4&year=1909,ingested,38,
1909,chemistry,True,168,Wilhelm Ostwald,1,received,in recognition of his work on catalysis and for his investigations into the fundamental principles governing chemical equilibria and rates of reaction,,1909-11-09,139800,8958535,https://www.nobelprize.org/prizes/chemistry/1909/summary/,https://api.nobelprize.org/2/nobelPrize/che/1909,https://www.nobelprize.org/nomination/archive/list.php?prize=2&year=1909,ingested,27,
1908,physics,True,12,Gabriel Lippmann,1,received,for his method of reproducing colours photographically based on the phenomenon of interference,,1908-11-10,139800,8958535,https://www.nobelprize.org/prizes/physics/1908/summary/,https://api.nobelprize.org/2/nobelPrize/phy/1908,https://www.nobelprize.org/nomination/archive/list.php?prize=1&year=1908,ingested,24,
1908,peace,True,473 | 474,Klas Pontus Arnoldson | Fredrik Bajer,1/2 | 1/2,received | received,"for their long time work for the cause of peace as politicians, peace society leaders, orators and authors | for their long time work for the cause of peace as politicians, peace society leaders, orators and authors",,1908-12-10,139800,8958535,https://www.nobelprize.org/prizes/peace/1908/summary/,https://api.nobelprize.org/2/nobelPrize/pea/1908,https://www.nobelprize.org/nomination/archive/list.php?prize=5&year=1908,ingested,71,
1908,medicine,True,301 | 302,Ilya Mechnikov | Paul Ehrlich,1/2 | 1/2,received | received,in recognition of their work on immunity | in recognition of their work on immunity,,1908-10-29,139800,8958535,https://www.nobelprize.org/prizes/medicine/1908/summary/,https://api.nobelprize.org/2/nobelPrize/med/1908,https://www.nobelprize.org/nomination/archive/list.php?prize=3&year=1908,parse_count_mismatch,121,laureate_name_not_on_nomination_list | nomination_parse_count_mismatch
1908,literature,True,578,Rudolf Eucken,1,received,"in recognition of his earnest search for truth, his penetrating power of thought, his wide range of vision, and the warmth and strength in presentation with which in his numerous works he has vindicated and developed an idealistic philosophy of life",,1908-11-12,139800,8958535,https://www.nobelprize.org/prizes/literature/1908/summary/,https://api.nobelprize.org/2/nobelPrize/lit/1908,https://www.nobelprize.org/nomination/archive/list.php?prize=4&year=1908,ingested,23,
1908,chemistry,True,167,Ernest Rutherford,1,received,"for his investigations into the disintegration of the elements, and the chemistry of radioactive substances",,1908-11-10,139800,8958535,https://www.nobelprize.org/prizes/chemistry/1908/summary/,https://api.nobelprize.org/2/nobelPrize/che/1908,https://www.nobelprize.org/nomination/archive/list.php?prize=2&year=1908,ingested,34,nomination_list_spelling_differs
1907,physics,True,11,Albert A. Michelson,1,received,for his optical precision instruments and the spectroscopic and metrological investigations carried out with their aid,,1907-11-12,138796,8894198,https://www.nobelprize.org/prizes/physics/1907/summary/,https://api.nobelprize.org/2/nobelPrize/phy/1907,https://www.nobelprize.org/nomination/archive/list.php?prize=1&year=1907,ingested,30,nomination_list_spelling_differs
1907,peace,True,471 | 472,Ernesto Teodoro Moneta | Louis Renault,1/2 | 1/2,received | received,"for his work in the press and in peace meetings, both public and private, for an understanding between France and Italy | for his decisive influence upon the conduct and outcome of the Hague and Geneva Conferences",,1907-12-10,138796,8894198,https://www.nobelprize.org/prizes/peace/1907/summary/,https://api.nobelprize.org/2/nobelPrize/pea/1907,https://www.nobelprize.org/nomination/archive/list.php?prize=5&year=1907,ingested,83,
1907,medicine,True,300,Alphonse Laveran,1,received,in recognition of his work on the role played by protozoa in causing diseases,,1907-10-31,138796,8894198,https://www.nobelprize.org/prizes/medicine/1907/summary/,https://api.nobelprize.org/2/nobelPrize/med/1907,https://www.nobelprize.org/nomination/archive/list.php?prize=3&year=1907,parse_count_mismatch,94,nomination_parse_count_mismatch
1907,literature,True,577,Rudyard Kipling,1,received,"in consideration of the power of observation, originality of imagination, virility of ideas and remarkable talent for narration which characterize the creations of this world-famous author",,1907-11-07,138796,8894198,https://www.nobelprize.org/prizes/literature/1907/summary/,https://api.nobelprize.org/2/nobelPrize/lit/1907,https://www.nobelprize.org/nomination/archive/list.php?prize=4&year=1907,ingested,37,
1907,chemistry,True,166,Eduard Buchner,1,received,for his biochemical researches and his discovery of cell-free fermentation,,1907-11-12,138796,8894198,https://www.nobelprize.org/prizes/chemistry/1907/summary/,https://api.nobelprize.org/2/nobelPrize/che/1907,https://www.nobelprize.org/nomination/archive/list.php?prize=2&year=1907,ingested,30,
1906,physics,True,10,J.J. Thomson,1,received,in recognition of the great merits of his theoretical and experimental investigations on the conduction of electricity by gases,,1906-11-12,138536,9384824,https://www.nobelprize.org/prizes/physics/1906/summary/,https://api.nobelprize.org/2/nobelPrize/phy/1906,https://www.nobelprize.org/nomination/archive/list.php?prize=1&year=1906,ingested,18,nomination_list_spelling_differs
1906,peace,True,470,Theodore Roosevelt,1,received,"for his role in bringing to an end the bloody war recently waged between two of the world's great powers, Japan and Russia",,1906-12-10,138536,9384824,https://www.nobelprize.org/prizes/peace/1906/summary/,https://api.nobelprize.org/2/nobelPrize/pea/1906,https://www.nobelprize.org/nomination/archive/list.php?prize=5&year=1906,ingested,87,
1906,medicine,True,298 | 299,Camillo Golgi | Santiago Ramón y Cajal,1/2 | 1/2,received | received,in recognition of their work on the structure of the nervous system | in recognition of their work on the structure of the nervous system,,1906-10-25,138536,9384824,https://www.nobelprize.org/prizes/medicine/1906/summary/,https://api.nobelprize.org/2/nobelPrize/med/1906,https://www.nobelprize.org/nomination/archive/list.php?prize=3&year=1906,parse_count_mismatch,98,nomination_list_spelling_differs | nomination_parse_count_mismatch
1906,literature,True,576,Giosuè Carducci,1,received,"not only in consideration of his deep learning and critical research, but above all as a tribute to the creative energy, freshness of style, and lyrical force which characterize his poetic masterpieces",,1906-11-08,138536,9384824,https://www.nobelprize.org/prizes/literature/1906/summary/,https://api.nobelprize.org/2/nobelPrize/lit/1906,https://www.nobelprize.org/nomination/archive/list.php?prize=4&year=1906,ingested,50,
1906,chemistry,True,165,Henri Moissan,1,received,"in recognition of the great services rendered by him in his investigation and isolation of the element fluorine, and for the adoption in the service of science of the electric furnace called after him",,1906-11-12,138536,9384824,https://www.nobelprize.org/prizes/chemistry/1906/summary/,https://api.nobelprize.org/2/nobelPrize/che/1906,https://www.nobelprize.org/nomination/archive/list.php?prize=2&year=1906,ingested,19,
1905,physics,True,9,Philipp Lenard,1,received,for his work on cathode rays,,1905-11-09,138089,9629677,https://www.nobelprize.org/prizes/physics/1905/summary/,https://api.nobelprize.org/2/nobelPrize/phy/1905,https://www.nobelprize.org/nomination/archive/list.php?prize=1&year=1905,ingested,27,nomination_list_spelling_differs
1905,peace,True,468,Bertha von Suttner,1,received,for her audacity to oppose the horrors of war,,1905-12-10,138089,9629677,https://www.nobelprize.org/prizes/peace/1905/summary/,https://api.nobelprize.org/2/nobelPrize/pea/1905,https://www.nobelprize.org/nomination/archive/list.php?prize=5&year=1905,ingested,82,nomination_list_spelling_differs
1905,medicine,True,297,Robert Koch,1,received,for his investigations and discoveries in relation to tuberculosis,,1905-10-12,138089,9629677,https://www.nobelprize.org/prizes/medicine/1905/summary/,https://api.nobelprize.org/2/nobelPrize/med/1905,https://www.nobelprize.org/nomination/archive/list.php?prize=3&year=1905,parse_count_mismatch,142,nomination_parse_count_mismatch
1905,literature,True,575,Henryk Sienkiewicz,1,received,because of his outstanding merits as an epic writer,,1905-11-09,138089,9629677,https://www.nobelprize.org/prizes/literature/1905/summary/,https://api.nobelprize.org/2/nobelPrize/lit/1905,https://www.nobelprize.org/nomination/archive/list.php?prize=4&year=1905,ingested,28,
1905,chemistry,True,164,Adolf von Baeyer,1,received,"in recognition of his services in the advancement of organic chemistry and the chemical industry, through his work on organic dyes and hydroaromatic compounds",,1905-11-09,138089,9629677,https://www.nobelprize.org/prizes/chemistry/1905/summary/,https://api.nobelprize.org/2/nobelPrize/che/1905,https://www.nobelprize.org/nomination/archive/list.php?prize=2&year=1905,ingested,38,
1904,physics,True,8,Lord Rayleigh,1,received,for his investigations of the densities of the most important gases and for his discovery of argon in connection with these studies,,1904-11-08,140859,9822844,https://www.nobelprize.org/prizes/physics/1904/summary/,https://api.nobelprize.org/2/nobelPrize/phy/1904,https://www.nobelprize.org/nomination/archive/list.php?prize=1&year=1904,ingested,24,nomination_list_spelling_differs
1904,peace,True,467,Institute of International Law,1,received,for its striving in public law to develop peaceful ties between nations and to make the laws of war more humane,,1904-12-10,140859,9822844,https://www.nobelprize.org/prizes/peace/1904/summary/,https://api.nobelprize.org/2/nobelPrize/pea/1904,https://www.nobelprize.org/nomination/archive/list.php?prize=5&year=1904,ingested,69,nomination_list_spelling_differs
1904,medicine,True,296,Ivan Pavlov,1,received,"in recognition of his work on the physiology of digestion, through which knowledge on vital aspects of the subject has been transformed and enlarged",,1904-10-20,140859,9822844,https://www.nobelprize.org/prizes/medicine/1904/summary/,https://api.nobelprize.org/2/nobelPrize/med/1904,https://www.nobelprize.org/nomination/archive/list.php?prize=3&year=1904,parse_count_mismatch,117,nomination_parse_count_mismatch
1904,literature,True,573 | 574,Frédéric Mistral | José Echegaray,1/2 | 1/2,received | received,"in recognition of the fresh originality and true inspiration of his poetic production, which faithfully reflects the natural scenery and native spirit of his people, and, in addition, his significant work as a Proven&ccedil;al philologist | in recognition of the numerous and brilliant compositions which, in an individual and original manner, have revived the great traditions of the Spanish drama",,1904-11-17,140859,9822844,https://www.nobelprize.org/prizes/literature/1904/summary/,https://api.nobelprize.org/2/nobelPrize/lit/1904,https://www.nobelprize.org/nomination/archive/list.php?prize=4&year=1904,ingested,27,laureate_only_possible_nominee_name_match | nomination_list_near_spelling
1904,chemistry,True,163,Sir William Ramsay,1,received,"in recognition of his services in the discovery of the inert gaseous elements in air, and his determination of their place in the periodic system",,1904-11-08,140859,9822844,https://www.nobelprize.org/prizes/chemistry/1904/summary/,https://api.nobelprize.org/2/nobelPrize/che/1904,https://www.nobelprize.org/nomination/archive/list.php?prize=2&year=1904,ingested,32,laureate_only_possible_nominee_name_match
1903,physics,True,4 | 5 | 6,Henri Becquerel | Pierre Curie | Marie Curie,1/2 | 1/4 | 1/4,received | received | received,in recognition of the extraordinary services he has rendered by his discovery of spontaneous radioactivity | in recognition of the extraordinary services they have rendered by their joint researches on the radiation phenomena discovered by Professor Henri Becquerel | in recognition of the extraordinary services they have rendered by their joint researches on the radiation phenomena discovered by Professor Henri Becquerel,,1903-11-12,141358,9857642,https://www.nobelprize.org/prizes/physics/1903/summary/,https://api.nobelprize.org/2/nobelPrize/phy/1903,https://www.nobelprize.org/nomination/archive/list.php?prize=1&year=1903,ingested,35,affiliation_not_published
1903,peace,True,466,Randal Cremer,1,received,for his longstanding and devoted effort in favour of the ideas of peace and arbitration,,1903-12-10,141358,9857642,https://www.nobelprize.org/prizes/peace/1903/summary/,https://api.nobelprize.org/2/nobelPrize/pea/1903,https://www.nobelprize.org/nomination/archive/list.php?prize=5&year=1903,ingested,65,nomination_list_spelling_differs
1903,medicine,True,295,Niels Ryberg Finsen,1,received,"in recognition of his contribution to the treatment of diseases, especially lupus vulgaris, with concentrated light radiation, whereby he has opened a new avenue for medical science",,1903-10-15,141358,9857642,https://www.nobelprize.org/prizes/medicine/1903/summary/,https://api.nobelprize.org/2/nobelPrize/med/1903,https://www.nobelprize.org/nomination/archive/list.php?prize=3&year=1903,parse_count_mismatch,81,laureate_only_possible_nominee_name_match | nomination_parse_count_mismatch
1903,literature,True,572,Bjørnstjerne Bjørnson,1,received,"as a tribute to his noble, magnificent and versatile poetry, which has always been distinguished by both the freshness of its inspiration and the rare purity of its spirit",,1903-11-19,141358,9857642,https://www.nobelprize.org/prizes/literature/1903/summary/,https://api.nobelprize.org/2/nobelPrize/lit/1903,https://www.nobelprize.org/nomination/archive/list.php?prize=4&year=1903,ingested,41,nomination_list_spelling_differs
1903,chemistry,True,162,Svante Arrhenius,1,received,in recognition of the extraordinary services he has rendered to the advancement of chemistry by his electrolytic theory of dissociation,,1903-11-12,141358,9857642,https://www.nobelprize.org/prizes/chemistry/1903/summary/,https://api.nobelprize.org/2/nobelPrize/che/1903,https://www.nobelprize.org/nomination/archive/list.php?prize=2&year=1903,ingested,23,
1902,physics,True,2 | 3,Hendrik A. Lorentz | Pieter Zeeman,1/2 | 1/2,received | received,in recognition of the extraordinary service they rendered by their researches into the influence of magnetism upon radiation phenomena | in recognition of the extraordinary service they rendered by their researches into the influence of magnetism upon radiation phenomena,,1902-11-11,141847,10191492,https://www.nobelprize.org/prizes/physics/1902/summary/,https://api.nobelprize.org/2/nobelPrize/phy/1902,https://www.nobelprize.org/nomination/archive/list.php?prize=1&year=1902,ingested,29,nomination_list_spelling_differs
1902,peace,True,464 | 465,Élie Ducommun | Albert Gobat,1/2 | 1/2,received | received,for his untiring and skilful directorship of the Bern Peace Bureau | for his eminently practical administration of the Inter-Parliamentary Union,,1902-12-10,141847,10191492,https://www.nobelprize.org/prizes/peace/1902/summary/,https://api.nobelprize.org/2/nobelPrize/pea/1902,https://www.nobelprize.org/nomination/archive/list.php?prize=5&year=1902,ingested,105,nomination_list_spelling_differs
1902,medicine,True,294,Ronald Ross,1,received,"for his work on malaria, by which he has shown how it enters the organism and thereby has laid the foundation for successful research on this disease and methods of combating it",,1902-10-30,141847,10191492,https://www.nobelprize.org/prizes/medicine/1902/summary/,https://api.nobelprize.org/2/nobelPrize/med/1902,https://www.nobelprize.org/nomination/archive/list.php?prize=3&year=1902,parse_count_mismatch,90,nomination_parse_count_mismatch
1902,literature,True,571,Theodor Mommsen,1,received,"the greatest living master of the art of historical writing, with special reference to his monumental work, <I>A history of Rome</I>",,1902-11-13,141847,10191492,https://www.nobelprize.org/prizes/literature/1902/summary/,https://api.nobelprize.org/2/nobelPrize/lit/1902,https://www.nobelprize.org/nomination/archive/list.php?prize=4&year=1902,ingested,44,
1902,chemistry,True,161,Emil Fischer,1,received,in recognition of the extraordinary services he has rendered by his work on sugar and purine syntheses,,1902-11-11,141847,10191492,https://www.nobelprize.org/prizes/chemistry/1902/summary/,https://api.nobelprize.org/2/nobelPrize/che/1902,https://www.nobelprize.org/nomination/archive/list.php?prize=2&year=1902,ingested,24,
1901,physics,True,1,Wilhelm Conrad Röntgen,1,received,in recognition of the extraordinary services he has rendered by the discovery of the remarkable rays subsequently named after him,,1901-11-12,150782,10833458,https://www.nobelprize.org/prizes/physics/1901/summary/,https://api.nobelprize.org/2/nobelPrize/phy/1901,https://www.nobelprize.org/nomination/archive/list.php?prize=1&year=1901,ingested,30,laureate_only_possible_nominee_name_match | physics_1901_grenville_clark_id_discontinuity
1901,peace,True,462 | 463,Henry Dunant | Frédéric Passy,1/2 | 1/2,received | received,"for his humanitarian efforts to help wounded soldiers and create international understanding | for his lifelong work for international peace conferences, diplomacy and arbitration",,1901-12-10,150782,10833458,https://www.nobelprize.org/prizes/peace/1901/summary/,https://api.nobelprize.org/2/nobelPrize/pea/1901,https://www.nobelprize.org/nomination/archive/list.php?prize=5&year=1901,ingested,137,nomination_list_spelling_differs
1901,medicine,True,293,Emil von Behring,1,received,"for his work on serum therapy, especially its application against diphtheria, by which he has opened a new road in the domain of medical science and thereby placed in the hands of the physician a victorious weapon against illness and deaths",,1901-10-30,150782,10833458,https://www.nobelprize.org/prizes/medicine/1901/summary/,https://api.nobelprize.org/2/nobelPrize/med/1901,https://www.nobelprize.org/nomination/archive/list.php?prize=3&year=1901,parse_count_mismatch,128,nomination_parse_count_mismatch
1901,literature,True,569,Sully Prudhomme,1,received,"in special recognition of his poetic composition, which gives evidence of lofty idealism, artistic perfection and a rare combination of the qualities of both heart and intellect",,1901-11-14,150782,10833458,https://www.nobelprize.org/prizes/literature/1901/summary/,https://api.nobelprize.org/2/nobelPrize/lit/1901,https://www.nobelprize.org/nomination/archive/list.php?prize=4&year=1901,ingested,37,nomination_list_spelling_differs
1901,chemistry,True,160,Jacobus H. van 't Hoff,1,received,in recognition of the extraordinary services he has rendered by the discovery of the laws of chemical dynamics and osmotic pressure in solutions,,1901-11-12,150782,10833458,https://www.nobelprize.org/prizes/chemistry/1901/summary/,https://api.nobelprize.org/2/nobelPrize/che/1901,https://www.nobelprize.org/nomination/archive/list.php?prize=2&year=1901,ingested,20,nomination_list_spelling_differs
